Date,Store_ID,Store_Name,City,State,Department,Weekly_Sales,Promotion_Discount,Is_Holiday,Holiday_Name,Temperature_C,Fuel_Price_INR,CPI,Unemployment_Rate,Store_Size_SqFt
2024-01-05,Store_01,Mumbai - Bandra Kurla Complex (BKC),Mumbai,Maharashtra,Grocery,526023.26,0.1,0,Regular_Week,28.1,97.92,182.0,7.28,165000
2024-01-05,Store_01,Mumbai - Bandra Kurla Complex (BKC),Mumbai,Maharashtra,Electronics,700348.56,0.0,0,Regular_Week,28.0,97.92,182.0,7.28,165000
2024-01-05,Store_01,Mumbai - Bandra Kurla Complex (BKC),Mumbai,Maharashtra,Apparel,361649.77,0.0,0,Regular_Week,27.3,97.92,182.0,7.28,165000
2024-01-05,Store_01,Mumbai - Bandra Kurla Complex (BKC),Mumbai,Maharashtra,Home_Garden,299440.43,0.0,0,Regular_Week,29.2,97.92,182.0,7.28,165000
2024-01-05,Store_01,Mumbai - Bandra Kurla Complex (BKC),Mumbai,Maharashtra,Pharmacy,231589.27,0.15,0,Regular_Week,29.3,97.92,182.0,7.28,165000
2024-01-05,Store_02,Bengaluru - Indiranagar Tech Hub,Bengaluru,Karnataka,Grocery,425863.11,0.0,0,Regular_Week,22.5,97.92,182.0,7.28,140000
2024-01-05,Store_02,Bengaluru - Indiranagar Tech Hub,Bengaluru,Karnataka,Electronics,689807.4,0.0,0,Regular_Week,23.5,97.92,182.0,7.28,140000
2024-01-05,Store_02,Bengaluru - Indiranagar Tech Hub,Bengaluru,Karnataka,Apparel,367195.0,0.0,0,Regular_Week,22.0,97.92,182.0,7.28,140000
2024-01-05,Store_02,Bengaluru - Indiranagar Tech Hub,Bengaluru,Karnataka,Home_Garden,253705.44,0.0,0,Regular_Week,24.7,97.92,182.0,7.28,140000
2024-01-05,Store_02,Bengaluru - Indiranagar Tech Hub,Bengaluru,Karnataka,Pharmacy,226846.07,0.15,0,Regular_Week,23.5,97.92,182.0,7.28,140000
2024-01-05,Store_03,New Delhi - Connaught Place Flagship,New Delhi,Delhi NCR,Grocery,566322.65,0.15,0,Regular_Week,14.0,97.92,182.0,7.28,150000
2024-01-05,Store_03,New Delhi - Connaught Place Flagship,New Delhi,Delhi NCR,Electronics,725717.2,0.0,0,Regular_Week,14.0,97.92,182.0,7.28,150000
2024-01-05,Store_03,New Delhi - Connaught Place Flagship,New Delhi,Delhi NCR,Apparel,374482.03,0.0,0,Regular_Week,14.7,97.92,182.0,7.28,150000
2024-01-05,Store_03,New Delhi - Connaught Place Flagship,New Delhi,Delhi NCR,Home_Garden,274147.1,0.0,0,Regular_Week,13.2,97.92,182.0,7.28,150000
2024-01-05,Store_03,New Delhi - Connaught Place Flagship,New Delhi,Delhi NCR,Pharmacy,193079.19,0.0,0,Regular_Week,13.6,97.92,182.0,7.28,150000
2024-01-05,Store_04,Chennai - T. Nagar Shopping Plaza,Chennai,Tamil Nadu,Grocery,409931.32,0.0,0,Regular_Week,32.8,97.92,182.0,7.28,125000
2024-01-05,Store_04,Chennai - T. Nagar Shopping Plaza,Chennai,Tamil Nadu,Electronics,580960.35,0.0,0,Regular_Week,33.7,97.92,182.0,7.28,125000
2024-01-05,Store_04,Chennai - T. Nagar Shopping Plaza,Chennai,Tamil Nadu,Apparel,360384.5,0.1,0,Regular_Week,31.2,97.92,182.0,7.28,125000
2024-01-05,Store_04,Chennai - T. Nagar Shopping Plaza,Chennai,Tamil Nadu,Home_Garden,225840.69,0.0,0,Regular_Week,33.2,97.92,182.0,7.28,125000
2024-01-05,Store_04,Chennai - T. Nagar Shopping Plaza,Chennai,Tamil Nadu,Pharmacy,159224.71,0.0,0,Regular_Week,31.9,97.92,182.0,7.28,125000
2024-01-05,Store_05,Hyderabad - Hitec City Cyber Towers,Hyderabad,Telangana,Grocery,399570.15,0.0,0,Regular_Week,26.8,97.92,182.0,7.28,130000
2024-01-05,Store_05,Hyderabad - Hitec City Cyber Towers,Hyderabad,Telangana,Electronics,751981.35,0.15,0,Regular_Week,27.0,97.92,182.0,7.28,130000
2024-01-05,Store_05,Hyderabad - Hitec City Cyber Towers,Hyderabad,Telangana,Apparel,324272.13,0.0,0,Regular_Week,27.1,97.92,182.0,7.28,130000
2024-01-05,Store_05,Hyderabad - Hitec City Cyber Towers,Hyderabad,Telangana,Home_Garden,254635.35,0.0,0,Regular_Week,28.7,97.92,182.0,7.28,130000
2024-01-05,Store_05,Hyderabad - Hitec City Cyber Towers,Hyderabad,Telangana,Pharmacy,198252.01,0.1,0,Regular_Week,27.2,97.92,182.0,7.28,130000
2024-01-05,Store_06,Kolkata - Park Street Cultural Mall,Kolkata,West Bengal,Grocery,395139.18,0.0,0,Regular_Week,23.8,97.92,182.0,7.28,110000
2024-01-05,Store_06,Kolkata - Park Street Cultural Mall,Kolkata,West Bengal,Electronics,568659.79,0.0,0,Regular_Week,24.2,97.92,182.0,7.28,110000
2024-01-05,Store_06,Kolkata - Park Street Cultural Mall,Kolkata,West Bengal,Apparel,313931.8,0.0,0,Regular_Week,23.5,97.92,182.0,7.28,110000
2024-01-05,Store_06,Kolkata - Park Street Cultural Mall,Kolkata,West Bengal,Home_Garden,202069.99,0.0,0,Regular_Week,24.2,97.92,182.0,7.28,110000
2024-01-05,Store_06,Kolkata - Park Street Cultural Mall,Kolkata,West Bengal,Pharmacy,153058.42,0.0,0,Regular_Week,24.0,97.92,182.0,7.28,110000
2024-01-05,Store_07,Pune - Kothrud Commercial Hub,Pune,Maharashtra,Grocery,421353.71,0.1,0,Regular_Week,26.6,97.92,182.0,7.28,95000
2024-01-05,Store_07,Pune - Kothrud Commercial Hub,Pune,Maharashtra,Electronics,563731.31,0.05,0,Regular_Week,26.4,97.92,182.0,7.28,95000
2024-01-05,Store_07,Pune - Kothrud Commercial Hub,Pune,Maharashtra,Apparel,293493.03,0.05,0,Regular_Week,27.7,97.92,182.0,7.28,95000
2024-01-05,Store_07,Pune - Kothrud Commercial Hub,Pune,Maharashtra,Home_Garden,247563.16,0.15,0,Regular_Week,25.6,97.92,182.0,7.28,95000
2024-01-05,Store_07,Pune - Kothrud Commercial Hub,Pune,Maharashtra,Pharmacy,154224.14,0.0,0,Regular_Week,27.9,97.92,182.0,7.28,95000
2024-01-05,Store_08,Ahmedabad - SG Highway Hypermarket,Ahmedabad,Gujarat,Grocery,416081.6,0.1,0,Regular_Week,30.4,97.92,182.0,7.28,120000
2024-01-05,Store_08,Ahmedabad - SG Highway Hypermarket,Ahmedabad,Gujarat,Electronics,554588.84,0.0,0,Regular_Week,29.2,97.92,182.0,7.28,120000
2024-01-05,Store_08,Ahmedabad - SG Highway Hypermarket,Ahmedabad,Gujarat,Apparel,355129.53,0.0,0,Regular_Week,27.7,97.92,182.0,7.28,120000
2024-01-05,Store_08,Ahmedabad - SG Highway Hypermarket,Ahmedabad,Gujarat,Home_Garden,217479.91,0.0,0,Regular_Week,28.6,97.92,182.0,7.28,120000
2024-01-05,Store_08,Ahmedabad - SG Highway Hypermarket,Ahmedabad,Gujarat,Pharmacy,205294.33,0.15,0,Regular_Week,29.8,97.92,182.0,7.28,120000
2024-01-05,Store_09,Jaipur - MI Road Heritage Store,Jaipur,Rajasthan,Grocery,362398.69,0.05,0,Regular_Week,14.1,97.92,182.0,7.28,85000
2024-01-05,Store_09,Jaipur - MI Road Heritage Store,Jaipur,Rajasthan,Electronics,589957.61,0.1,0,Regular_Week,13.5,97.92,182.0,7.28,85000
2024-01-05,Store_09,Jaipur - MI Road Heritage Store,Jaipur,Rajasthan,Apparel,329531.87,0.15,0,Regular_Week,13.7,97.92,182.0,7.28,85000
2024-01-05,Store_09,Jaipur - MI Road Heritage Store,Jaipur,Rajasthan,Home_Garden,224690.73,0.1,0,Regular_Week,13.5,97.92,182.0,7.28,85000
2024-01-05,Store_09,Jaipur - MI Road Heritage Store,Jaipur,Rajasthan,Pharmacy,136976.1,0.0,0,Regular_Week,13.2,97.92,182.0,7.28,85000
2024-01-05,Store_10,Kochi - Marine Drive Coastal Mall,Kochi,Kerala,Grocery,403867.28,0.15,0,Regular_Week,32.8,97.92,182.0,7.28,90000
2024-01-05,Store_10,Kochi - Marine Drive Coastal Mall,Kochi,Kerala,Electronics,519967.75,0.0,0,Regular_Week,33.3,97.92,182.0,7.28,90000
2024-01-05,Store_10,Kochi - Marine Drive Coastal Mall,Kochi,Kerala,Apparel,346053.78,0.15,0,Regular_Week,32.3,97.92,182.0,7.28,90000
2024-01-05,Store_10,Kochi - Marine Drive Coastal Mall,Kochi,Kerala,Home_Garden,194384.32,0.0,0,Regular_Week,34.7,97.92,182.0,7.28,90000
2024-01-05,Store_10,Kochi - Marine Drive Coastal Mall,Kochi,Kerala,Pharmacy,180455.16,0.15,0,Regular_Week,31.8,97.92,182.0,7.28,90000
2024-01-12,Store_01,Mumbai - Bandra Kurla Complex (BKC),Mumbai,Maharashtra,Grocery,466609.16,0.05,0,Regular_Week,33.6,98.1,182.3,7.56,165000
2024-01-12,Store_01,Mumbai - Bandra Kurla Complex (BKC),Mumbai,Maharashtra,Electronics,677593.69,0.0,0,Regular_Week,34.7,98.1,182.3,7.56,165000
2024-01-12,Store_01,Mumbai - Bandra Kurla Complex (BKC),Mumbai,Maharashtra,Apparel,428984.78,0.05,0,Regular_Week,34.4,98.1,182.3,7.56,165000
2024-01-12,Store_01,Mumbai - Bandra Kurla Complex (BKC),Mumbai,Maharashtra,Home_Garden,263221.44,0.0,0,Regular_Week,34.5,98.1,182.3,7.56,165000
2024-01-12,Store_01,Mumbai - Bandra Kurla Complex (BKC),Mumbai,Maharashtra,Pharmacy,210576.26,0.0,0,Regular_Week,34.4,98.1,182.3,7.56,165000
2024-01-12,Store_02,Bengaluru - Indiranagar Tech Hub,Bengaluru,Karnataka,Grocery,517115.13,0.15,0,Regular_Week,25.5,98.1,182.3,7.56,140000
2024-01-12,Store_02,Bengaluru - Indiranagar Tech Hub,Bengaluru,Karnataka,Electronics,788487.45,0.15,0,Regular_Week,25.6,98.1,182.3,7.56,140000
2024-01-12,Store_02,Bengaluru - Indiranagar Tech Hub,Bengaluru,Karnataka,Apparel,348357.26,0.0,0,Regular_Week,24.6,98.1,182.3,7.56,140000
2024-01-12,Store_02,Bengaluru - Indiranagar Tech Hub,Bengaluru,Karnataka,Home_Garden,259851.6,0.0,0,Regular_Week,23.6,98.1,182.3,7.56,140000
2024-01-12,Store_02,Bengaluru - Indiranagar Tech Hub,Bengaluru,Karnataka,Pharmacy,217491.81,0.15,0,Regular_Week,25.6,98.1,182.3,7.56,140000
2024-01-12,Store_03,New Delhi - Connaught Place Flagship,New Delhi,Delhi NCR,Grocery,479221.51,0.0,0,Regular_Week,15.0,98.1,182.3,7.56,150000
2024-01-12,Store_03,New Delhi - Connaught Place Flagship,New Delhi,Delhi NCR,Electronics,807876.47,0.15,0,Regular_Week,14.0,98.1,182.3,7.56,150000
2024-01-12,Store_03,New Delhi - Connaught Place Flagship,New Delhi,Delhi NCR,Apparel,373491.83,0.0,0,Regular_Week,12.9,98.1,182.3,7.56,150000
2024-01-12,Store_03,New Delhi - Connaught Place Flagship,New Delhi,Delhi NCR,Home_Garden,309014.14,0.15,0,Regular_Week,13.6,98.1,182.3,7.56,150000
2024-01-12,Store_03,New Delhi - Connaught Place Flagship,New Delhi,Delhi NCR,Pharmacy,208294.4,0.0,0,Regular_Week,12.6,98.1,182.3,7.56,150000
2024-01-12,Store_04,Chennai - T. Nagar Shopping Plaza,Chennai,Tamil Nadu,Grocery,383062.58,0.0,0,Regular_Week,30.9,98.1,182.3,7.56,125000
2024-01-12,Store_04,Chennai - T. Nagar Shopping Plaza,Chennai,Tamil Nadu,Electronics,540024.99,0.0,0,Regular_Week,31.0,98.1,182.3,7.56,125000
2024-01-12,Store_04,Chennai - T. Nagar Shopping Plaza,Chennai,Tamil Nadu,Apparel,393583.4,0.15,0,Regular_Week,30.8,98.1,182.3,7.56,125000
2024-01-12,Store_04,Chennai - T. Nagar Shopping Plaza,Chennai,Tamil Nadu,Home_Garden,296409.9,0.15,0,Regular_Week,32.5,98.1,182.3,7.56,125000
2024-01-12,Store_04,Chennai - T. Nagar Shopping Plaza,Chennai,Tamil Nadu,Pharmacy,174905.73,0.0,0,Regular_Week,30.9,98.1,182.3,7.56,125000
2024-01-12,Store_05,Hyderabad - Hitec City Cyber Towers,Hyderabad,Telangana,Grocery,484106.55,0.1,0,Regular_Week,23.2,98.1,182.3,7.56,130000
2024-01-12,Store_05,Hyderabad - Hitec City Cyber Towers,Hyderabad,Telangana,Electronics,604827.01,0.0,0,Regular_Week,21.9,98.1,182.3,7.56,130000
2024-01-12,Store_05,Hyderabad - Hitec City Cyber Towers,Hyderabad,Telangana,Apparel,379254.65,0.1,0,Regular_Week,22.8,98.1,182.3,7.56,130000
2024-01-12,Store_05,Hyderabad - Hitec City Cyber Towers,Hyderabad,Telangana,Home_Garden,234400.32,0.0,0,Regular_Week,23.8,98.1,182.3,7.56,130000
2024-01-12,Store_05,Hyderabad - Hitec City Cyber Towers,Hyderabad,Telangana,Pharmacy,178907.47,0.05,0,Regular_Week,24.0,98.1,182.3,7.56,130000
2024-01-12,Store_06,Kolkata - Park Street Cultural Mall,Kolkata,West Bengal,Grocery,381039.25,0.05,0,Regular_Week,32.2,98.1,182.3,7.56,110000
2024-01-12,Store_06,Kolkata - Park Street Cultural Mall,Kolkata,West Bengal,Electronics,580014.4,0.1,0,Regular_Week,32.5,98.1,182.3,7.56,110000
2024-01-12,Store_06,Kolkata - Park Street Cultural Mall,Kolkata,West Bengal,Apparel,301592.36,0.0,0,Regular_Week,32.3,98.1,182.3,7.56,110000
2024-01-12,Store_06,Kolkata - Park Street Cultural Mall,Kolkata,West Bengal,Home_Garden,213568.22,0.0,0,Regular_Week,31.1,98.1,182.3,7.56,110000
2024-01-12,Store_06,Kolkata - Park Street Cultural Mall,Kolkata,West Bengal,Pharmacy,165345.46,0.0,0,Regular_Week,30.8,98.1,182.3,7.56,110000
2024-01-12,Store_07,Pune - Kothrud Commercial Hub,Pune,Maharashtra,Grocery,369708.15,0.0,0,Regular_Week,22.6,98.1,182.3,7.56,95000
2024-01-12,Store_07,Pune - Kothrud Commercial Hub,Pune,Maharashtra,Electronics,539564.02,0.0,0,Regular_Week,23.2,98.1,182.3,7.56,95000
2024-01-12,Store_07,Pune - Kothrud Commercial Hub,Pune,Maharashtra,Apparel,302001.9,0.0,0,Regular_Week,23.8,98.1,182.3,7.56,95000
2024-01-12,Store_07,Pune - Kothrud Commercial Hub,Pune,Maharashtra,Home_Garden,214550.47,0.0,0,Regular_Week,22.3,98.1,182.3,7.56,95000
2024-01-12,Store_07,Pune - Kothrud Commercial Hub,Pune,Maharashtra,Pharmacy,167549.16,0.1,0,Regular_Week,22.2,98.1,182.3,7.56,95000
2024-01-12,Store_08,Ahmedabad - SG Highway Hypermarket,Ahmedabad,Gujarat,Grocery,393513.18,0.0,0,Regular_Week,30.0,98.1,182.3,7.56,120000
2024-01-12,Store_08,Ahmedabad - SG Highway Hypermarket,Ahmedabad,Gujarat,Electronics,647170.64,0.0,0,Regular_Week,30.3,98.1,182.3,7.56,120000
2024-01-12,Store_08,Ahmedabad - SG Highway Hypermarket,Ahmedabad,Gujarat,Apparel,391380.89,0.15,0,Regular_Week,28.5,98.1,182.3,7.56,120000
2024-01-12,Store_08,Ahmedabad - SG Highway Hypermarket,Ahmedabad,Gujarat,Home_Garden,269749.54,0.15,0,Regular_Week,30.0,98.1,182.3,7.56,120000
2024-01-12,Store_08,Ahmedabad - SG Highway Hypermarket,Ahmedabad,Gujarat,Pharmacy,177284.06,0.0,0,Regular_Week,28.3,98.1,182.3,7.56,120000
2024-01-12,Store_09,Jaipur - MI Road Heritage Store,Jaipur,Rajasthan,Grocery,303718.66,0.0,0,Regular_Week,14.0,98.1,182.3,7.56,85000
2024-01-12,Store_09,Jaipur - MI Road Heritage Store,Jaipur,Rajasthan,Electronics,475266.96,0.0,0,Regular_Week,14.5,98.1,182.3,7.56,85000
2024-01-12,Store_09,Jaipur - MI Road Heritage Store,Jaipur,Rajasthan,Apparel,314142.2,0.15,0,Regular_Week,13.0,98.1,182.3,7.56,85000
2024-01-12,Store_09,Jaipur - MI Road Heritage Store,Jaipur,Rajasthan,Home_Garden,203705.3,0.0,0,Regular_Week,14.7,98.1,182.3,7.56,85000
2024-01-12,Store_09,Jaipur - MI Road Heritage Store,Jaipur,Rajasthan,Pharmacy,139441.8,0.0,0,Regular_Week,14.3,98.1,182.3,7.56,85000
2024-01-12,Store_10,Kochi - Marine Drive Coastal Mall,Kochi,Kerala,Grocery,362974.16,0.0,0,Regular_Week,32.7,98.1,182.3,7.56,90000
2024-01-12,Store_10,Kochi - Marine Drive Coastal Mall,Kochi,Kerala,Electronics,582000.81,0.05,0,Regular_Week,33.0,98.1,182.3,7.56,90000
2024-01-12,Store_10,Kochi - Marine Drive Coastal Mall,Kochi,Kerala,Apparel,286058.33,0.0,0,Regular_Week,32.0,98.1,182.3,7.56,90000
2024-01-12,Store_10,Kochi - Marine Drive Coastal Mall,Kochi,Kerala,Home_Garden,255001.74,0.15,0,Regular_Week,32.1,98.1,182.3,7.56,90000
2024-01-12,Store_10,Kochi - Marine Drive Coastal Mall,Kochi,Kerala,Pharmacy,147716.59,0.0,0,Regular_Week,31.9,98.1,182.3,7.56,90000
2024-01-19,Store_01,Mumbai - Bandra Kurla Complex (BKC),Mumbai,Maharashtra,Grocery,477343.86,0.0,0,Regular_Week,32.3,97.96,182.0,7.01,165000
2024-01-19,Store_01,Mumbai - Bandra Kurla Complex (BKC),Mumbai,Maharashtra,Electronics,708638.84,0.05,0,Regular_Week,31.5,97.96,182.0,7.01,165000
2024-01-19,Store_01,Mumbai - Bandra Kurla Complex (BKC),Mumbai,Maharashtra,Apparel,480334.18,0.15,0,Regular_Week,32.3,97.96,182.0,7.01,165000
2024-01-19,Store_01,Mumbai - Bandra Kurla Complex (BKC),Mumbai,Maharashtra,Home_Garden,341635.72,0.15,0,Regular_Week,31.8,97.96,182.0,7.01,165000
2024-01-19,Store_01,Mumbai - Bandra Kurla Complex (BKC),Mumbai,Maharashtra,Pharmacy,259942.8,0.15,0,Regular_Week,32.4,97.96,182.0,7.01,165000
2024-01-19,Store_02,Bengaluru - Indiranagar Tech Hub,Bengaluru,Karnataka,Grocery,467214.8,0.05,0,Regular_Week,30.4,97.96,182.0,7.01,140000
2024-01-19,Store_02,Bengaluru - Indiranagar Tech Hub,Bengaluru,Karnataka,Electronics,611526.0,0.0,0,Regular_Week,28.6,97.96,182.0,7.01,140000
2024-01-19,Store_02,Bengaluru - Indiranagar Tech Hub,Bengaluru,Karnataka,Apparel,346907.53,0.05,0,Regular_Week,28.3,97.96,182.0,7.01,140000
2024-01-19,Store_02,Bengaluru - Indiranagar Tech Hub,Bengaluru,Karnataka,Home_Garden,256010.81,0.0,0,Regular_Week,28.1,97.96,182.0,7.01,140000
2024-01-19,Store_02,Bengaluru - Indiranagar Tech Hub,Bengaluru,Karnataka,Pharmacy,196635.32,0.0,0,Regular_Week,30.2,97.96,182.0,7.01,140000
2024-01-19,Store_03,New Delhi - Connaught Place Flagship,New Delhi,Delhi NCR,Grocery,457749.54,0.0,0,Regular_Week,12.6,97.96,182.0,7.01,150000
2024-01-19,Store_03,New Delhi - Connaught Place Flagship,New Delhi,Delhi NCR,Electronics,583821.46,0.0,0,Regular_Week,14.7,97.96,182.0,7.01,150000
2024-01-19,Store_03,New Delhi - Connaught Place Flagship,New Delhi,Delhi NCR,Apparel,421710.26,0.1,0,Regular_Week,14.6,97.96,182.0,7.01,150000
2024-01-19,Store_03,New Delhi - Connaught Place Flagship,New Delhi,Delhi NCR,Home_Garden,285869.77,0.05,0,Regular_Week,15.4,97.96,182.0,7.01,150000
2024-01-19,Store_03,New Delhi - Connaught Place Flagship,New Delhi,Delhi NCR,Pharmacy,184655.68,0.0,0,Regular_Week,15.0,97.96,182.0,7.01,150000
2024-01-19,Store_04,Chennai - T. Nagar Shopping Plaza,Chennai,Tamil Nadu,Grocery,363634.06,0.0,0,Regular_Week,33.9,97.96,182.0,7.01,125000
2024-01-19,Store_04,Chennai - T. Nagar Shopping Plaza,Chennai,Tamil Nadu,Electronics,566689.85,0.05,0,Regular_Week,33.8,97.96,182.0,7.01,125000
2024-01-19,Store_04,Chennai - T. Nagar Shopping Plaza,Chennai,Tamil Nadu,Apparel,318070.29,0.0,0,Regular_Week,31.9,97.96,182.0,7.01,125000
2024-01-19,Store_04,Chennai - T. Nagar Shopping Plaza,Chennai,Tamil Nadu,Home_Garden,236465.16,0.0,0,Regular_Week,34.4,97.96,182.0,7.01,125000
2024-01-19,Store_04,Chennai - T. Nagar Shopping Plaza,Chennai,Tamil Nadu,Pharmacy,155883.77,0.0,0,Regular_Week,34.5,97.96,182.0,7.01,125000
2024-01-19,Store_05,Hyderabad - Hitec City Cyber Towers,Hyderabad,Telangana,Grocery,407545.41,0.0,0,Regular_Week,28.9,97.96,182.0,7.01,130000
2024-01-19,Store_05,Hyderabad - Hitec City Cyber Towers,Hyderabad,Telangana,Electronics,628814.13,0.0,0,Regular_Week,28.3,97.96,182.0,7.01,130000
2024-01-19,Store_05,Hyderabad - Hitec City Cyber Towers,Hyderabad,Telangana,Apparel,341376.42,0.0,0,Regular_Week,29.7,97.96,182.0,7.01,130000
2024-01-19,Store_05,Hyderabad - Hitec City Cyber Towers,Hyderabad,Telangana,Home_Garden,241041.84,0.0,0,Regular_Week,27.5,97.96,182.0,7.01,130000
2024-01-19,Store_05,Hyderabad - Hitec City Cyber Towers,Hyderabad,Telangana,Pharmacy,156016.81,0.0,0,Regular_Week,28.9,97.96,182.0,7.01,130000
2024-01-19,Store_06,Kolkata - Park Street Cultural Mall,Kolkata,West Bengal,Grocery,457297.92,0.15,0,Regular_Week,25.6,97.96,182.0,7.01,110000
2024-01-19,Store_06,Kolkata - Park Street Cultural Mall,Kolkata,West Bengal,Electronics,546995.67,0.0,0,Regular_Week,28.1,97.96,182.0,7.01,110000
2024-01-19,Store_06,Kolkata - Park Street Cultural Mall,Kolkata,West Bengal,Apparel,326605.57,0.0,0,Regular_Week,27.0,97.96,182.0,7.01,110000
2024-01-19,Store_06,Kolkata - Park Street Cultural Mall,Kolkata,West Bengal,Home_Garden,229548.56,0.0,0,Regular_Week,27.2,97.96,182.0,7.01,110000
2024-01-19,Store_06,Kolkata - Park Street Cultural Mall,Kolkata,West Bengal,Pharmacy,187922.36,0.15,0,Regular_Week,27.6,97.96,182.0,7.01,110000
2024-01-19,Store_07,Pune - Kothrud Commercial Hub,Pune,Maharashtra,Grocery,362530.78,0.0,0,Regular_Week,30.6,97.96,182.0,7.01,95000
2024-01-19,Store_07,Pune - Kothrud Commercial Hub,Pune,Maharashtra,Electronics,507286.55,0.0,0,Regular_Week,31.1,97.96,182.0,7.01,95000
2024-01-19,Store_07,Pune - Kothrud Commercial Hub,Pune,Maharashtra,Apparel,271214.61,0.0,0,Regular_Week,31.1,97.96,182.0,7.01,95000
2024-01-19,Store_07,Pune - Kothrud Commercial Hub,Pune,Maharashtra,Home_Garden,201216.72,0.0,0,Regular_Week,30.5,97.96,182.0,7.01,95000
2024-01-19,Store_07,Pune - Kothrud Commercial Hub,Pune,Maharashtra,Pharmacy,146626.78,0.0,0,Regular_Week,32.5,97.96,182.0,7.01,95000
2024-01-19,Store_08,Ahmedabad - SG Highway Hypermarket,Ahmedabad,Gujarat,Grocery,352140.69,0.0,0,Regular_Week,28.9,97.96,182.0,7.01,120000
2024-01-19,Store_08,Ahmedabad - SG Highway Hypermarket,Ahmedabad,Gujarat,Electronics,629814.9,0.0,0,Regular_Week,27.9,97.96,182.0,7.01,120000
2024-01-19,Store_08,Ahmedabad - SG Highway Hypermarket,Ahmedabad,Gujarat,Apparel,324613.9,0.0,0,Regular_Week,26.7,97.96,182.0,7.01,120000
2024-01-19,Store_08,Ahmedabad - SG Highway Hypermarket,Ahmedabad,Gujarat,Home_Garden,233757.5,0.0,0,Regular_Week,28.9,97.96,182.0,7.01,120000
2024-01-19,Store_08,Ahmedabad - SG Highway Hypermarket,Ahmedabad,Gujarat,Pharmacy,176059.26,0.1,0,Regular_Week,29.1,97.96,182.0,7.01,120000
2024-01-19,Store_09,Jaipur - MI Road Heritage Store,Jaipur,Rajasthan,Grocery,342560.72,0.0,0,Regular_Week,12.5,97.96,182.0,7.01,85000
2024-01-19,Store_09,Jaipur - MI Road Heritage Store,Jaipur,Rajasthan,Electronics,480860.97,0.0,0,Regular_Week,13.7,97.96,182.0,7.01,85000
2024-01-19,Store_09,Jaipur - MI Road Heritage Store,Jaipur,Rajasthan,Apparel,297934.74,0.05,0,Regular_Week,14.0,97.96,182.0,7.01,85000
2024-01-19,Store_09,Jaipur - MI Road Heritage Store,Jaipur,Rajasthan,Home_Garden,211965.15,0.0,0,Regular_Week,13.4,97.96,182.0,7.01,85000
2024-01-19,Store_09,Jaipur - MI Road Heritage Store,Jaipur,Rajasthan,Pharmacy,156632.75,0.0,0,Regular_Week,13.0,97.96,182.0,7.01,85000
2024-01-19,Store_10,Kochi - Marine Drive Coastal Mall,Kochi,Kerala,Grocery,400893.27,0.15,0,Regular_Week,32.6,97.96,182.0,7.01,90000
2024-01-19,Store_10,Kochi - Marine Drive Coastal Mall,Kochi,Kerala,Electronics,517706.41,0.0,0,Regular_Week,30.3,97.96,182.0,7.01,90000
2024-01-19,Store_10,Kochi - Marine Drive Coastal Mall,Kochi,Kerala,Apparel,275851.29,0.0,0,Regular_Week,30.4,97.96,182.0,7.01,90000
2024-01-19,Store_10,Kochi - Marine Drive Coastal Mall,Kochi,Kerala,Home_Garden,236479.61,0.15,0,Regular_Week,30.1,97.96,182.0,7.01,90000
2024-01-19,Store_10,Kochi - Marine Drive Coastal Mall,Kochi,Kerala,Pharmacy,140439.02,0.0,0,Regular_Week,30.5,97.96,182.0,7.01,90000
2024-01-26,Store_01,Mumbai - Bandra Kurla Complex (BKC),Mumbai,Maharashtra,Grocery,734949.55,0.15,1,Republic_Day_Mega_Sale,32.5,97.05,182.3,7.19,165000
2024-01-26,Store_01,Mumbai - Bandra Kurla Complex (BKC),Mumbai,Maharashtra,Electronics,1319412.73,0.2,1,Republic_Day_Mega_Sale,32.2,97.05,182.3,7.19,165000
2024-01-26,Store_01,Mumbai - Bandra Kurla Complex (BKC),Mumbai,Maharashtra,Apparel,684934.97,0.2,1,Republic_Day_Mega_Sale,34.3,97.05,182.3,7.19,165000
2024-01-26,Store_01,Mumbai - Bandra Kurla Complex (BKC),Mumbai,Maharashtra,Home_Garden,402724.83,0.15,1,Republic_Day_Mega_Sale,34.1,97.05,182.3,7.19,165000
2024-01-26,Store_01,Mumbai - Bandra Kurla Complex (BKC),Mumbai,Maharashtra,Pharmacy,329715.72,0.15,1,Republic_Day_Mega_Sale,31.8,97.05,182.3,7.19,165000
2024-01-26,Store_02,Bengaluru - Indiranagar Tech Hub,Bengaluru,Karnataka,Grocery,660379.78,0.15,1,Republic_Day_Mega_Sale,28.4,97.05,182.3,7.19,140000
2024-01-26,Store_02,Bengaluru - Indiranagar Tech Hub,Bengaluru,Karnataka,Electronics,1223679.23,0.2,1,Republic_Day_Mega_Sale,30.5,97.05,182.3,7.19,140000
2024-01-26,Store_02,Bengaluru - Indiranagar Tech Hub,Bengaluru,Karnataka,Apparel,605137.34,0.2,1,Republic_Day_Mega_Sale,28.2,97.05,182.3,7.19,140000
2024-01-26,Store_02,Bengaluru - Indiranagar Tech Hub,Bengaluru,Karnataka,Home_Garden,369607.45,0.15,1,Republic_Day_Mega_Sale,29.4,97.05,182.3,7.19,140000
2024-01-26,Store_02,Bengaluru - Indiranagar Tech Hub,Bengaluru,Karnataka,Pharmacy,285569.35,0.15,1,Republic_Day_Mega_Sale,28.4,97.05,182.3,7.19,140000
2024-01-26,Store_03,New Delhi - Connaught Place Flagship,New Delhi,Delhi NCR,Grocery,683790.96,0.15,1,Republic_Day_Mega_Sale,14.5,97.05,182.3,7.19,150000
2024-01-26,Store_03,New Delhi - Connaught Place Flagship,New Delhi,Delhi NCR,Electronics,1313654.32,0.2,1,Republic_Day_Mega_Sale,13.1,97.05,182.3,7.19,150000
2024-01-26,Store_03,New Delhi - Connaught Place Flagship,New Delhi,Delhi NCR,Apparel,615082.74,0.2,1,Republic_Day_Mega_Sale,13.5,97.05,182.3,7.19,150000
2024-01-26,Store_03,New Delhi - Connaught Place Flagship,New Delhi,Delhi NCR,Home_Garden,431982.44,0.15,1,Republic_Day_Mega_Sale,13.6,97.05,182.3,7.19,150000
2024-01-26,Store_03,New Delhi - Connaught Place Flagship,New Delhi,Delhi NCR,Pharmacy,296783.28,0.15,1,Republic_Day_Mega_Sale,13.4,97.05,182.3,7.19,150000
2024-01-26,Store_04,Chennai - T. Nagar Shopping Plaza,Chennai,Tamil Nadu,Grocery,593719.9,0.15,1,Republic_Day_Mega_Sale,32.8,97.05,182.3,7.19,125000
2024-01-26,Store_04,Chennai - T. Nagar Shopping Plaza,Chennai,Tamil Nadu,Electronics,1030822.24,0.2,1,Republic_Day_Mega_Sale,33.4,97.05,182.3,7.19,125000
2024-01-26,Store_04,Chennai - T. Nagar Shopping Plaza,Chennai,Tamil Nadu,Apparel,531937.52,0.2,1,Republic_Day_Mega_Sale,32.3,97.05,182.3,7.19,125000
2024-01-26,Store_04,Chennai - T. Nagar Shopping Plaza,Chennai,Tamil Nadu,Home_Garden,329116.63,0.15,1,Republic_Day_Mega_Sale,34.8,97.05,182.3,7.19,125000
2024-01-26,Store_04,Chennai - T. Nagar Shopping Plaza,Chennai,Tamil Nadu,Pharmacy,250751.12,0.15,1,Republic_Day_Mega_Sale,33.0,97.05,182.3,7.19,125000
2024-01-26,Store_05,Hyderabad - Hitec City Cyber Towers,Hyderabad,Telangana,Grocery,588625.01,0.15,1,Republic_Day_Mega_Sale,22.9,97.05,182.3,7.19,130000
2024-01-26,Store_05,Hyderabad - Hitec City Cyber Towers,Hyderabad,Telangana,Electronics,1067681.08,0.2,1,Republic_Day_Mega_Sale,23.1,97.05,182.3,7.19,130000
2024-01-26,Store_05,Hyderabad - Hitec City Cyber Towers,Hyderabad,Telangana,Apparel,467482.47,0.2,1,Republic_Day_Mega_Sale,22.5,97.05,182.3,7.19,130000
2024-01-26,Store_05,Hyderabad - Hitec City Cyber Towers,Hyderabad,Telangana,Home_Garden,380456.32,0.15,1,Republic_Day_Mega_Sale,24.8,97.05,182.3,7.19,130000
2024-01-26,Store_05,Hyderabad - Hitec City Cyber Towers,Hyderabad,Telangana,Pharmacy,273262.55,0.15,1,Republic_Day_Mega_Sale,24.0,97.05,182.3,7.19,130000
2024-01-26,Store_06,Kolkata - Park Street Cultural Mall,Kolkata,West Bengal,Grocery,538418.43,0.15,1,Republic_Day_Mega_Sale,23.7,97.05,182.3,7.19,110000
2024-01-26,Store_06,Kolkata - Park Street Cultural Mall,Kolkata,West Bengal,Electronics,983169.86,0.2,1,Republic_Day_Mega_Sale,22.5,97.05,182.3,7.19,110000
2024-01-26,Store_06,Kolkata - Park Street Cultural Mall,Kolkata,West Bengal,Apparel,485928.51,0.2,1,Republic_Day_Mega_Sale,22.0,97.05,182.3,7.19,110000
2024-01-26,Store_06,Kolkata - Park Street Cultural Mall,Kolkata,West Bengal,Home_Garden,374629.23,0.15,1,Republic_Day_Mega_Sale,22.7,97.05,182.3,7.19,110000
2024-01-26,Store_06,Kolkata - Park Street Cultural Mall,Kolkata,West Bengal,Pharmacy,230736.7,0.15,1,Republic_Day_Mega_Sale,24.3,97.05,182.3,7.19,110000
2024-01-26,Store_07,Pune - Kothrud Commercial Hub,Pune,Maharashtra,Grocery,568696.75,0.15,1,Republic_Day_Mega_Sale,26.0,97.05,182.3,7.19,95000
2024-01-26,Store_07,Pune - Kothrud Commercial Hub,Pune,Maharashtra,Electronics,957773.77,0.2,1,Republic_Day_Mega_Sale,27.1,97.05,182.3,7.19,95000
2024-01-26,Store_07,Pune - Kothrud Commercial Hub,Pune,Maharashtra,Apparel,492030.34,0.2,1,Republic_Day_Mega_Sale,28.8,97.05,182.3,7.19,95000
2024-01-26,Store_07,Pune - Kothrud Commercial Hub,Pune,Maharashtra,Home_Garden,315489.59,0.15,1,Republic_Day_Mega_Sale,27.4,97.05,182.3,7.19,95000
2024-01-26,Store_07,Pune - Kothrud Commercial Hub,Pune,Maharashtra,Pharmacy,236237.86,0.15,1,Republic_Day_Mega_Sale,26.3,97.05,182.3,7.19,95000
2024-01-26,Store_08,Ahmedabad - SG Highway Hypermarket,Ahmedabad,Gujarat,Grocery,618523.34,0.15,1,Republic_Day_Mega_Sale,29.2,97.05,182.3,7.19,120000
2024-01-26,Store_08,Ahmedabad - SG Highway Hypermarket,Ahmedabad,Gujarat,Electronics,973380.32,0.2,1,Republic_Day_Mega_Sale,31.6,97.05,182.3,7.19,120000
2024-01-26,Store_08,Ahmedabad - SG Highway Hypermarket,Ahmedabad,Gujarat,Apparel,543522.61,0.2,1,Republic_Day_Mega_Sale,31.6,97.05,182.3,7.19,120000
2024-01-26,Store_08,Ahmedabad - SG Highway Hypermarket,Ahmedabad,Gujarat,Home_Garden,354708.43,0.15,1,Republic_Day_Mega_Sale,31.2,97.05,182.3,7.19,120000
2024-01-26,Store_08,Ahmedabad - SG Highway Hypermarket,Ahmedabad,Gujarat,Pharmacy,258420.71,0.15,1,Republic_Day_Mega_Sale,31.6,97.05,182.3,7.19,120000
2024-01-26,Store_09,Jaipur - MI Road Heritage Store,Jaipur,Rajasthan,Grocery,483844.73,0.15,1,Republic_Day_Mega_Sale,15.3,97.05,182.3,7.19,85000
2024-01-26,Store_09,Jaipur - MI Road Heritage Store,Jaipur,Rajasthan,Electronics,832725.19,0.2,1,Republic_Day_Mega_Sale,13.4,97.05,182.3,7.19,85000
2024-01-26,Store_09,Jaipur - MI Road Heritage Store,Jaipur,Rajasthan,Apparel,444475.58,0.2,1,Republic_Day_Mega_Sale,13.1,97.05,182.3,7.19,85000
2024-01-26,Store_09,Jaipur - MI Road Heritage Store,Jaipur,Rajasthan,Home_Garden,310107.35,0.15,1,Republic_Day_Mega_Sale,14.8,97.05,182.3,7.19,85000
2024-01-26,Store_09,Jaipur - MI Road Heritage Store,Jaipur,Rajasthan,Pharmacy,221803.18,0.15,1,Republic_Day_Mega_Sale,13.9,97.05,182.3,7.19,85000
2024-01-26,Store_10,Kochi - Marine Drive Coastal Mall,Kochi,Kerala,Grocery,526587.2,0.15,1,Republic_Day_Mega_Sale,28.7,97.05,182.3,7.19,90000
2024-01-26,Store_10,Kochi - Marine Drive Coastal Mall,Kochi,Kerala,Electronics,913615.32,0.2,1,Republic_Day_Mega_Sale,30.1,97.05,182.3,7.19,90000
2024-01-26,Store_10,Kochi - Marine Drive Coastal Mall,Kochi,Kerala,Apparel,503172.55,0.2,1,Republic_Day_Mega_Sale,28.4,97.05,182.3,7.19,90000
2024-01-26,Store_10,Kochi - Marine Drive Coastal Mall,Kochi,Kerala,Home_Garden,347749.94,0.15,1,Republic_Day_Mega_Sale,28.9,97.05,182.3,7.19,90000
2024-01-26,Store_10,Kochi - Marine Drive Coastal Mall,Kochi,Kerala,Pharmacy,239715.33,0.15,1,Republic_Day_Mega_Sale,28.4,97.05,182.3,7.19,90000
2024-02-02,Store_01,Mumbai - Bandra Kurla Complex (BKC),Mumbai,Maharashtra,Grocery,506567.74,0.1,0,Regular_Week,33.5,98.88,182.4,7.03,165000
2024-02-02,Store_01,Mumbai - Bandra Kurla Complex (BKC),Mumbai,Maharashtra,Electronics,679463.3,0.0,0,Regular_Week,33.7,98.88,182.4,7.03,165000
2024-02-02,Store_01,Mumbai - Bandra Kurla Complex (BKC),Mumbai,Maharashtra,Apparel,380012.22,0.0,0,Regular_Week,33.6,98.88,182.4,7.03,165000
2024-02-02,Store_01,Mumbai - Bandra Kurla Complex (BKC),Mumbai,Maharashtra,Home_Garden,263848.36,0.0,0,Regular_Week,31.4,98.88,182.4,7.03,165000
2024-02-02,Store_01,Mumbai - Bandra Kurla Complex (BKC),Mumbai,Maharashtra,Pharmacy,213457.95,0.0,0,Regular_Week,33.6,98.88,182.4,7.03,165000
2024-02-02,Store_02,Bengaluru - Indiranagar Tech Hub,Bengaluru,Karnataka,Grocery,545852.67,0.15,0,Regular_Week,27.4,98.88,182.4,7.03,140000
2024-02-02,Store_02,Bengaluru - Indiranagar Tech Hub,Bengaluru,Karnataka,Electronics,712260.72,0.0,0,Regular_Week,25.8,98.88,182.4,7.03,140000
2024-02-02,Store_02,Bengaluru - Indiranagar Tech Hub,Bengaluru,Karnataka,Apparel,342355.51,0.0,0,Regular_Week,26.9,98.88,182.4,7.03,140000
2024-02-02,Store_02,Bengaluru - Indiranagar Tech Hub,Bengaluru,Karnataka,Home_Garden,306454.22,0.15,0,Regular_Week,25.8,98.88,182.4,7.03,140000
2024-02-02,Store_02,Bengaluru - Indiranagar Tech Hub,Bengaluru,Karnataka,Pharmacy,209404.98,0.15,0,Regular_Week,26.5,98.88,182.4,7.03,140000
2024-02-02,Store_03,New Delhi - Connaught Place Flagship,New Delhi,Delhi NCR,Grocery,443316.95,0.0,0,Regular_Week,30.1,98.88,182.4,7.03,150000
2024-02-02,Store_03,New Delhi - Connaught Place Flagship,New Delhi,Delhi NCR,Electronics,697824.06,0.0,0,Regular_Week,29.6,98.88,182.4,7.03,150000
2024-02-02,Store_03,New Delhi - Connaught Place Flagship,New Delhi,Delhi NCR,Apparel,365819.5,0.0,0,Regular_Week,29.4,98.88,182.4,7.03,150000
2024-02-02,Store_03,New Delhi - Connaught Place Flagship,New Delhi,Delhi NCR,Home_Garden,265575.74,0.0,0,Regular_Week,29.3,98.88,182.4,7.03,150000
2024-02-02,Store_03,New Delhi - Connaught Place Flagship,New Delhi,Delhi NCR,Pharmacy,188205.06,0.0,0,Regular_Week,29.6,98.88,182.4,7.03,150000
2024-02-02,Store_04,Chennai - T. Nagar Shopping Plaza,Chennai,Tamil Nadu,Grocery,361177.1,0.0,0,Regular_Week,32.4,98.88,182.4,7.03,125000
2024-02-02,Store_04,Chennai - T. Nagar Shopping Plaza,Chennai,Tamil Nadu,Electronics,649354.24,0.1,0,Regular_Week,32.4,98.88,182.4,7.03,125000
2024-02-02,Store_04,Chennai - T. Nagar Shopping Plaza,Chennai,Tamil Nadu,Apparel,292888.14,0.05,0,Regular_Week,34.9,98.88,182.4,7.03,125000
2024-02-02,Store_04,Chennai - T. Nagar Shopping Plaza,Chennai,Tamil Nadu,Home_Garden,285253.58,0.15,0,Regular_Week,32.6,98.88,182.4,7.03,125000
2024-02-02,Store_04,Chennai - T. Nagar Shopping Plaza,Chennai,Tamil Nadu,Pharmacy,182032.36,0.0,0,Regular_Week,34.5,98.88,182.4,7.03,125000
2024-02-02,Store_05,Hyderabad - Hitec City Cyber Towers,Hyderabad,Telangana,Grocery,417071.85,0.05,0,Regular_Week,23.0,98.88,182.4,7.03,130000
2024-02-02,Store_05,Hyderabad - Hitec City Cyber Towers,Hyderabad,Telangana,Electronics,731333.43,0.1,0,Regular_Week,22.9,98.88,182.4,7.03,130000
2024-02-02,Store_05,Hyderabad - Hitec City Cyber Towers,Hyderabad,Telangana,Apparel,354999.85,0.05,0,Regular_Week,24.4,98.88,182.4,7.03,130000
2024-02-02,Store_05,Hyderabad - Hitec City Cyber Towers,Hyderabad,Telangana,Home_Garden,291427.65,0.15,0,Regular_Week,25.3,98.88,182.4,7.03,130000
2024-02-02,Store_05,Hyderabad - Hitec City Cyber Towers,Hyderabad,Telangana,Pharmacy,179711.69,0.05,0,Regular_Week,23.1,98.88,182.4,7.03,130000
2024-02-02,Store_06,Kolkata - Park Street Cultural Mall,Kolkata,West Bengal,Grocery,436195.04,0.15,0,Regular_Week,21.9,98.88,182.4,7.03,110000
2024-02-02,Store_06,Kolkata - Park Street Cultural Mall,Kolkata,West Bengal,Electronics,539681.3,0.0,0,Regular_Week,22.4,98.88,182.4,7.03,110000
2024-02-02,Store_06,Kolkata - Park Street Cultural Mall,Kolkata,West Bengal,Apparel,294511.91,0.0,0,Regular_Week,23.2,98.88,182.4,7.03,110000
2024-02-02,Store_06,Kolkata - Park Street Cultural Mall,Kolkata,West Bengal,Home_Garden,223929.74,0.0,0,Regular_Week,22.2,98.88,182.4,7.03,110000
2024-02-02,Store_06,Kolkata - Park Street Cultural Mall,Kolkata,West Bengal,Pharmacy,165360.14,0.0,0,Regular_Week,23.6,98.88,182.4,7.03,110000
2024-02-02,Store_07,Pune - Kothrud Commercial Hub,Pune,Maharashtra,Grocery,360271.14,0.1,0,Regular_Week,30.1,98.88,182.4,7.03,95000
2024-02-02,Store_07,Pune - Kothrud Commercial Hub,Pune,Maharashtra,Electronics,508136.88,0.0,0,Regular_Week,28.2,98.88,182.4,7.03,95000
2024-02-02,Store_07,Pune - Kothrud Commercial Hub,Pune,Maharashtra,Apparel,294098.03,0.05,0,Regular_Week,28.0,98.88,182.4,7.03,95000
2024-02-02,Store_07,Pune - Kothrud Commercial Hub,Pune,Maharashtra,Home_Garden,258175.9,0.1,0,Regular_Week,30.6,98.88,182.4,7.03,95000
2024-02-02,Store_07,Pune - Kothrud Commercial Hub,Pune,Maharashtra,Pharmacy,147376.46,0.0,0,Regular_Week,29.0,98.88,182.4,7.03,95000
2024-02-02,Store_08,Ahmedabad - SG Highway Hypermarket,Ahmedabad,Gujarat,Grocery,447020.64,0.1,0,Regular_Week,32.8,98.88,182.4,7.03,120000
2024-02-02,Store_08,Ahmedabad - SG Highway Hypermarket,Ahmedabad,Gujarat,Electronics,755211.04,0.15,0,Regular_Week,32.6,98.88,182.4,7.03,120000
2024-02-02,Store_08,Ahmedabad - SG Highway Hypermarket,Ahmedabad,Gujarat,Apparel,332335.43,0.05,0,Regular_Week,30.9,98.88,182.4,7.03,120000
2024-02-02,Store_08,Ahmedabad - SG Highway Hypermarket,Ahmedabad,Gujarat,Home_Garden,256249.01,0.15,0,Regular_Week,30.6,98.88,182.4,7.03,120000
2024-02-02,Store_08,Ahmedabad - SG Highway Hypermarket,Ahmedabad,Gujarat,Pharmacy,164698.62,0.0,0,Regular_Week,32.6,98.88,182.4,7.03,120000
2024-02-02,Store_09,Jaipur - MI Road Heritage Store,Jaipur,Rajasthan,Grocery,341179.63,0.0,0,Regular_Week,29.1,98.88,182.4,7.03,85000
2024-02-02,Store_09,Jaipur - MI Road Heritage Store,Jaipur,Rajasthan,Electronics,541667.21,0.1,0,Regular_Week,31.3,98.88,182.4,7.03,85000
2024-02-02,Store_09,Jaipur - MI Road Heritage Store,Jaipur,Rajasthan,Apparel,268695.46,0.0,0,Regular_Week,31.3,98.88,182.4,7.03,85000
2024-02-02,Store_09,Jaipur - MI Road Heritage Store,Jaipur,Rajasthan,Home_Garden,190902.98,0.0,0,Regular_Week,30.2,98.88,182.4,7.03,85000
2024-02-02,Store_09,Jaipur - MI Road Heritage Store,Jaipur,Rajasthan,Pharmacy,158255.98,0.0,0,Regular_Week,31.3,98.88,182.4,7.03,85000
2024-02-02,Store_10,Kochi - Marine Drive Coastal Mall,Kochi,Kerala,Grocery,331075.57,0.0,0,Regular_Week,31.4,98.88,182.4,7.03,90000
2024-02-02,Store_10,Kochi - Marine Drive Coastal Mall,Kochi,Kerala,Electronics,650662.24,0.15,0,Regular_Week,31.1,98.88,182.4,7.03,90000
2024-02-02,Store_10,Kochi - Marine Drive Coastal Mall,Kochi,Kerala,Apparel,289845.1,0.0,0,Regular_Week,30.3,98.88,182.4,7.03,90000
2024-02-02,Store_10,Kochi - Marine Drive Coastal Mall,Kochi,Kerala,Home_Garden,206363.87,0.0,0,Regular_Week,31.1,98.88,182.4,7.03,90000
2024-02-02,Store_10,Kochi - Marine Drive Coastal Mall,Kochi,Kerala,Pharmacy,155552.16,0.1,0,Regular_Week,30.2,98.88,182.4,7.03,90000
2024-02-09,Store_01,Mumbai - Bandra Kurla Complex (BKC),Mumbai,Maharashtra,Grocery,566546.52,0.1,0,Regular_Week,32.8,97.34,182.4,7.35,165000
2024-02-09,Store_01,Mumbai - Bandra Kurla Complex (BKC),Mumbai,Maharashtra,Electronics,839412.63,0.1,0,Regular_Week,31.8,97.34,182.4,7.35,165000
2024-02-09,Store_01,Mumbai - Bandra Kurla Complex (BKC),Mumbai,Maharashtra,Apparel,390332.3,0.0,0,Regular_Week,32.9,97.34,182.4,7.35,165000
2024-02-09,Store_01,Mumbai - Bandra Kurla Complex (BKC),Mumbai,Maharashtra,Home_Garden,294242.6,0.0,0,Regular_Week,32.4,97.34,182.4,7.35,165000
2024-02-09,Store_01,Mumbai - Bandra Kurla Complex (BKC),Mumbai,Maharashtra,Pharmacy,186201.05,0.0,0,Regular_Week,31.4,97.34,182.4,7.35,165000
2024-02-09,Store_02,Bengaluru - Indiranagar Tech Hub,Bengaluru,Karnataka,Grocery,453747.3,0.05,0,Regular_Week,24.3,97.34,182.4,7.35,140000
2024-02-09,Store_02,Bengaluru - Indiranagar Tech Hub,Bengaluru,Karnataka,Electronics,586372.96,0.0,0,Regular_Week,23.1,97.34,182.4,7.35,140000
2024-02-09,Store_02,Bengaluru - Indiranagar Tech Hub,Bengaluru,Karnataka,Apparel,352003.16,0.0,0,Regular_Week,22.4,97.34,182.4,7.35,140000
2024-02-09,Store_02,Bengaluru - Indiranagar Tech Hub,Bengaluru,Karnataka,Home_Garden,247193.54,0.0,0,Regular_Week,22.3,97.34,182.4,7.35,140000
2024-02-09,Store_02,Bengaluru - Indiranagar Tech Hub,Bengaluru,Karnataka,Pharmacy,196791.13,0.0,0,Regular_Week,24.3,97.34,182.4,7.35,140000
2024-02-09,Store_03,New Delhi - Connaught Place Flagship,New Delhi,Delhi NCR,Grocery,531475.24,0.15,0,Regular_Week,30.8,97.34,182.4,7.35,150000
2024-02-09,Store_03,New Delhi - Connaught Place Flagship,New Delhi,Delhi NCR,Electronics,656630.7,0.0,0,Regular_Week,30.7,97.34,182.4,7.35,150000
2024-02-09,Store_03,New Delhi - Connaught Place Flagship,New Delhi,Delhi NCR,Apparel,369905.5,0.05,0,Regular_Week,29.9,97.34,182.4,7.35,150000
2024-02-09,Store_03,New Delhi - Connaught Place Flagship,New Delhi,Delhi NCR,Home_Garden,235092.16,0.0,0,Regular_Week,29.1,97.34,182.4,7.35,150000
2024-02-09,Store_03,New Delhi - Connaught Place Flagship,New Delhi,Delhi NCR,Pharmacy,214201.79,0.0,0,Regular_Week,30.9,97.34,182.4,7.35,150000
2024-02-09,Store_04,Chennai - T. Nagar Shopping Plaza,Chennai,Tamil Nadu,Grocery,386425.12,0.0,0,Regular_Week,34.0,97.34,182.4,7.35,125000
2024-02-09,Store_04,Chennai - T. Nagar Shopping Plaza,Chennai,Tamil Nadu,Electronics,581096.0,0.0,0,Regular_Week,33.4,97.34,182.4,7.35,125000
2024-02-09,Store_04,Chennai - T. Nagar Shopping Plaza,Chennai,Tamil Nadu,Apparel,322801.79,0.0,0,Regular_Week,33.2,97.34,182.4,7.35,125000
2024-02-09,Store_04,Chennai - T. Nagar Shopping Plaza,Chennai,Tamil Nadu,Home_Garden,205179.53,0.0,0,Regular_Week,32.6,97.34,182.4,7.35,125000
2024-02-09,Store_04,Chennai - T. Nagar Shopping Plaza,Chennai,Tamil Nadu,Pharmacy,180484.19,0.05,0,Regular_Week,32.3,97.34,182.4,7.35,125000
2024-02-09,Store_05,Hyderabad - Hitec City Cyber Towers,Hyderabad,Telangana,Grocery,382893.69,0.0,0,Regular_Week,21.8,97.34,182.4,7.35,130000
2024-02-09,Store_05,Hyderabad - Hitec City Cyber Towers,Hyderabad,Telangana,Electronics,590044.39,0.0,0,Regular_Week,23.0,97.34,182.4,7.35,130000
2024-02-09,Store_05,Hyderabad - Hitec City Cyber Towers,Hyderabad,Telangana,Apparel,327104.4,0.0,0,Regular_Week,22.0,97.34,182.4,7.35,130000
2024-02-09,Store_05,Hyderabad - Hitec City Cyber Towers,Hyderabad,Telangana,Home_Garden,230285.56,0.0,0,Regular_Week,22.3,97.34,182.4,7.35,130000
2024-02-09,Store_05,Hyderabad - Hitec City Cyber Towers,Hyderabad,Telangana,Pharmacy,193568.66,0.0,0,Regular_Week,21.8,97.34,182.4,7.35,130000
2024-02-09,Store_06,Kolkata - Park Street Cultural Mall,Kolkata,West Bengal,Grocery,460243.94,0.15,0,Regular_Week,24.6,97.34,182.4,7.35,110000
2024-02-09,Store_06,Kolkata - Park Street Cultural Mall,Kolkata,West Bengal,Electronics,526994.09,0.0,0,Regular_Week,24.8,97.34,182.4,7.35,110000
2024-02-09,Store_06,Kolkata - Park Street Cultural Mall,Kolkata,West Bengal,Apparel,257849.78,0.0,0,Regular_Week,26.8,97.34,182.4,7.35,110000
2024-02-09,Store_06,Kolkata - Park Street Cultural Mall,Kolkata,West Bengal,Home_Garden,225166.86,0.0,0,Regular_Week,25.1,97.34,182.4,7.35,110000
2024-02-09,Store_06,Kolkata - Park Street Cultural Mall,Kolkata,West Bengal,Pharmacy,172954.98,0.0,0,Regular_Week,26.7,97.34,182.4,7.35,110000
2024-02-09,Store_07,Pune - Kothrud Commercial Hub,Pune,Maharashtra,Grocery,363620.42,0.0,0,Regular_Week,27.7,97.34,182.4,7.35,95000
2024-02-09,Store_07,Pune - Kothrud Commercial Hub,Pune,Maharashtra,Electronics,537923.33,0.0,0,Regular_Week,27.6,97.34,182.4,7.35,95000
2024-02-09,Store_07,Pune - Kothrud Commercial Hub,Pune,Maharashtra,Apparel,281933.03,0.0,0,Regular_Week,27.3,97.34,182.4,7.35,95000
2024-02-09,Store_07,Pune - Kothrud Commercial Hub,Pune,Maharashtra,Home_Garden,239947.01,0.1,0,Regular_Week,26.2,97.34,182.4,7.35,95000
2024-02-09,Store_07,Pune - Kothrud Commercial Hub,Pune,Maharashtra,Pharmacy,164854.64,0.05,0,Regular_Week,26.1,97.34,182.4,7.35,95000
2024-02-09,Store_08,Ahmedabad - SG Highway Hypermarket,Ahmedabad,Gujarat,Grocery,405161.04,0.0,0,Regular_Week,30.7,97.34,182.4,7.35,120000
2024-02-09,Store_08,Ahmedabad - SG Highway Hypermarket,Ahmedabad,Gujarat,Electronics,720533.9,0.15,0,Regular_Week,28.4,97.34,182.4,7.35,120000
2024-02-09,Store_08,Ahmedabad - SG Highway Hypermarket,Ahmedabad,Gujarat,Apparel,330485.75,0.0,0,Regular_Week,29.8,97.34,182.4,7.35,120000
2024-02-09,Store_08,Ahmedabad - SG Highway Hypermarket,Ahmedabad,Gujarat,Home_Garden,244112.21,0.0,0,Regular_Week,28.6,97.34,182.4,7.35,120000
2024-02-09,Store_08,Ahmedabad - SG Highway Hypermarket,Ahmedabad,Gujarat,Pharmacy,158347.05,0.0,0,Regular_Week,28.9,97.34,182.4,7.35,120000
2024-02-09,Store_09,Jaipur - MI Road Heritage Store,Jaipur,Rajasthan,Grocery,386649.49,0.1,0,Regular_Week,30.4,97.34,182.4,7.35,85000
2024-02-09,Store_09,Jaipur - MI Road Heritage Store,Jaipur,Rajasthan,Electronics,510850.18,0.05,0,Regular_Week,31.0,97.34,182.4,7.35,85000
2024-02-09,Store_09,Jaipur - MI Road Heritage Store,Jaipur,Rajasthan,Apparel,271078.22,0.0,0,Regular_Week,31.2,97.34,182.4,7.35,85000
2024-02-09,Store_09,Jaipur - MI Road Heritage Store,Jaipur,Rajasthan,Home_Garden,204290.47,0.05,0,Regular_Week,31.5,97.34,182.4,7.35,85000
2024-02-09,Store_09,Jaipur - MI Road Heritage Store,Jaipur,Rajasthan,Pharmacy,145253.55,0.0,0,Regular_Week,29.6,97.34,182.4,7.35,85000
2024-02-09,Store_10,Kochi - Marine Drive Coastal Mall,Kochi,Kerala,Grocery,326312.82,0.0,0,Regular_Week,32.5,97.34,182.4,7.35,90000
2024-02-09,Store_10,Kochi - Marine Drive Coastal Mall,Kochi,Kerala,Electronics,478214.79,0.0,0,Regular_Week,34.0,97.34,182.4,7.35,90000
2024-02-09,Store_10,Kochi - Marine Drive Coastal Mall,Kochi,Kerala,Apparel,349490.81,0.15,0,Regular_Week,33.3,97.34,182.4,7.35,90000
2024-02-09,Store_10,Kochi - Marine Drive Coastal Mall,Kochi,Kerala,Home_Garden,212945.6,0.05,0,Regular_Week,32.4,97.34,182.4,7.35,90000
2024-02-09,Store_10,Kochi - Marine Drive Coastal Mall,Kochi,Kerala,Pharmacy,158603.04,0.0,0,Regular_Week,33.4,97.34,182.4,7.35,90000
2024-02-16,Store_01,Mumbai - Bandra Kurla Complex (BKC),Mumbai,Maharashtra,Grocery,506028.75,0.05,0,Regular_Week,33.8,101.64,182.5,7.35,165000
2024-02-16,Store_01,Mumbai - Bandra Kurla Complex (BKC),Mumbai,Maharashtra,Electronics,718624.55,0.0,0,Regular_Week,33.7,101.64,182.5,7.35,165000
2024-02-16,Store_01,Mumbai - Bandra Kurla Complex (BKC),Mumbai,Maharashtra,Apparel,343064.13,0.0,0,Regular_Week,31.9,101.64,182.5,7.35,165000
2024-02-16,Store_01,Mumbai - Bandra Kurla Complex (BKC),Mumbai,Maharashtra,Home_Garden,321992.93,0.15,0,Regular_Week,32.6,101.64,182.5,7.35,165000
2024-02-16,Store_01,Mumbai - Bandra Kurla Complex (BKC),Mumbai,Maharashtra,Pharmacy,221146.28,0.05,0,Regular_Week,31.8,101.64,182.5,7.35,165000
2024-02-16,Store_02,Bengaluru - Indiranagar Tech Hub,Bengaluru,Karnataka,Grocery,425609.11,0.0,0,Regular_Week,31.0,101.64,182.5,7.35,140000
2024-02-16,Store_02,Bengaluru - Indiranagar Tech Hub,Bengaluru,Karnataka,Electronics,789342.8,0.15,0,Regular_Week,31.4,101.64,182.5,7.35,140000
2024-02-16,Store_02,Bengaluru - Indiranagar Tech Hub,Bengaluru,Karnataka,Apparel,448393.07,0.15,0,Regular_Week,31.3,101.64,182.5,7.35,140000
2024-02-16,Store_02,Bengaluru - Indiranagar Tech Hub,Bengaluru,Karnataka,Home_Garden,262715.26,0.0,0,Regular_Week,32.0,101.64,182.5,7.35,140000
2024-02-16,Store_02,Bengaluru - Indiranagar Tech Hub,Bengaluru,Karnataka,Pharmacy,177361.29,0.0,0,Regular_Week,31.8,101.64,182.5,7.35,140000
2024-02-16,Store_03,New Delhi - Connaught Place Flagship,New Delhi,Delhi NCR,Grocery,454679.08,0.0,0,Regular_Week,30.8,101.64,182.5,7.35,150000
2024-02-16,Store_03,New Delhi - Connaught Place Flagship,New Delhi,Delhi NCR,Electronics,699608.3,0.0,0,Regular_Week,31.4,101.64,182.5,7.35,150000
2024-02-16,Store_03,New Delhi - Connaught Place Flagship,New Delhi,Delhi NCR,Apparel,377902.91,0.0,0,Regular_Week,31.1,101.64,182.5,7.35,150000
2024-02-16,Store_03,New Delhi - Connaught Place Flagship,New Delhi,Delhi NCR,Home_Garden,271401.14,0.0,0,Regular_Week,31.3,101.64,182.5,7.35,150000
2024-02-16,Store_03,New Delhi - Connaught Place Flagship,New Delhi,Delhi NCR,Pharmacy,181577.99,0.0,0,Regular_Week,30.0,101.64,182.5,7.35,150000
2024-02-16,Store_04,Chennai - T. Nagar Shopping Plaza,Chennai,Tamil Nadu,Grocery,419563.57,0.15,0,Regular_Week,30.8,101.64,182.5,7.35,125000
2024-02-16,Store_04,Chennai - T. Nagar Shopping Plaza,Chennai,Tamil Nadu,Electronics,589147.78,0.0,0,Regular_Week,32.1,101.64,182.5,7.35,125000
2024-02-16,Store_04,Chennai - T. Nagar Shopping Plaza,Chennai,Tamil Nadu,Apparel,294732.9,0.0,0,Regular_Week,32.7,101.64,182.5,7.35,125000
2024-02-16,Store_04,Chennai - T. Nagar Shopping Plaza,Chennai,Tamil Nadu,Home_Garden,275599.5,0.15,0,Regular_Week,32.9,101.64,182.5,7.35,125000
2024-02-16,Store_04,Chennai - T. Nagar Shopping Plaza,Chennai,Tamil Nadu,Pharmacy,168524.67,0.0,0,Regular_Week,30.3,101.64,182.5,7.35,125000
2024-02-16,Store_05,Hyderabad - Hitec City Cyber Towers,Hyderabad,Telangana,Grocery,434200.93,0.05,0,Regular_Week,30.9,101.64,182.5,7.35,130000
2024-02-16,Store_05,Hyderabad - Hitec City Cyber Towers,Hyderabad,Telangana,Electronics,748278.76,0.15,0,Regular_Week,28.8,101.64,182.5,7.35,130000
2024-02-16,Store_05,Hyderabad - Hitec City Cyber Towers,Hyderabad,Telangana,Apparel,288205.53,0.0,0,Regular_Week,30.3,101.64,182.5,7.35,130000
2024-02-16,Store_05,Hyderabad - Hitec City Cyber Towers,Hyderabad,Telangana,Home_Garden,241657.82,0.0,0,Regular_Week,28.5,101.64,182.5,7.35,130000
2024-02-16,Store_05,Hyderabad - Hitec City Cyber Towers,Hyderabad,Telangana,Pharmacy,188367.0,0.15,0,Regular_Week,28.5,101.64,182.5,7.35,130000
2024-02-16,Store_06,Kolkata - Park Street Cultural Mall,Kolkata,West Bengal,Grocery,376245.92,0.0,0,Regular_Week,32.9,101.64,182.5,7.35,110000
2024-02-16,Store_06,Kolkata - Park Street Cultural Mall,Kolkata,West Bengal,Electronics,585040.53,0.0,0,Regular_Week,32.3,101.64,182.5,7.35,110000
2024-02-16,Store_06,Kolkata - Park Street Cultural Mall,Kolkata,West Bengal,Apparel,305632.83,0.0,0,Regular_Week,33.2,101.64,182.5,7.35,110000
2024-02-16,Store_06,Kolkata - Park Street Cultural Mall,Kolkata,West Bengal,Home_Garden,225823.86,0.05,0,Regular_Week,31.5,101.64,182.5,7.35,110000
2024-02-16,Store_06,Kolkata - Park Street Cultural Mall,Kolkata,West Bengal,Pharmacy,181970.84,0.1,0,Regular_Week,31.2,101.64,182.5,7.35,110000
2024-02-16,Store_07,Pune - Kothrud Commercial Hub,Pune,Maharashtra,Grocery,375241.55,0.0,0,Regular_Week,30.0,101.64,182.5,7.35,95000
2024-02-16,Store_07,Pune - Kothrud Commercial Hub,Pune,Maharashtra,Electronics,512574.28,0.0,0,Regular_Week,29.9,101.64,182.5,7.35,95000
2024-02-16,Store_07,Pune - Kothrud Commercial Hub,Pune,Maharashtra,Apparel,281550.97,0.0,0,Regular_Week,31.4,101.64,182.5,7.35,95000
2024-02-16,Store_07,Pune - Kothrud Commercial Hub,Pune,Maharashtra,Home_Garden,213074.02,0.05,0,Regular_Week,31.3,101.64,182.5,7.35,95000
2024-02-16,Store_07,Pune - Kothrud Commercial Hub,Pune,Maharashtra,Pharmacy,172220.88,0.15,0,Regular_Week,30.7,101.64,182.5,7.35,95000
2024-02-16,Store_08,Ahmedabad - SG Highway Hypermarket,Ahmedabad,Gujarat,Grocery,370764.74,0.0,0,Regular_Week,28.2,101.64,182.5,7.35,120000
2024-02-16,Store_08,Ahmedabad - SG Highway Hypermarket,Ahmedabad,Gujarat,Electronics,592776.51,0.0,0,Regular_Week,26.8,101.64,182.5,7.35,120000
2024-02-16,Store_08,Ahmedabad - SG Highway Hypermarket,Ahmedabad,Gujarat,Apparel,371700.33,0.15,0,Regular_Week,26.5,101.64,182.5,7.35,120000
2024-02-16,Store_08,Ahmedabad - SG Highway Hypermarket,Ahmedabad,Gujarat,Home_Garden,247909.5,0.0,0,Regular_Week,28.8,101.64,182.5,7.35,120000
2024-02-16,Store_08,Ahmedabad - SG Highway Hypermarket,Ahmedabad,Gujarat,Pharmacy,195656.28,0.05,0,Regular_Week,26.3,101.64,182.5,7.35,120000
2024-02-16,Store_09,Jaipur - MI Road Heritage Store,Jaipur,Rajasthan,Grocery,341138.88,0.0,0,Regular_Week,30.1,101.64,182.5,7.35,85000
2024-02-16,Store_09,Jaipur - MI Road Heritage Store,Jaipur,Rajasthan,Electronics,519151.53,0.0,0,Regular_Week,29.5,101.64,182.5,7.35,85000
2024-02-16,Store_09,Jaipur - MI Road Heritage Store,Jaipur,Rajasthan,Apparel,270744.69,0.0,0,Regular_Week,30.0,101.64,182.5,7.35,85000
2024-02-16,Store_09,Jaipur - MI Road Heritage Store,Jaipur,Rajasthan,Home_Garden,244718.29,0.1,0,Regular_Week,28.5,101.64,182.5,7.35,85000
2024-02-16,Store_09,Jaipur - MI Road Heritage Store,Jaipur,Rajasthan,Pharmacy,167212.48,0.15,0,Regular_Week,31.4,101.64,182.5,7.35,85000
2024-02-16,Store_10,Kochi - Marine Drive Coastal Mall,Kochi,Kerala,Grocery,420796.98,0.15,0,Regular_Week,30.9,101.64,182.5,7.35,90000
2024-02-16,Store_10,Kochi - Marine Drive Coastal Mall,Kochi,Kerala,Electronics,483292.53,0.0,0,Regular_Week,29.3,101.64,182.5,7.35,90000
2024-02-16,Store_10,Kochi - Marine Drive Coastal Mall,Kochi,Kerala,Apparel,269011.3,0.0,0,Regular_Week,29.3,101.64,182.5,7.35,90000
2024-02-16,Store_10,Kochi - Marine Drive Coastal Mall,Kochi,Kerala,Home_Garden,178252.85,0.0,0,Regular_Week,29.3,101.64,182.5,7.35,90000
2024-02-16,Store_10,Kochi - Marine Drive Coastal Mall,Kochi,Kerala,Pharmacy,167856.49,0.0,0,Regular_Week,30.2,101.64,182.5,7.35,90000
2024-02-23,Store_01,Mumbai - Bandra Kurla Complex (BKC),Mumbai,Maharashtra,Grocery,432967.51,0.0,0,Regular_Week,30.4,97.45,182.5,7.53,165000
2024-02-23,Store_01,Mumbai - Bandra Kurla Complex (BKC),Mumbai,Maharashtra,Electronics,756932.94,0.05,0,Regular_Week,31.4,97.45,182.5,7.53,165000
2024-02-23,Store_01,Mumbai - Bandra Kurla Complex (BKC),Mumbai,Maharashtra,Apparel,369617.12,0.0,0,Regular_Week,30.9,97.45,182.5,7.53,165000
2024-02-23,Store_01,Mumbai - Bandra Kurla Complex (BKC),Mumbai,Maharashtra,Home_Garden,326771.79,0.15,0,Regular_Week,28.9,97.45,182.5,7.53,165000
2024-02-23,Store_01,Mumbai - Bandra Kurla Complex (BKC),Mumbai,Maharashtra,Pharmacy,214496.13,0.0,0,Regular_Week,28.9,97.45,182.5,7.53,165000
2024-02-23,Store_02,Bengaluru - Indiranagar Tech Hub,Bengaluru,Karnataka,Grocery,426186.37,0.0,0,Regular_Week,26.7,97.45,182.5,7.53,140000
2024-02-23,Store_02,Bengaluru - Indiranagar Tech Hub,Bengaluru,Karnataka,Electronics,675212.06,0.0,0,Regular_Week,26.7,97.45,182.5,7.53,140000
2024-02-23,Store_02,Bengaluru - Indiranagar Tech Hub,Bengaluru,Karnataka,Apparel,352704.82,0.0,0,Regular_Week,27.0,97.45,182.5,7.53,140000
2024-02-23,Store_02,Bengaluru - Indiranagar Tech Hub,Bengaluru,Karnataka,Home_Garden,245426.37,0.0,0,Regular_Week,26.1,97.45,182.5,7.53,140000
2024-02-23,Store_02,Bengaluru - Indiranagar Tech Hub,Bengaluru,Karnataka,Pharmacy,205638.42,0.05,0,Regular_Week,28.2,97.45,182.5,7.53,140000
2024-02-23,Store_03,New Delhi - Connaught Place Flagship,New Delhi,Delhi NCR,Grocery,401579.09,0.0,0,Regular_Week,31.2,97.45,182.5,7.53,150000
2024-02-23,Store_03,New Delhi - Connaught Place Flagship,New Delhi,Delhi NCR,Electronics,695097.66,0.0,0,Regular_Week,30.4,97.45,182.5,7.53,150000
2024-02-23,Store_03,New Delhi - Connaught Place Flagship,New Delhi,Delhi NCR,Apparel,434981.99,0.1,0,Regular_Week,30.7,97.45,182.5,7.53,150000
2024-02-23,Store_03,New Delhi - Connaught Place Flagship,New Delhi,Delhi NCR,Home_Garden,257487.1,0.0,0,Regular_Week,29.7,97.45,182.5,7.53,150000
2024-02-23,Store_03,New Delhi - Connaught Place Flagship,New Delhi,Delhi NCR,Pharmacy,194215.81,0.0,0,Regular_Week,30.1,97.45,182.5,7.53,150000
2024-02-23,Store_04,Chennai - T. Nagar Shopping Plaza,Chennai,Tamil Nadu,Grocery,382838.35,0.05,0,Regular_Week,31.4,97.45,182.5,7.53,125000
2024-02-23,Store_04,Chennai - T. Nagar Shopping Plaza,Chennai,Tamil Nadu,Electronics,625195.71,0.15,0,Regular_Week,32.9,97.45,182.5,7.53,125000
2024-02-23,Store_04,Chennai - T. Nagar Shopping Plaza,Chennai,Tamil Nadu,Apparel,341316.89,0.0,0,Regular_Week,32.8,97.45,182.5,7.53,125000
2024-02-23,Store_04,Chennai - T. Nagar Shopping Plaza,Chennai,Tamil Nadu,Home_Garden,221801.49,0.0,0,Regular_Week,30.0,97.45,182.5,7.53,125000
2024-02-23,Store_04,Chennai - T. Nagar Shopping Plaza,Chennai,Tamil Nadu,Pharmacy,168904.89,0.0,0,Regular_Week,32.4,97.45,182.5,7.53,125000
2024-02-23,Store_05,Hyderabad - Hitec City Cyber Towers,Hyderabad,Telangana,Grocery,390152.59,0.0,0,Regular_Week,25.7,97.45,182.5,7.53,130000
2024-02-23,Store_05,Hyderabad - Hitec City Cyber Towers,Hyderabad,Telangana,Electronics,588758.68,0.0,0,Regular_Week,26.0,97.45,182.5,7.53,130000
2024-02-23,Store_05,Hyderabad - Hitec City Cyber Towers,Hyderabad,Telangana,Apparel,302549.04,0.05,0,Regular_Week,27.5,97.45,182.5,7.53,130000
2024-02-23,Store_05,Hyderabad - Hitec City Cyber Towers,Hyderabad,Telangana,Home_Garden,232828.52,0.0,0,Regular_Week,27.5,97.45,182.5,7.53,130000
2024-02-23,Store_05,Hyderabad - Hitec City Cyber Towers,Hyderabad,Telangana,Pharmacy,185075.35,0.0,0,Regular_Week,25.6,97.45,182.5,7.53,130000
2024-02-23,Store_06,Kolkata - Park Street Cultural Mall,Kolkata,West Bengal,Grocery,362487.01,0.0,0,Regular_Week,24.0,97.45,182.5,7.53,110000
2024-02-23,Store_06,Kolkata - Park Street Cultural Mall,Kolkata,West Bengal,Electronics,589211.05,0.0,0,Regular_Week,23.2,97.45,182.5,7.53,110000
2024-02-23,Store_06,Kolkata - Park Street Cultural Mall,Kolkata,West Bengal,Apparel,297196.24,0.0,0,Regular_Week,24.6,97.45,182.5,7.53,110000
2024-02-23,Store_06,Kolkata - Park Street Cultural Mall,Kolkata,West Bengal,Home_Garden,247819.03,0.1,0,Regular_Week,22.6,97.45,182.5,7.53,110000
2024-02-23,Store_06,Kolkata - Park Street Cultural Mall,Kolkata,West Bengal,Pharmacy,170205.98,0.05,0,Regular_Week,23.3,97.45,182.5,7.53,110000
2024-02-23,Store_07,Pune - Kothrud Commercial Hub,Pune,Maharashtra,Grocery,423926.17,0.1,0,Regular_Week,25.2,97.45,182.5,7.53,95000
2024-02-23,Store_07,Pune - Kothrud Commercial Hub,Pune,Maharashtra,Electronics,629827.93,0.1,0,Regular_Week,25.4,97.45,182.5,7.53,95000
2024-02-23,Store_07,Pune - Kothrud Commercial Hub,Pune,Maharashtra,Apparel,305645.46,0.05,0,Regular_Week,27.4,97.45,182.5,7.53,95000
2024-02-23,Store_07,Pune - Kothrud Commercial Hub,Pune,Maharashtra,Home_Garden,202244.51,0.0,0,Regular_Week,26.4,97.45,182.5,7.53,95000
2024-02-23,Store_07,Pune - Kothrud Commercial Hub,Pune,Maharashtra,Pharmacy,146840.39,0.0,0,Regular_Week,25.4,97.45,182.5,7.53,95000
2024-02-23,Store_08,Ahmedabad - SG Highway Hypermarket,Ahmedabad,Gujarat,Grocery,427153.82,0.05,0,Regular_Week,27.0,97.45,182.5,7.53,120000
2024-02-23,Store_08,Ahmedabad - SG Highway Hypermarket,Ahmedabad,Gujarat,Electronics,571341.07,0.0,0,Regular_Week,29.1,97.45,182.5,7.53,120000
2024-02-23,Store_08,Ahmedabad - SG Highway Hypermarket,Ahmedabad,Gujarat,Apparel,371653.58,0.15,0,Regular_Week,26.9,97.45,182.5,7.53,120000
2024-02-23,Store_08,Ahmedabad - SG Highway Hypermarket,Ahmedabad,Gujarat,Home_Garden,251049.23,0.05,0,Regular_Week,28.9,97.45,182.5,7.53,120000
2024-02-23,Store_08,Ahmedabad - SG Highway Hypermarket,Ahmedabad,Gujarat,Pharmacy,159703.55,0.0,0,Regular_Week,27.0,97.45,182.5,7.53,120000
2024-02-23,Store_09,Jaipur - MI Road Heritage Store,Jaipur,Rajasthan,Grocery,417891.3,0.15,0,Regular_Week,30.1,97.45,182.5,7.53,85000
2024-02-23,Store_09,Jaipur - MI Road Heritage Store,Jaipur,Rajasthan,Electronics,486587.99,0.0,0,Regular_Week,31.4,97.45,182.5,7.53,85000
2024-02-23,Store_09,Jaipur - MI Road Heritage Store,Jaipur,Rajasthan,Apparel,291934.2,0.0,0,Regular_Week,29.8,97.45,182.5,7.53,85000
2024-02-23,Store_09,Jaipur - MI Road Heritage Store,Jaipur,Rajasthan,Home_Garden,205504.06,0.0,0,Regular_Week,29.1,97.45,182.5,7.53,85000
2024-02-23,Store_09,Jaipur - MI Road Heritage Store,Jaipur,Rajasthan,Pharmacy,150733.26,0.0,0,Regular_Week,30.6,97.45,182.5,7.53,85000
2024-02-23,Store_10,Kochi - Marine Drive Coastal Mall,Kochi,Kerala,Grocery,407177.75,0.1,0,Regular_Week,34.6,97.45,182.5,7.53,90000
2024-02-23,Store_10,Kochi - Marine Drive Coastal Mall,Kochi,Kerala,Electronics,507912.84,0.0,0,Regular_Week,31.7,97.45,182.5,7.53,90000
2024-02-23,Store_10,Kochi - Marine Drive Coastal Mall,Kochi,Kerala,Apparel,268621.17,0.0,0,Regular_Week,34.3,97.45,182.5,7.53,90000
2024-02-23,Store_10,Kochi - Marine Drive Coastal Mall,Kochi,Kerala,Home_Garden,201748.45,0.0,0,Regular_Week,34.1,97.45,182.5,7.53,90000
2024-02-23,Store_10,Kochi - Marine Drive Coastal Mall,Kochi,Kerala,Pharmacy,164583.61,0.15,0,Regular_Week,34.6,97.45,182.5,7.53,90000
2024-03-01,Store_01,Mumbai - Bandra Kurla Complex (BKC),Mumbai,Maharashtra,Grocery,484534.66,0.1,0,Regular_Week,33.4,100.03,182.8,7.6,165000
2024-03-01,Store_01,Mumbai - Bandra Kurla Complex (BKC),Mumbai,Maharashtra,Electronics,724096.27,0.0,0,Regular_Week,32.3,100.03,182.8,7.6,165000
2024-03-01,Store_01,Mumbai - Bandra Kurla Complex (BKC),Mumbai,Maharashtra,Apparel,429833.25,0.15,0,Regular_Week,33.7,100.03,182.8,7.6,165000
2024-03-01,Store_01,Mumbai - Bandra Kurla Complex (BKC),Mumbai,Maharashtra,Home_Garden,305586.48,0.0,0,Regular_Week,32.1,100.03,182.8,7.6,165000
2024-03-01,Store_01,Mumbai - Bandra Kurla Complex (BKC),Mumbai,Maharashtra,Pharmacy,194734.02,0.0,0,Regular_Week,32.4,100.03,182.8,7.6,165000
2024-03-01,Store_02,Bengaluru - Indiranagar Tech Hub,Bengaluru,Karnataka,Grocery,461610.2,0.0,0,Regular_Week,25.5,100.03,182.8,7.6,140000
2024-03-01,Store_02,Bengaluru - Indiranagar Tech Hub,Bengaluru,Karnataka,Electronics,676824.5,0.0,0,Regular_Week,25.7,100.03,182.8,7.6,140000
2024-03-01,Store_02,Bengaluru - Indiranagar Tech Hub,Bengaluru,Karnataka,Apparel,356409.97,0.0,0,Regular_Week,24.1,100.03,182.8,7.6,140000
2024-03-01,Store_02,Bengaluru - Indiranagar Tech Hub,Bengaluru,Karnataka,Home_Garden,248661.18,0.0,0,Regular_Week,24.6,100.03,182.8,7.6,140000
2024-03-01,Store_02,Bengaluru - Indiranagar Tech Hub,Bengaluru,Karnataka,Pharmacy,199725.66,0.05,0,Regular_Week,25.6,100.03,182.8,7.6,140000
2024-03-01,Store_03,New Delhi - Connaught Place Flagship,New Delhi,Delhi NCR,Grocery,415457.63,0.0,0,Regular_Week,30.8,100.03,182.8,7.6,150000
2024-03-01,Store_03,New Delhi - Connaught Place Flagship,New Delhi,Delhi NCR,Electronics,702008.29,0.0,0,Regular_Week,30.5,100.03,182.8,7.6,150000
2024-03-01,Store_03,New Delhi - Connaught Place Flagship,New Delhi,Delhi NCR,Apparel,391808.21,0.0,0,Regular_Week,30.7,100.03,182.8,7.6,150000
2024-03-01,Store_03,New Delhi - Connaught Place Flagship,New Delhi,Delhi NCR,Home_Garden,267353.64,0.0,0,Regular_Week,31.1,100.03,182.8,7.6,150000
2024-03-01,Store_03,New Delhi - Connaught Place Flagship,New Delhi,Delhi NCR,Pharmacy,229898.3,0.15,0,Regular_Week,30.5,100.03,182.8,7.6,150000
2024-03-01,Store_04,Chennai - T. Nagar Shopping Plaza,Chennai,Tamil Nadu,Grocery,394446.84,0.0,0,Regular_Week,31.6,100.03,182.8,7.6,125000
2024-03-01,Store_04,Chennai - T. Nagar Shopping Plaza,Chennai,Tamil Nadu,Electronics,565321.19,0.0,0,Regular_Week,32.7,100.03,182.8,7.6,125000
2024-03-01,Store_04,Chennai - T. Nagar Shopping Plaza,Chennai,Tamil Nadu,Apparel,317597.47,0.0,0,Regular_Week,33.7,100.03,182.8,7.6,125000
2024-03-01,Store_04,Chennai - T. Nagar Shopping Plaza,Chennai,Tamil Nadu,Home_Garden,242754.67,0.1,0,Regular_Week,33.8,100.03,182.8,7.6,125000
2024-03-01,Store_04,Chennai - T. Nagar Shopping Plaza,Chennai,Tamil Nadu,Pharmacy,184695.58,0.0,0,Regular_Week,33.0,100.03,182.8,7.6,125000
2024-03-01,Store_05,Hyderabad - Hitec City Cyber Towers,Hyderabad,Telangana,Grocery,397368.21,0.0,0,Regular_Week,32.8,100.03,182.8,7.6,130000
2024-03-01,Store_05,Hyderabad - Hitec City Cyber Towers,Hyderabad,Telangana,Electronics,611664.39,0.0,0,Regular_Week,30.4,100.03,182.8,7.6,130000
2024-03-01,Store_05,Hyderabad - Hitec City Cyber Towers,Hyderabad,Telangana,Apparel,365087.87,0.1,0,Regular_Week,31.3,100.03,182.8,7.6,130000
2024-03-01,Store_05,Hyderabad - Hitec City Cyber Towers,Hyderabad,Telangana,Home_Garden,263417.99,0.05,0,Regular_Week,30.8,100.03,182.8,7.6,130000
2024-03-01,Store_05,Hyderabad - Hitec City Cyber Towers,Hyderabad,Telangana,Pharmacy,205324.58,0.05,0,Regular_Week,30.6,100.03,182.8,7.6,130000
2024-03-01,Store_06,Kolkata - Park Street Cultural Mall,Kolkata,West Bengal,Grocery,371790.91,0.0,0,Regular_Week,27.8,100.03,182.8,7.6,110000
2024-03-01,Store_06,Kolkata - Park Street Cultural Mall,Kolkata,West Bengal,Electronics,524211.06,0.0,0,Regular_Week,29.4,100.03,182.8,7.6,110000
2024-03-01,Store_06,Kolkata - Park Street Cultural Mall,Kolkata,West Bengal,Apparel,323162.53,0.0,0,Regular_Week,29.2,100.03,182.8,7.6,110000
2024-03-01,Store_06,Kolkata - Park Street Cultural Mall,Kolkata,West Bengal,Home_Garden,227251.34,0.0,0,Regular_Week,28.8,100.03,182.8,7.6,110000
2024-03-01,Store_06,Kolkata - Park Street Cultural Mall,Kolkata,West Bengal,Pharmacy,155115.46,0.0,0,Regular_Week,29.8,100.03,182.8,7.6,110000
2024-03-01,Store_07,Pune - Kothrud Commercial Hub,Pune,Maharashtra,Grocery,352724.7,0.0,0,Regular_Week,31.5,100.03,182.8,7.6,95000
2024-03-01,Store_07,Pune - Kothrud Commercial Hub,Pune,Maharashtra,Electronics,530380.85,0.0,0,Regular_Week,31.8,100.03,182.8,7.6,95000
2024-03-01,Store_07,Pune - Kothrud Commercial Hub,Pune,Maharashtra,Apparel,297974.31,0.0,0,Regular_Week,30.7,100.03,182.8,7.6,95000
2024-03-01,Store_07,Pune - Kothrud Commercial Hub,Pune,Maharashtra,Home_Garden,259304.33,0.15,0,Regular_Week,32.4,100.03,182.8,7.6,95000
2024-03-01,Store_07,Pune - Kothrud Commercial Hub,Pune,Maharashtra,Pharmacy,163104.67,0.0,0,Regular_Week,32.2,100.03,182.8,7.6,95000
2024-03-01,Store_08,Ahmedabad - SG Highway Hypermarket,Ahmedabad,Gujarat,Grocery,401558.75,0.0,0,Regular_Week,24.0,100.03,182.8,7.6,120000
2024-03-01,Store_08,Ahmedabad - SG Highway Hypermarket,Ahmedabad,Gujarat,Electronics,673919.52,0.1,0,Regular_Week,25.4,100.03,182.8,7.6,120000
2024-03-01,Store_08,Ahmedabad - SG Highway Hypermarket,Ahmedabad,Gujarat,Apparel,308044.35,0.0,0,Regular_Week,23.3,100.03,182.8,7.6,120000
2024-03-01,Store_08,Ahmedabad - SG Highway Hypermarket,Ahmedabad,Gujarat,Home_Garden,250496.64,0.05,0,Regular_Week,24.7,100.03,182.8,7.6,120000
2024-03-01,Store_08,Ahmedabad - SG Highway Hypermarket,Ahmedabad,Gujarat,Pharmacy,158922.17,0.0,0,Regular_Week,23.0,100.03,182.8,7.6,120000
2024-03-01,Store_09,Jaipur - MI Road Heritage Store,Jaipur,Rajasthan,Grocery,354335.56,0.0,0,Regular_Week,30.6,100.03,182.8,7.6,85000
2024-03-01,Store_09,Jaipur - MI Road Heritage Store,Jaipur,Rajasthan,Electronics,514327.72,0.0,0,Regular_Week,30.3,100.03,182.8,7.6,85000
2024-03-01,Store_09,Jaipur - MI Road Heritage Store,Jaipur,Rajasthan,Apparel,276106.42,0.0,0,Regular_Week,29.7,100.03,182.8,7.6,85000
2024-03-01,Store_09,Jaipur - MI Road Heritage Store,Jaipur,Rajasthan,Home_Garden,176017.8,0.0,0,Regular_Week,30.4,100.03,182.8,7.6,85000
2024-03-01,Store_09,Jaipur - MI Road Heritage Store,Jaipur,Rajasthan,Pharmacy,142716.13,0.0,0,Regular_Week,30.3,100.03,182.8,7.6,85000
2024-03-01,Store_10,Kochi - Marine Drive Coastal Mall,Kochi,Kerala,Grocery,414450.95,0.1,0,Regular_Week,30.6,100.03,182.8,7.6,90000
2024-03-01,Store_10,Kochi - Marine Drive Coastal Mall,Kochi,Kerala,Electronics,578755.12,0.0,0,Regular_Week,30.5,100.03,182.8,7.6,90000
2024-03-01,Store_10,Kochi - Marine Drive Coastal Mall,Kochi,Kerala,Apparel,289577.89,0.0,0,Regular_Week,31.0,100.03,182.8,7.6,90000
2024-03-01,Store_10,Kochi - Marine Drive Coastal Mall,Kochi,Kerala,Home_Garden,208619.3,0.05,0,Regular_Week,30.7,100.03,182.8,7.6,90000
2024-03-01,Store_10,Kochi - Marine Drive Coastal Mall,Kochi,Kerala,Pharmacy,147752.26,0.05,0,Regular_Week,30.5,100.03,182.8,7.6,90000
2024-03-08,Store_01,Mumbai - Bandra Kurla Complex (BKC),Mumbai,Maharashtra,Grocery,471239.05,0.0,0,Regular_Week,29.1,99.24,183.3,6.7,165000
2024-03-08,Store_01,Mumbai - Bandra Kurla Complex (BKC),Mumbai,Maharashtra,Electronics,826772.22,0.1,0,Regular_Week,28.1,99.24,183.3,6.7,165000
2024-03-08,Store_01,Mumbai - Bandra Kurla Complex (BKC),Mumbai,Maharashtra,Apparel,414556.06,0.1,0,Regular_Week,27.9,99.24,183.3,6.7,165000
2024-03-08,Store_01,Mumbai - Bandra Kurla Complex (BKC),Mumbai,Maharashtra,Home_Garden,337257.91,0.15,0,Regular_Week,29.4,99.24,183.3,6.7,165000
2024-03-08,Store_01,Mumbai - Bandra Kurla Complex (BKC),Mumbai,Maharashtra,Pharmacy,234159.65,0.15,0,Regular_Week,28.7,99.24,183.3,6.7,165000
2024-03-08,Store_02,Bengaluru - Indiranagar Tech Hub,Bengaluru,Karnataka,Grocery,470363.97,0.0,0,Regular_Week,22.5,99.24,183.3,6.7,140000
2024-03-08,Store_02,Bengaluru - Indiranagar Tech Hub,Bengaluru,Karnataka,Electronics,853185.6,0.15,0,Regular_Week,24.3,99.24,183.3,6.7,140000
2024-03-08,Store_02,Bengaluru - Indiranagar Tech Hub,Bengaluru,Karnataka,Apparel,369712.39,0.0,0,Regular_Week,23.8,99.24,183.3,6.7,140000
2024-03-08,Store_02,Bengaluru - Indiranagar Tech Hub,Bengaluru,Karnataka,Home_Garden,257258.08,0.0,0,Regular_Week,23.2,99.24,183.3,6.7,140000
2024-03-08,Store_02,Bengaluru - Indiranagar Tech Hub,Bengaluru,Karnataka,Pharmacy,173169.94,0.0,0,Regular_Week,24.8,99.24,183.3,6.7,140000
2024-03-08,Store_03,New Delhi - Connaught Place Flagship,New Delhi,Delhi NCR,Grocery,456506.05,0.0,0,Regular_Week,29.5,99.24,183.3,6.7,150000
2024-03-08,Store_03,New Delhi - Connaught Place Flagship,New Delhi,Delhi NCR,Electronics,780184.07,0.1,0,Regular_Week,30.3,99.24,183.3,6.7,150000
2024-03-08,Store_03,New Delhi - Connaught Place Flagship,New Delhi,Delhi NCR,Apparel,357411.6,0.0,0,Regular_Week,31.4,99.24,183.3,6.7,150000
2024-03-08,Store_03,New Delhi - Connaught Place Flagship,New Delhi,Delhi NCR,Home_Garden,261417.67,0.0,0,Regular_Week,30.8,99.24,183.3,6.7,150000
2024-03-08,Store_03,New Delhi - Connaught Place Flagship,New Delhi,Delhi NCR,Pharmacy,197440.05,0.0,0,Regular_Week,30.2,99.24,183.3,6.7,150000
2024-03-08,Store_04,Chennai - T. Nagar Shopping Plaza,Chennai,Tamil Nadu,Grocery,344005.89,0.0,0,Regular_Week,31.1,99.24,183.3,6.7,125000
2024-03-08,Store_04,Chennai - T. Nagar Shopping Plaza,Chennai,Tamil Nadu,Electronics,562006.99,0.0,0,Regular_Week,31.6,99.24,183.3,6.7,125000
2024-03-08,Store_04,Chennai - T. Nagar Shopping Plaza,Chennai,Tamil Nadu,Apparel,320871.62,0.0,0,Regular_Week,28.8,99.24,183.3,6.7,125000
2024-03-08,Store_04,Chennai - T. Nagar Shopping Plaza,Chennai,Tamil Nadu,Home_Garden,279007.62,0.15,0,Regular_Week,31.1,99.24,183.3,6.7,125000
2024-03-08,Store_04,Chennai - T. Nagar Shopping Plaza,Chennai,Tamil Nadu,Pharmacy,174267.97,0.0,0,Regular_Week,29.9,99.24,183.3,6.7,125000
2024-03-08,Store_05,Hyderabad - Hitec City Cyber Towers,Hyderabad,Telangana,Grocery,424224.64,0.05,0,Regular_Week,26.6,99.24,183.3,6.7,130000
2024-03-08,Store_05,Hyderabad - Hitec City Cyber Towers,Hyderabad,Telangana,Electronics,618060.71,0.05,0,Regular_Week,24.4,99.24,183.3,6.7,130000
2024-03-08,Store_05,Hyderabad - Hitec City Cyber Towers,Hyderabad,Telangana,Apparel,328094.33,0.0,0,Regular_Week,24.2,99.24,183.3,6.7,130000
2024-03-08,Store_05,Hyderabad - Hitec City Cyber Towers,Hyderabad,Telangana,Home_Garden,232919.73,0.0,0,Regular_Week,25.7,99.24,183.3,6.7,130000
2024-03-08,Store_05,Hyderabad - Hitec City Cyber Towers,Hyderabad,Telangana,Pharmacy,192975.17,0.0,0,Regular_Week,24.4,99.24,183.3,6.7,130000
2024-03-08,Store_06,Kolkata - Park Street Cultural Mall,Kolkata,West Bengal,Grocery,387209.45,0.0,0,Regular_Week,25.0,99.24,183.3,6.7,110000
2024-03-08,Store_06,Kolkata - Park Street Cultural Mall,Kolkata,West Bengal,Electronics,656061.59,0.1,0,Regular_Week,26.1,99.24,183.3,6.7,110000
2024-03-08,Store_06,Kolkata - Park Street Cultural Mall,Kolkata,West Bengal,Apparel,371407.58,0.15,0,Regular_Week,27.2,99.24,183.3,6.7,110000
2024-03-08,Store_06,Kolkata - Park Street Cultural Mall,Kolkata,West Bengal,Home_Garden,212821.16,0.0,0,Regular_Week,26.6,99.24,183.3,6.7,110000
2024-03-08,Store_06,Kolkata - Park Street Cultural Mall,Kolkata,West Bengal,Pharmacy,163183.57,0.0,0,Regular_Week,27.1,99.24,183.3,6.7,110000
2024-03-08,Store_07,Pune - Kothrud Commercial Hub,Pune,Maharashtra,Grocery,307805.59,0.0,0,Regular_Week,25.3,99.24,183.3,6.7,95000
2024-03-08,Store_07,Pune - Kothrud Commercial Hub,Pune,Maharashtra,Electronics,625551.68,0.1,0,Regular_Week,25.6,99.24,183.3,6.7,95000
2024-03-08,Store_07,Pune - Kothrud Commercial Hub,Pune,Maharashtra,Apparel,312508.94,0.0,0,Regular_Week,27.0,99.24,183.3,6.7,95000
2024-03-08,Store_07,Pune - Kothrud Commercial Hub,Pune,Maharashtra,Home_Garden,220572.77,0.05,0,Regular_Week,25.4,99.24,183.3,6.7,95000
2024-03-08,Store_07,Pune - Kothrud Commercial Hub,Pune,Maharashtra,Pharmacy,162382.03,0.0,0,Regular_Week,25.3,99.24,183.3,6.7,95000
2024-03-08,Store_08,Ahmedabad - SG Highway Hypermarket,Ahmedabad,Gujarat,Grocery,424972.97,0.05,0,Regular_Week,23.4,99.24,183.3,6.7,120000
2024-03-08,Store_08,Ahmedabad - SG Highway Hypermarket,Ahmedabad,Gujarat,Electronics,611973.25,0.0,0,Regular_Week,20.7,99.24,183.3,6.7,120000
2024-03-08,Store_08,Ahmedabad - SG Highway Hypermarket,Ahmedabad,Gujarat,Apparel,287994.27,0.0,0,Regular_Week,22.6,99.24,183.3,6.7,120000
2024-03-08,Store_08,Ahmedabad - SG Highway Hypermarket,Ahmedabad,Gujarat,Home_Garden,223126.92,0.0,0,Regular_Week,23.4,99.24,183.3,6.7,120000
2024-03-08,Store_08,Ahmedabad - SG Highway Hypermarket,Ahmedabad,Gujarat,Pharmacy,182080.68,0.1,0,Regular_Week,22.1,99.24,183.3,6.7,120000
2024-03-08,Store_09,Jaipur - MI Road Heritage Store,Jaipur,Rajasthan,Grocery,404057.48,0.15,0,Regular_Week,28.8,99.24,183.3,6.7,85000
2024-03-08,Store_09,Jaipur - MI Road Heritage Store,Jaipur,Rajasthan,Electronics,491055.68,0.0,0,Regular_Week,28.7,99.24,183.3,6.7,85000
2024-03-08,Store_09,Jaipur - MI Road Heritage Store,Jaipur,Rajasthan,Apparel,316871.83,0.15,0,Regular_Week,28.9,99.24,183.3,6.7,85000
2024-03-08,Store_09,Jaipur - MI Road Heritage Store,Jaipur,Rajasthan,Home_Garden,191941.18,0.0,0,Regular_Week,30.6,99.24,183.3,6.7,85000
2024-03-08,Store_09,Jaipur - MI Road Heritage Store,Jaipur,Rajasthan,Pharmacy,153707.22,0.05,0,Regular_Week,30.8,99.24,183.3,6.7,85000
2024-03-08,Store_10,Kochi - Marine Drive Coastal Mall,Kochi,Kerala,Grocery,354170.22,0.0,0,Regular_Week,33.5,99.24,183.3,6.7,90000
2024-03-08,Store_10,Kochi - Marine Drive Coastal Mall,Kochi,Kerala,Electronics,516483.45,0.0,0,Regular_Week,33.2,99.24,183.3,6.7,90000
2024-03-08,Store_10,Kochi - Marine Drive Coastal Mall,Kochi,Kerala,Apparel,346525.12,0.15,0,Regular_Week,32.0,99.24,183.3,6.7,90000
2024-03-08,Store_10,Kochi - Marine Drive Coastal Mall,Kochi,Kerala,Home_Garden,252766.59,0.15,0,Regular_Week,33.6,99.24,183.3,6.7,90000
2024-03-08,Store_10,Kochi - Marine Drive Coastal Mall,Kochi,Kerala,Pharmacy,146420.06,0.0,0,Regular_Week,31.5,99.24,183.3,6.7,90000
2024-03-15,Store_01,Mumbai - Bandra Kurla Complex (BKC),Mumbai,Maharashtra,Grocery,485316.81,0.0,0,Regular_Week,28.9,100.28,183.1,6.99,165000
2024-03-15,Store_01,Mumbai - Bandra Kurla Complex (BKC),Mumbai,Maharashtra,Electronics,815782.87,0.1,0,Regular_Week,28.4,100.28,183.1,6.99,165000
2024-03-15,Store_01,Mumbai - Bandra Kurla Complex (BKC),Mumbai,Maharashtra,Apparel,420052.15,0.05,0,Regular_Week,30.0,100.28,183.1,6.99,165000
2024-03-15,Store_01,Mumbai - Bandra Kurla Complex (BKC),Mumbai,Maharashtra,Home_Garden,250561.07,0.0,0,Regular_Week,27.9,100.28,183.1,6.99,165000
2024-03-15,Store_01,Mumbai - Bandra Kurla Complex (BKC),Mumbai,Maharashtra,Pharmacy,207538.81,0.0,0,Regular_Week,28.2,100.28,183.1,6.99,165000
2024-03-15,Store_02,Bengaluru - Indiranagar Tech Hub,Bengaluru,Karnataka,Grocery,469145.84,0.05,0,Regular_Week,31.8,100.28,183.1,6.99,140000
2024-03-15,Store_02,Bengaluru - Indiranagar Tech Hub,Bengaluru,Karnataka,Electronics,729916.99,0.1,0,Regular_Week,31.6,100.28,183.1,6.99,140000
2024-03-15,Store_02,Bengaluru - Indiranagar Tech Hub,Bengaluru,Karnataka,Apparel,399329.08,0.1,0,Regular_Week,33.1,100.28,183.1,6.99,140000
2024-03-15,Store_02,Bengaluru - Indiranagar Tech Hub,Bengaluru,Karnataka,Home_Garden,250138.11,0.0,0,Regular_Week,32.0,100.28,183.1,6.99,140000
2024-03-15,Store_02,Bengaluru - Indiranagar Tech Hub,Bengaluru,Karnataka,Pharmacy,185461.04,0.05,0,Regular_Week,32.1,100.28,183.1,6.99,140000
2024-03-15,Store_03,New Delhi - Connaught Place Flagship,New Delhi,Delhi NCR,Grocery,411930.32,0.0,0,Regular_Week,29.1,100.28,183.1,6.99,150000
2024-03-15,Store_03,New Delhi - Connaught Place Flagship,New Delhi,Delhi NCR,Electronics,708493.54,0.0,0,Regular_Week,29.3,100.28,183.1,6.99,150000
2024-03-15,Store_03,New Delhi - Connaught Place Flagship,New Delhi,Delhi NCR,Apparel,354428.27,0.0,0,Regular_Week,30.5,100.28,183.1,6.99,150000
2024-03-15,Store_03,New Delhi - Connaught Place Flagship,New Delhi,Delhi NCR,Home_Garden,290540.15,0.05,0,Regular_Week,29.8,100.28,183.1,6.99,150000
2024-03-15,Store_03,New Delhi - Connaught Place Flagship,New Delhi,Delhi NCR,Pharmacy,237487.94,0.15,0,Regular_Week,30.3,100.28,183.1,6.99,150000
2024-03-15,Store_04,Chennai - T. Nagar Shopping Plaza,Chennai,Tamil Nadu,Grocery,373512.55,0.0,0,Regular_Week,33.2,100.28,183.1,6.99,125000
2024-03-15,Store_04,Chennai - T. Nagar Shopping Plaza,Chennai,Tamil Nadu,Electronics,661503.31,0.05,0,Regular_Week,34.1,100.28,183.1,6.99,125000
2024-03-15,Store_04,Chennai - T. Nagar Shopping Plaza,Chennai,Tamil Nadu,Apparel,313045.03,0.0,0,Regular_Week,34.4,100.28,183.1,6.99,125000
2024-03-15,Store_04,Chennai - T. Nagar Shopping Plaza,Chennai,Tamil Nadu,Home_Garden,301421.01,0.15,0,Regular_Week,32.7,100.28,183.1,6.99,125000
2024-03-15,Store_04,Chennai - T. Nagar Shopping Plaza,Chennai,Tamil Nadu,Pharmacy,179819.11,0.0,0,Regular_Week,34.4,100.28,183.1,6.99,125000
2024-03-15,Store_05,Hyderabad - Hitec City Cyber Towers,Hyderabad,Telangana,Grocery,414370.84,0.0,0,Regular_Week,28.8,100.28,183.1,6.99,130000
2024-03-15,Store_05,Hyderabad - Hitec City Cyber Towers,Hyderabad,Telangana,Electronics,682873.57,0.1,0,Regular_Week,30.2,100.28,183.1,6.99,130000
2024-03-15,Store_05,Hyderabad - Hitec City Cyber Towers,Hyderabad,Telangana,Apparel,289258.9,0.0,0,Regular_Week,28.2,100.28,183.1,6.99,130000
2024-03-15,Store_05,Hyderabad - Hitec City Cyber Towers,Hyderabad,Telangana,Home_Garden,224678.2,0.0,0,Regular_Week,29.2,100.28,183.1,6.99,130000
2024-03-15,Store_05,Hyderabad - Hitec City Cyber Towers,Hyderabad,Telangana,Pharmacy,174683.67,0.0,0,Regular_Week,29.6,100.28,183.1,6.99,130000
2024-03-15,Store_06,Kolkata - Park Street Cultural Mall,Kolkata,West Bengal,Grocery,390077.03,0.0,0,Regular_Week,26.3,100.28,183.1,6.99,110000
2024-03-15,Store_06,Kolkata - Park Street Cultural Mall,Kolkata,West Bengal,Electronics,652692.94,0.1,0,Regular_Week,26.4,100.28,183.1,6.99,110000
2024-03-15,Store_06,Kolkata - Park Street Cultural Mall,Kolkata,West Bengal,Apparel,299160.84,0.0,0,Regular_Week,24.7,100.28,183.1,6.99,110000
2024-03-15,Store_06,Kolkata - Park Street Cultural Mall,Kolkata,West Bengal,Home_Garden,235894.34,0.1,0,Regular_Week,26.8,100.28,183.1,6.99,110000
2024-03-15,Store_06,Kolkata - Park Street Cultural Mall,Kolkata,West Bengal,Pharmacy,167655.1,0.0,0,Regular_Week,25.9,100.28,183.1,6.99,110000
2024-03-15,Store_07,Pune - Kothrud Commercial Hub,Pune,Maharashtra,Grocery,395668.11,0.05,0,Regular_Week,27.8,100.28,183.1,6.99,95000
2024-03-15,Store_07,Pune - Kothrud Commercial Hub,Pune,Maharashtra,Electronics,569858.47,0.0,0,Regular_Week,28.1,100.28,183.1,6.99,95000
2024-03-15,Store_07,Pune - Kothrud Commercial Hub,Pune,Maharashtra,Apparel,332954.6,0.1,0,Regular_Week,27.6,100.28,183.1,6.99,95000
2024-03-15,Store_07,Pune - Kothrud Commercial Hub,Pune,Maharashtra,Home_Garden,192082.92,0.0,0,Regular_Week,29.2,100.28,183.1,6.99,95000
2024-03-15,Store_07,Pune - Kothrud Commercial Hub,Pune,Maharashtra,Pharmacy,144951.11,0.0,0,Regular_Week,27.4,100.28,183.1,6.99,95000
2024-03-15,Store_08,Ahmedabad - SG Highway Hypermarket,Ahmedabad,Gujarat,Grocery,375638.89,0.0,0,Regular_Week,28.0,100.28,183.1,6.99,120000
2024-03-15,Store_08,Ahmedabad - SG Highway Hypermarket,Ahmedabad,Gujarat,Electronics,541040.62,0.0,0,Regular_Week,29.1,100.28,183.1,6.99,120000
2024-03-15,Store_08,Ahmedabad - SG Highway Hypermarket,Ahmedabad,Gujarat,Apparel,344923.98,0.05,0,Regular_Week,28.9,100.28,183.1,6.99,120000
2024-03-15,Store_08,Ahmedabad - SG Highway Hypermarket,Ahmedabad,Gujarat,Home_Garden,232162.7,0.0,0,Regular_Week,29.6,100.28,183.1,6.99,120000
2024-03-15,Store_08,Ahmedabad - SG Highway Hypermarket,Ahmedabad,Gujarat,Pharmacy,171267.4,0.0,0,Regular_Week,30.0,100.28,183.1,6.99,120000
2024-03-15,Store_09,Jaipur - MI Road Heritage Store,Jaipur,Rajasthan,Grocery,342473.02,0.0,0,Regular_Week,29.4,100.28,183.1,6.99,85000
2024-03-15,Store_09,Jaipur - MI Road Heritage Store,Jaipur,Rajasthan,Electronics,461598.35,0.0,0,Regular_Week,29.6,100.28,183.1,6.99,85000
2024-03-15,Store_09,Jaipur - MI Road Heritage Store,Jaipur,Rajasthan,Apparel,279324.04,0.0,0,Regular_Week,28.7,100.28,183.1,6.99,85000
2024-03-15,Store_09,Jaipur - MI Road Heritage Store,Jaipur,Rajasthan,Home_Garden,188737.98,0.0,0,Regular_Week,31.0,100.28,183.1,6.99,85000
2024-03-15,Store_09,Jaipur - MI Road Heritage Store,Jaipur,Rajasthan,Pharmacy,160859.12,0.0,0,Regular_Week,31.4,100.28,183.1,6.99,85000
2024-03-15,Store_10,Kochi - Marine Drive Coastal Mall,Kochi,Kerala,Grocery,347014.62,0.0,0,Regular_Week,28.6,100.28,183.1,6.99,90000
2024-03-15,Store_10,Kochi - Marine Drive Coastal Mall,Kochi,Kerala,Electronics,657715.57,0.15,0,Regular_Week,29.2,100.28,183.1,6.99,90000
2024-03-15,Store_10,Kochi - Marine Drive Coastal Mall,Kochi,Kerala,Apparel,256067.8,0.0,0,Regular_Week,29.4,100.28,183.1,6.99,90000
2024-03-15,Store_10,Kochi - Marine Drive Coastal Mall,Kochi,Kerala,Home_Garden,204198.51,0.0,0,Regular_Week,28.6,100.28,183.1,6.99,90000
2024-03-15,Store_10,Kochi - Marine Drive Coastal Mall,Kochi,Kerala,Pharmacy,177244.26,0.1,0,Regular_Week,31.0,100.28,183.1,6.99,90000
2024-03-22,Store_01,Mumbai - Bandra Kurla Complex (BKC),Mumbai,Maharashtra,Grocery,828733.45,0.15,1,Holi_Color_Carnival,32.5,99.44,183.1,6.91,165000
2024-03-22,Store_01,Mumbai - Bandra Kurla Complex (BKC),Mumbai,Maharashtra,Electronics,1137426.24,0.2,1,Holi_Color_Carnival,30.2,99.44,183.1,6.91,165000
2024-03-22,Store_01,Mumbai - Bandra Kurla Complex (BKC),Mumbai,Maharashtra,Apparel,721175.9,0.2,1,Holi_Color_Carnival,30.5,99.44,183.1,6.91,165000
2024-03-22,Store_01,Mumbai - Bandra Kurla Complex (BKC),Mumbai,Maharashtra,Home_Garden,421493.34,0.15,1,Holi_Color_Carnival,30.7,99.44,183.1,6.91,165000
2024-03-22,Store_01,Mumbai - Bandra Kurla Complex (BKC),Mumbai,Maharashtra,Pharmacy,286773.12,0.15,1,Holi_Color_Carnival,30.4,99.44,183.1,6.91,165000
2024-03-22,Store_02,Bengaluru - Indiranagar Tech Hub,Bengaluru,Karnataka,Grocery,791439.93,0.15,1,Holi_Color_Carnival,21.9,99.44,183.1,6.91,140000
2024-03-22,Store_02,Bengaluru - Indiranagar Tech Hub,Bengaluru,Karnataka,Electronics,1112979.86,0.2,1,Holi_Color_Carnival,23.9,99.44,183.1,6.91,140000
2024-03-22,Store_02,Bengaluru - Indiranagar Tech Hub,Bengaluru,Karnataka,Apparel,641175.01,0.2,1,Holi_Color_Carnival,23.1,99.44,183.1,6.91,140000
2024-03-22,Store_02,Bengaluru - Indiranagar Tech Hub,Bengaluru,Karnataka,Home_Garden,389649.17,0.15,1,Holi_Color_Carnival,21.0,99.44,183.1,6.91,140000
2024-03-22,Store_02,Bengaluru - Indiranagar Tech Hub,Bengaluru,Karnataka,Pharmacy,294213.9,0.15,1,Holi_Color_Carnival,22.4,99.44,183.1,6.91,140000
2024-03-22,Store_03,New Delhi - Connaught Place Flagship,New Delhi,Delhi NCR,Grocery,863846.11,0.15,1,Holi_Color_Carnival,29.5,99.44,183.1,6.91,150000
2024-03-22,Store_03,New Delhi - Connaught Place Flagship,New Delhi,Delhi NCR,Electronics,1041413.91,0.2,1,Holi_Color_Carnival,29.6,99.44,183.1,6.91,150000
2024-03-22,Store_03,New Delhi - Connaught Place Flagship,New Delhi,Delhi NCR,Apparel,678374.61,0.2,1,Holi_Color_Carnival,31.1,99.44,183.1,6.91,150000
2024-03-22,Store_03,New Delhi - Connaught Place Flagship,New Delhi,Delhi NCR,Home_Garden,386884.72,0.15,1,Holi_Color_Carnival,29.6,99.44,183.1,6.91,150000
2024-03-22,Store_03,New Delhi - Connaught Place Flagship,New Delhi,Delhi NCR,Pharmacy,281443.45,0.15,1,Holi_Color_Carnival,29.5,99.44,183.1,6.91,150000
2024-03-22,Store_04,Chennai - T. Nagar Shopping Plaza,Chennai,Tamil Nadu,Grocery,705010.35,0.15,1,Holi_Color_Carnival,29.6,99.44,183.1,6.91,125000
2024-03-22,Store_04,Chennai - T. Nagar Shopping Plaza,Chennai,Tamil Nadu,Electronics,911238.09,0.2,1,Holi_Color_Carnival,28.0,99.44,183.1,6.91,125000
2024-03-22,Store_04,Chennai - T. Nagar Shopping Plaza,Chennai,Tamil Nadu,Apparel,599785.87,0.2,1,Holi_Color_Carnival,29.7,99.44,183.1,6.91,125000
2024-03-22,Store_04,Chennai - T. Nagar Shopping Plaza,Chennai,Tamil Nadu,Home_Garden,333368.46,0.15,1,Holi_Color_Carnival,28.2,99.44,183.1,6.91,125000
2024-03-22,Store_04,Chennai - T. Nagar Shopping Plaza,Chennai,Tamil Nadu,Pharmacy,238676.05,0.15,1,Holi_Color_Carnival,30.6,99.44,183.1,6.91,125000
2024-03-22,Store_05,Hyderabad - Hitec City Cyber Towers,Hyderabad,Telangana,Grocery,697179.43,0.15,1,Holi_Color_Carnival,25.7,99.44,183.1,6.91,130000
2024-03-22,Store_05,Hyderabad - Hitec City Cyber Towers,Hyderabad,Telangana,Electronics,968950.44,0.2,1,Holi_Color_Carnival,27.3,99.44,183.1,6.91,130000
2024-03-22,Store_05,Hyderabad - Hitec City Cyber Towers,Hyderabad,Telangana,Apparel,647604.29,0.2,1,Holi_Color_Carnival,25.0,99.44,183.1,6.91,130000
2024-03-22,Store_05,Hyderabad - Hitec City Cyber Towers,Hyderabad,Telangana,Home_Garden,337552.73,0.15,1,Holi_Color_Carnival,27.5,99.44,183.1,6.91,130000
2024-03-22,Store_05,Hyderabad - Hitec City Cyber Towers,Hyderabad,Telangana,Pharmacy,235763.73,0.15,1,Holi_Color_Carnival,26.6,99.44,183.1,6.91,130000
2024-03-22,Store_06,Kolkata - Park Street Cultural Mall,Kolkata,West Bengal,Grocery,640669.38,0.15,1,Holi_Color_Carnival,28.9,99.44,183.1,6.91,110000
2024-03-22,Store_06,Kolkata - Park Street Cultural Mall,Kolkata,West Bengal,Electronics,937324.98,0.2,1,Holi_Color_Carnival,28.7,99.44,183.1,6.91,110000
2024-03-22,Store_06,Kolkata - Park Street Cultural Mall,Kolkata,West Bengal,Apparel,600154.56,0.2,1,Holi_Color_Carnival,29.3,99.44,183.1,6.91,110000
2024-03-22,Store_06,Kolkata - Park Street Cultural Mall,Kolkata,West Bengal,Home_Garden,341876.86,0.15,1,Holi_Color_Carnival,30.9,99.44,183.1,6.91,110000
2024-03-22,Store_06,Kolkata - Park Street Cultural Mall,Kolkata,West Bengal,Pharmacy,212990.97,0.15,1,Holi_Color_Carnival,30.8,99.44,183.1,6.91,110000
2024-03-22,Store_07,Pune - Kothrud Commercial Hub,Pune,Maharashtra,Grocery,625627.17,0.15,1,Holi_Color_Carnival,25.0,99.44,183.1,6.91,95000
2024-03-22,Store_07,Pune - Kothrud Commercial Hub,Pune,Maharashtra,Electronics,811605.99,0.2,1,Holi_Color_Carnival,25.3,99.44,183.1,6.91,95000
2024-03-22,Store_07,Pune - Kothrud Commercial Hub,Pune,Maharashtra,Apparel,574580.72,0.2,1,Holi_Color_Carnival,25.4,99.44,183.1,6.91,95000
2024-03-22,Store_07,Pune - Kothrud Commercial Hub,Pune,Maharashtra,Home_Garden,307385.46,0.15,1,Holi_Color_Carnival,25.4,99.44,183.1,6.91,95000
2024-03-22,Store_07,Pune - Kothrud Commercial Hub,Pune,Maharashtra,Pharmacy,225702.22,0.15,1,Holi_Color_Carnival,23.9,99.44,183.1,6.91,95000
2024-03-22,Store_08,Ahmedabad - SG Highway Hypermarket,Ahmedabad,Gujarat,Grocery,746419.25,0.15,1,Holi_Color_Carnival,31.2,99.44,183.1,6.91,120000
2024-03-22,Store_08,Ahmedabad - SG Highway Hypermarket,Ahmedabad,Gujarat,Electronics,1023172.21,0.2,1,Holi_Color_Carnival,32.3,99.44,183.1,6.91,120000
2024-03-22,Store_08,Ahmedabad - SG Highway Hypermarket,Ahmedabad,Gujarat,Apparel,575140.84,0.2,1,Holi_Color_Carnival,30.4,99.44,183.1,6.91,120000
2024-03-22,Store_08,Ahmedabad - SG Highway Hypermarket,Ahmedabad,Gujarat,Home_Garden,362879.29,0.15,1,Holi_Color_Carnival,31.8,99.44,183.1,6.91,120000
2024-03-22,Store_08,Ahmedabad - SG Highway Hypermarket,Ahmedabad,Gujarat,Pharmacy,247760.05,0.15,1,Holi_Color_Carnival,31.5,99.44,183.1,6.91,120000
2024-03-22,Store_09,Jaipur - MI Road Heritage Store,Jaipur,Rajasthan,Grocery,601640.44,0.15,1,Holi_Color_Carnival,30.9,99.44,183.1,6.91,85000
2024-03-22,Store_09,Jaipur - MI Road Heritage Store,Jaipur,Rajasthan,Electronics,808212.98,0.2,1,Holi_Color_Carnival,29.4,99.44,183.1,6.91,85000
2024-03-22,Store_09,Jaipur - MI Road Heritage Store,Jaipur,Rajasthan,Apparel,550337.83,0.2,1,Holi_Color_Carnival,29.8,99.44,183.1,6.91,85000
2024-03-22,Store_09,Jaipur - MI Road Heritage Store,Jaipur,Rajasthan,Home_Garden,339477.86,0.15,1,Holi_Color_Carnival,30.8,99.44,183.1,6.91,85000
2024-03-22,Store_09,Jaipur - MI Road Heritage Store,Jaipur,Rajasthan,Pharmacy,214755.94,0.15,1,Holi_Color_Carnival,31.3,99.44,183.1,6.91,85000
2024-03-22,Store_10,Kochi - Marine Drive Coastal Mall,Kochi,Kerala,Grocery,626651.0,0.15,1,Holi_Color_Carnival,33.9,99.44,183.1,6.91,90000
2024-03-22,Store_10,Kochi - Marine Drive Coastal Mall,Kochi,Kerala,Electronics,783887.41,0.2,1,Holi_Color_Carnival,32.9,99.44,183.1,6.91,90000
2024-03-22,Store_10,Kochi - Marine Drive Coastal Mall,Kochi,Kerala,Apparel,505199.14,0.2,1,Holi_Color_Carnival,32.3,99.44,183.1,6.91,90000
2024-03-22,Store_10,Kochi - Marine Drive Coastal Mall,Kochi,Kerala,Home_Garden,290094.13,0.15,1,Holi_Color_Carnival,35.0,99.44,183.1,6.91,90000
2024-03-22,Store_10,Kochi - Marine Drive Coastal Mall,Kochi,Kerala,Pharmacy,229612.85,0.15,1,Holi_Color_Carnival,32.8,99.44,183.1,6.91,90000
2024-03-29,Store_01,Mumbai - Bandra Kurla Complex (BKC),Mumbai,Maharashtra,Grocery,531626.93,0.1,0,Regular_Week,31.3,103.33,182.8,6.71,165000
2024-03-29,Store_01,Mumbai - Bandra Kurla Complex (BKC),Mumbai,Maharashtra,Electronics,683419.49,0.0,0,Regular_Week,30.5,103.33,182.8,6.71,165000
2024-03-29,Store_01,Mumbai - Bandra Kurla Complex (BKC),Mumbai,Maharashtra,Apparel,414459.05,0.05,0,Regular_Week,31.5,103.33,182.8,6.71,165000
2024-03-29,Store_01,Mumbai - Bandra Kurla Complex (BKC),Mumbai,Maharashtra,Home_Garden,275174.46,0.0,0,Regular_Week,30.2,103.33,182.8,6.71,165000
2024-03-29,Store_01,Mumbai - Bandra Kurla Complex (BKC),Mumbai,Maharashtra,Pharmacy,195828.65,0.0,0,Regular_Week,31.4,103.33,182.8,6.71,165000
2024-03-29,Store_02,Bengaluru - Indiranagar Tech Hub,Bengaluru,Karnataka,Grocery,490848.12,0.1,0,Regular_Week,28.8,103.33,182.8,6.71,140000
2024-03-29,Store_02,Bengaluru - Indiranagar Tech Hub,Bengaluru,Karnataka,Electronics,815445.93,0.15,0,Regular_Week,28.0,103.33,182.8,6.71,140000
2024-03-29,Store_02,Bengaluru - Indiranagar Tech Hub,Bengaluru,Karnataka,Apparel,338922.46,0.0,0,Regular_Week,29.7,103.33,182.8,6.71,140000
2024-03-29,Store_02,Bengaluru - Indiranagar Tech Hub,Bengaluru,Karnataka,Home_Garden,278123.23,0.0,0,Regular_Week,30.7,103.33,182.8,6.71,140000
2024-03-29,Store_02,Bengaluru - Indiranagar Tech Hub,Bengaluru,Karnataka,Pharmacy,228689.76,0.1,0,Regular_Week,30.8,103.33,182.8,6.71,140000
2024-03-29,Store_03,New Delhi - Connaught Place Flagship,New Delhi,Delhi NCR,Grocery,459457.64,0.05,0,Regular_Week,28.8,103.33,182.8,6.71,150000
2024-03-29,Store_03,New Delhi - Connaught Place Flagship,New Delhi,Delhi NCR,Electronics,666377.75,0.0,0,Regular_Week,28.6,103.33,182.8,6.71,150000
2024-03-29,Store_03,New Delhi - Connaught Place Flagship,New Delhi,Delhi NCR,Apparel,427269.55,0.1,0,Regular_Week,29.0,103.33,182.8,6.71,150000
2024-03-29,Store_03,New Delhi - Connaught Place Flagship,New Delhi,Delhi NCR,Home_Garden,239398.2,0.0,0,Regular_Week,29.5,103.33,182.8,6.71,150000
2024-03-29,Store_03,New Delhi - Connaught Place Flagship,New Delhi,Delhi NCR,Pharmacy,197487.78,0.0,0,Regular_Week,31.1,103.33,182.8,6.71,150000
2024-03-29,Store_04,Chennai - T. Nagar Shopping Plaza,Chennai,Tamil Nadu,Grocery,398264.57,0.0,0,Regular_Week,29.5,103.33,182.8,6.71,125000
2024-03-29,Store_04,Chennai - T. Nagar Shopping Plaza,Chennai,Tamil Nadu,Electronics,620249.59,0.0,0,Regular_Week,30.1,103.33,182.8,6.71,125000
2024-03-29,Store_04,Chennai - T. Nagar Shopping Plaza,Chennai,Tamil Nadu,Apparel,317457.0,0.0,0,Regular_Week,30.1,103.33,182.8,6.71,125000
2024-03-29,Store_04,Chennai - T. Nagar Shopping Plaza,Chennai,Tamil Nadu,Home_Garden,296952.81,0.15,0,Regular_Week,31.2,103.33,182.8,6.71,125000
2024-03-29,Store_04,Chennai - T. Nagar Shopping Plaza,Chennai,Tamil Nadu,Pharmacy,173448.64,0.0,0,Regular_Week,31.7,103.33,182.8,6.71,125000
2024-03-29,Store_05,Hyderabad - Hitec City Cyber Towers,Hyderabad,Telangana,Grocery,492172.55,0.15,0,Regular_Week,27.8,103.33,182.8,6.71,130000
2024-03-29,Store_05,Hyderabad - Hitec City Cyber Towers,Hyderabad,Telangana,Electronics,570174.88,0.0,0,Regular_Week,28.9,103.33,182.8,6.71,130000
2024-03-29,Store_05,Hyderabad - Hitec City Cyber Towers,Hyderabad,Telangana,Apparel,393610.59,0.15,0,Regular_Week,26.7,103.33,182.8,6.71,130000
2024-03-29,Store_05,Hyderabad - Hitec City Cyber Towers,Hyderabad,Telangana,Home_Garden,259144.29,0.05,0,Regular_Week,26.9,103.33,182.8,6.71,130000
2024-03-29,Store_05,Hyderabad - Hitec City Cyber Towers,Hyderabad,Telangana,Pharmacy,171089.84,0.0,0,Regular_Week,27.1,103.33,182.8,6.71,130000
2024-03-29,Store_06,Kolkata - Park Street Cultural Mall,Kolkata,West Bengal,Grocery,402879.23,0.0,0,Regular_Week,25.0,103.33,182.8,6.71,110000
2024-03-29,Store_06,Kolkata - Park Street Cultural Mall,Kolkata,West Bengal,Electronics,534436.9,0.0,0,Regular_Week,23.6,103.33,182.8,6.71,110000
2024-03-29,Store_06,Kolkata - Park Street Cultural Mall,Kolkata,West Bengal,Apparel,267117.31,0.0,0,Regular_Week,24.1,103.33,182.8,6.71,110000
2024-03-29,Store_06,Kolkata - Park Street Cultural Mall,Kolkata,West Bengal,Home_Garden,247286.93,0.1,0,Regular_Week,24.4,103.33,182.8,6.71,110000
2024-03-29,Store_06,Kolkata - Park Street Cultural Mall,Kolkata,West Bengal,Pharmacy,168870.54,0.0,0,Regular_Week,25.7,103.33,182.8,6.71,110000
2024-03-29,Store_07,Pune - Kothrud Commercial Hub,Pune,Maharashtra,Grocery,365560.72,0.05,0,Regular_Week,26.0,103.33,182.8,6.71,95000
2024-03-29,Store_07,Pune - Kothrud Commercial Hub,Pune,Maharashtra,Electronics,617048.05,0.1,0,Regular_Week,27.4,103.33,182.8,6.71,95000
2024-03-29,Store_07,Pune - Kothrud Commercial Hub,Pune,Maharashtra,Apparel,299631.38,0.0,0,Regular_Week,27.3,103.33,182.8,6.71,95000
2024-03-29,Store_07,Pune - Kothrud Commercial Hub,Pune,Maharashtra,Home_Garden,201032.92,0.0,0,Regular_Week,27.3,103.33,182.8,6.71,95000
2024-03-29,Store_07,Pune - Kothrud Commercial Hub,Pune,Maharashtra,Pharmacy,192234.19,0.15,0,Regular_Week,27.8,103.33,182.8,6.71,95000
2024-03-29,Store_08,Ahmedabad - SG Highway Hypermarket,Ahmedabad,Gujarat,Grocery,473665.13,0.1,0,Regular_Week,24.2,103.33,182.8,6.71,120000
2024-03-29,Store_08,Ahmedabad - SG Highway Hypermarket,Ahmedabad,Gujarat,Electronics,630775.81,0.0,0,Regular_Week,23.6,103.33,182.8,6.71,120000
2024-03-29,Store_08,Ahmedabad - SG Highway Hypermarket,Ahmedabad,Gujarat,Apparel,339991.34,0.05,0,Regular_Week,23.5,103.33,182.8,6.71,120000
2024-03-29,Store_08,Ahmedabad - SG Highway Hypermarket,Ahmedabad,Gujarat,Home_Garden,280668.97,0.15,0,Regular_Week,22.7,103.33,182.8,6.71,120000
2024-03-29,Store_08,Ahmedabad - SG Highway Hypermarket,Ahmedabad,Gujarat,Pharmacy,169245.09,0.0,0,Regular_Week,23.0,103.33,182.8,6.71,120000
2024-03-29,Store_09,Jaipur - MI Road Heritage Store,Jaipur,Rajasthan,Grocery,327791.36,0.0,0,Regular_Week,29.3,103.33,182.8,6.71,85000
2024-03-29,Store_09,Jaipur - MI Road Heritage Store,Jaipur,Rajasthan,Electronics,645926.8,0.15,0,Regular_Week,31.0,103.33,182.8,6.71,85000
2024-03-29,Store_09,Jaipur - MI Road Heritage Store,Jaipur,Rajasthan,Apparel,272125.33,0.0,0,Regular_Week,29.6,103.33,182.8,6.71,85000
2024-03-29,Store_09,Jaipur - MI Road Heritage Store,Jaipur,Rajasthan,Home_Garden,202232.78,0.0,0,Regular_Week,31.5,103.33,182.8,6.71,85000
2024-03-29,Store_09,Jaipur - MI Road Heritage Store,Jaipur,Rajasthan,Pharmacy,142722.29,0.0,0,Regular_Week,30.5,103.33,182.8,6.71,85000
2024-03-29,Store_10,Kochi - Marine Drive Coastal Mall,Kochi,Kerala,Grocery,389531.0,0.05,0,Regular_Week,28.3,103.33,182.8,6.71,90000
2024-03-29,Store_10,Kochi - Marine Drive Coastal Mall,Kochi,Kerala,Electronics,492423.08,0.0,0,Regular_Week,30.5,103.33,182.8,6.71,90000
2024-03-29,Store_10,Kochi - Marine Drive Coastal Mall,Kochi,Kerala,Apparel,340755.32,0.1,0,Regular_Week,30.1,103.33,182.8,6.71,90000
2024-03-29,Store_10,Kochi - Marine Drive Coastal Mall,Kochi,Kerala,Home_Garden,200501.84,0.0,0,Regular_Week,29.7,103.33,182.8,6.71,90000
2024-03-29,Store_10,Kochi - Marine Drive Coastal Mall,Kochi,Kerala,Pharmacy,160556.95,0.05,0,Regular_Week,28.8,103.33,182.8,6.71,90000
2024-04-05,Store_01,Mumbai - Bandra Kurla Complex (BKC),Mumbai,Maharashtra,Grocery,527133.44,0.15,0,Regular_Week,30.7,99.65,183.3,7.44,165000
2024-04-05,Store_01,Mumbai - Bandra Kurla Complex (BKC),Mumbai,Maharashtra,Electronics,663495.21,0.0,0,Regular_Week,29.2,99.65,183.3,7.44,165000
2024-04-05,Store_01,Mumbai - Bandra Kurla Complex (BKC),Mumbai,Maharashtra,Apparel,481717.81,0.15,0,Regular_Week,28.7,99.65,183.3,7.44,165000
2024-04-05,Store_01,Mumbai - Bandra Kurla Complex (BKC),Mumbai,Maharashtra,Home_Garden,346792.49,0.15,0,Regular_Week,29.5,99.65,183.3,7.44,165000
2024-04-05,Store_01,Mumbai - Bandra Kurla Complex (BKC),Mumbai,Maharashtra,Pharmacy,200214.79,0.0,0,Regular_Week,30.3,99.65,183.3,7.44,165000
2024-04-05,Store_02,Bengaluru - Indiranagar Tech Hub,Bengaluru,Karnataka,Grocery,404228.05,0.0,0,Regular_Week,24.5,99.65,183.3,7.44,140000
2024-04-05,Store_02,Bengaluru - Indiranagar Tech Hub,Bengaluru,Karnataka,Electronics,645982.52,0.0,0,Regular_Week,22.8,99.65,183.3,7.44,140000
2024-04-05,Store_02,Bengaluru - Indiranagar Tech Hub,Bengaluru,Karnataka,Apparel,320751.42,0.1,0,Regular_Week,22.2,99.65,183.3,7.44,140000
2024-04-05,Store_02,Bengaluru - Indiranagar Tech Hub,Bengaluru,Karnataka,Home_Garden,286994.67,0.1,0,Regular_Week,23.2,99.65,183.3,7.44,140000
2024-04-05,Store_02,Bengaluru - Indiranagar Tech Hub,Bengaluru,Karnataka,Pharmacy,196337.02,0.0,0,Regular_Week,24.5,99.65,183.3,7.44,140000
2024-04-05,Store_03,New Delhi - Connaught Place Flagship,New Delhi,Delhi NCR,Grocery,490821.07,0.15,0,Regular_Week,29.2,99.65,183.3,7.44,150000
2024-04-05,Store_03,New Delhi - Connaught Place Flagship,New Delhi,Delhi NCR,Electronics,734963.7,0.0,0,Regular_Week,29.4,99.65,183.3,7.44,150000
2024-04-05,Store_03,New Delhi - Connaught Place Flagship,New Delhi,Delhi NCR,Apparel,394746.12,0.0,0,Regular_Week,31.2,99.65,183.3,7.44,150000
2024-04-05,Store_03,New Delhi - Connaught Place Flagship,New Delhi,Delhi NCR,Home_Garden,243804.68,0.0,0,Regular_Week,29.6,99.65,183.3,7.44,150000
2024-04-05,Store_03,New Delhi - Connaught Place Flagship,New Delhi,Delhi NCR,Pharmacy,187749.17,0.0,0,Regular_Week,28.8,99.65,183.3,7.44,150000
2024-04-05,Store_04,Chennai - T. Nagar Shopping Plaza,Chennai,Tamil Nadu,Grocery,353934.76,0.0,0,Regular_Week,28.8,99.65,183.3,7.44,125000
2024-04-05,Store_04,Chennai - T. Nagar Shopping Plaza,Chennai,Tamil Nadu,Electronics,582110.76,0.0,0,Regular_Week,29.8,99.65,183.3,7.44,125000
2024-04-05,Store_04,Chennai - T. Nagar Shopping Plaza,Chennai,Tamil Nadu,Apparel,308730.26,0.0,0,Regular_Week,28.1,99.65,183.3,7.44,125000
2024-04-05,Store_04,Chennai - T. Nagar Shopping Plaza,Chennai,Tamil Nadu,Home_Garden,214417.03,0.0,0,Regular_Week,30.6,99.65,183.3,7.44,125000
2024-04-05,Store_04,Chennai - T. Nagar Shopping Plaza,Chennai,Tamil Nadu,Pharmacy,166105.71,0.0,0,Regular_Week,30.9,99.65,183.3,7.44,125000
2024-04-05,Store_05,Hyderabad - Hitec City Cyber Towers,Hyderabad,Telangana,Grocery,397381.51,0.0,0,Regular_Week,30.2,99.65,183.3,7.44,130000
2024-04-05,Store_05,Hyderabad - Hitec City Cyber Towers,Hyderabad,Telangana,Electronics,703860.89,0.1,0,Regular_Week,29.9,99.65,183.3,7.44,130000
2024-04-05,Store_05,Hyderabad - Hitec City Cyber Towers,Hyderabad,Telangana,Apparel,311241.35,0.0,0,Regular_Week,29.7,99.65,183.3,7.44,130000
2024-04-05,Store_05,Hyderabad - Hitec City Cyber Towers,Hyderabad,Telangana,Home_Garden,254886.23,0.05,0,Regular_Week,29.3,99.65,183.3,7.44,130000
2024-04-05,Store_05,Hyderabad - Hitec City Cyber Towers,Hyderabad,Telangana,Pharmacy,175576.14,0.0,0,Regular_Week,30.8,99.65,183.3,7.44,130000
2024-04-05,Store_06,Kolkata - Park Street Cultural Mall,Kolkata,West Bengal,Grocery,398273.22,0.15,0,Regular_Week,25.9,99.65,183.3,7.44,110000
2024-04-05,Store_06,Kolkata - Park Street Cultural Mall,Kolkata,West Bengal,Electronics,692679.25,0.15,0,Regular_Week,27.6,99.65,183.3,7.44,110000
2024-04-05,Store_06,Kolkata - Park Street Cultural Mall,Kolkata,West Bengal,Apparel,282250.29,0.0,0,Regular_Week,26.3,99.65,183.3,7.44,110000
2024-04-05,Store_06,Kolkata - Park Street Cultural Mall,Kolkata,West Bengal,Home_Garden,251252.12,0.15,0,Regular_Week,28.5,99.65,183.3,7.44,110000
2024-04-05,Store_06,Kolkata - Park Street Cultural Mall,Kolkata,West Bengal,Pharmacy,153686.15,0.0,0,Regular_Week,25.8,99.65,183.3,7.44,110000
2024-04-05,Store_07,Pune - Kothrud Commercial Hub,Pune,Maharashtra,Grocery,307280.95,0.0,0,Regular_Week,29.7,99.65,183.3,7.44,95000
2024-04-05,Store_07,Pune - Kothrud Commercial Hub,Pune,Maharashtra,Electronics,519536.65,0.0,0,Regular_Week,31.2,99.65,183.3,7.44,95000
2024-04-05,Store_07,Pune - Kothrud Commercial Hub,Pune,Maharashtra,Apparel,324598.41,0.1,0,Regular_Week,30.6,99.65,183.3,7.44,95000
2024-04-05,Store_07,Pune - Kothrud Commercial Hub,Pune,Maharashtra,Home_Garden,182391.29,0.0,0,Regular_Week,31.4,99.65,183.3,7.44,95000
2024-04-05,Store_07,Pune - Kothrud Commercial Hub,Pune,Maharashtra,Pharmacy,159847.81,0.1,0,Regular_Week,29.2,99.65,183.3,7.44,95000
2024-04-05,Store_08,Ahmedabad - SG Highway Hypermarket,Ahmedabad,Gujarat,Grocery,392798.11,0.0,0,Regular_Week,29.8,99.65,183.3,7.44,120000
2024-04-05,Store_08,Ahmedabad - SG Highway Hypermarket,Ahmedabad,Gujarat,Electronics,556700.57,0.0,0,Regular_Week,28.4,99.65,183.3,7.44,120000
2024-04-05,Store_08,Ahmedabad - SG Highway Hypermarket,Ahmedabad,Gujarat,Apparel,304958.53,0.0,0,Regular_Week,28.0,99.65,183.3,7.44,120000
2024-04-05,Store_08,Ahmedabad - SG Highway Hypermarket,Ahmedabad,Gujarat,Home_Garden,267598.41,0.15,0,Regular_Week,29.9,99.65,183.3,7.44,120000
2024-04-05,Store_08,Ahmedabad - SG Highway Hypermarket,Ahmedabad,Gujarat,Pharmacy,201180.17,0.1,0,Regular_Week,27.8,99.65,183.3,7.44,120000
2024-04-05,Store_09,Jaipur - MI Road Heritage Store,Jaipur,Rajasthan,Grocery,343720.78,0.0,0,Regular_Week,31.0,99.65,183.3,7.44,85000
2024-04-05,Store_09,Jaipur - MI Road Heritage Store,Jaipur,Rajasthan,Electronics,637522.36,0.15,0,Regular_Week,29.8,99.65,183.3,7.44,85000
2024-04-05,Store_09,Jaipur - MI Road Heritage Store,Jaipur,Rajasthan,Apparel,255437.29,0.0,0,Regular_Week,29.9,99.65,183.3,7.44,85000
2024-04-05,Store_09,Jaipur - MI Road Heritage Store,Jaipur,Rajasthan,Home_Garden,213844.72,0.0,0,Regular_Week,28.8,99.65,183.3,7.44,85000
2024-04-05,Store_09,Jaipur - MI Road Heritage Store,Jaipur,Rajasthan,Pharmacy,174327.12,0.15,0,Regular_Week,29.9,99.65,183.3,7.44,85000
2024-04-05,Store_10,Kochi - Marine Drive Coastal Mall,Kochi,Kerala,Grocery,350557.32,0.0,0,Regular_Week,30.9,99.65,183.3,7.44,90000
2024-04-05,Store_10,Kochi - Marine Drive Coastal Mall,Kochi,Kerala,Electronics,601622.6,0.1,0,Regular_Week,31.6,99.65,183.3,7.44,90000
2024-04-05,Store_10,Kochi - Marine Drive Coastal Mall,Kochi,Kerala,Apparel,258941.75,0.0,0,Regular_Week,30.5,99.65,183.3,7.44,90000
2024-04-05,Store_10,Kochi - Marine Drive Coastal Mall,Kochi,Kerala,Home_Garden,186057.63,0.0,0,Regular_Week,31.6,99.65,183.3,7.44,90000
2024-04-05,Store_10,Kochi - Marine Drive Coastal Mall,Kochi,Kerala,Pharmacy,146943.18,0.0,0,Regular_Week,29.3,99.65,183.3,7.44,90000
2024-04-12,Store_01,Mumbai - Bandra Kurla Complex (BKC),Mumbai,Maharashtra,Grocery,676612.36,0.15,1,Ugadi_Vishu_Baisakhi_Fest,27.0,103.22,183.7,6.96,165000
2024-04-12,Store_01,Mumbai - Bandra Kurla Complex (BKC),Mumbai,Maharashtra,Electronics,1071339.24,0.2,1,Ugadi_Vishu_Baisakhi_Fest,28.9,103.22,183.7,6.96,165000
2024-04-12,Store_01,Mumbai - Bandra Kurla Complex (BKC),Mumbai,Maharashtra,Apparel,677353.02,0.2,1,Ugadi_Vishu_Baisakhi_Fest,28.9,103.22,183.7,6.96,165000
2024-04-12,Store_01,Mumbai - Bandra Kurla Complex (BKC),Mumbai,Maharashtra,Home_Garden,424767.5,0.15,1,Ugadi_Vishu_Baisakhi_Fest,29.7,103.22,183.7,6.96,165000
2024-04-12,Store_01,Mumbai - Bandra Kurla Complex (BKC),Mumbai,Maharashtra,Pharmacy,287783.71,0.15,1,Ugadi_Vishu_Baisakhi_Fest,29.3,103.22,183.7,6.96,165000
2024-04-12,Store_02,Bengaluru - Indiranagar Tech Hub,Bengaluru,Karnataka,Grocery,638979.39,0.15,1,Ugadi_Vishu_Baisakhi_Fest,27.3,103.22,183.7,6.96,140000
2024-04-12,Store_02,Bengaluru - Indiranagar Tech Hub,Bengaluru,Karnataka,Electronics,1316358.76,0.2,1,Ugadi_Vishu_Baisakhi_Fest,26.3,103.22,183.7,6.96,140000
2024-04-12,Store_02,Bengaluru - Indiranagar Tech Hub,Bengaluru,Karnataka,Apparel,542750.48,0.2,1,Ugadi_Vishu_Baisakhi_Fest,26.8,103.22,183.7,6.96,140000
2024-04-12,Store_02,Bengaluru - Indiranagar Tech Hub,Bengaluru,Karnataka,Home_Garden,380187.44,0.15,1,Ugadi_Vishu_Baisakhi_Fest,28.5,103.22,183.7,6.96,140000
2024-04-12,Store_02,Bengaluru - Indiranagar Tech Hub,Bengaluru,Karnataka,Pharmacy,304696.81,0.15,1,Ugadi_Vishu_Baisakhi_Fest,28.9,103.22,183.7,6.96,140000
2024-04-12,Store_03,New Delhi - Connaught Place Flagship,New Delhi,Delhi NCR,Grocery,722822.54,0.15,1,Ugadi_Vishu_Baisakhi_Fest,30.4,103.22,183.7,6.96,150000
2024-04-12,Store_03,New Delhi - Connaught Place Flagship,New Delhi,Delhi NCR,Electronics,1080560.01,0.2,1,Ugadi_Vishu_Baisakhi_Fest,31.3,103.22,183.7,6.96,150000
2024-04-12,Store_03,New Delhi - Connaught Place Flagship,New Delhi,Delhi NCR,Apparel,593188.79,0.2,1,Ugadi_Vishu_Baisakhi_Fest,30.2,103.22,183.7,6.96,150000
2024-04-12,Store_03,New Delhi - Connaught Place Flagship,New Delhi,Delhi NCR,Home_Garden,357300.65,0.15,1,Ugadi_Vishu_Baisakhi_Fest,29.8,103.22,183.7,6.96,150000
2024-04-12,Store_03,New Delhi - Connaught Place Flagship,New Delhi,Delhi NCR,Pharmacy,294438.36,0.15,1,Ugadi_Vishu_Baisakhi_Fest,29.1,103.22,183.7,6.96,150000
2024-04-12,Store_04,Chennai - T. Nagar Shopping Plaza,Chennai,Tamil Nadu,Grocery,556561.93,0.15,1,Ugadi_Vishu_Baisakhi_Fest,30.4,103.22,183.7,6.96,125000
2024-04-12,Store_04,Chennai - T. Nagar Shopping Plaza,Chennai,Tamil Nadu,Electronics,979305.06,0.2,1,Ugadi_Vishu_Baisakhi_Fest,30.4,103.22,183.7,6.96,125000
2024-04-12,Store_04,Chennai - T. Nagar Shopping Plaza,Chennai,Tamil Nadu,Apparel,521028.85,0.2,1,Ugadi_Vishu_Baisakhi_Fest,30.4,103.22,183.7,6.96,125000
2024-04-12,Store_04,Chennai - T. Nagar Shopping Plaza,Chennai,Tamil Nadu,Home_Garden,375404.03,0.15,1,Ugadi_Vishu_Baisakhi_Fest,30.4,103.22,183.7,6.96,125000
2024-04-12,Store_04,Chennai - T. Nagar Shopping Plaza,Chennai,Tamil Nadu,Pharmacy,251138.78,0.15,1,Ugadi_Vishu_Baisakhi_Fest,29.5,103.22,183.7,6.96,125000
2024-04-12,Store_05,Hyderabad - Hitec City Cyber Towers,Hyderabad,Telangana,Grocery,664757.54,0.15,1,Ugadi_Vishu_Baisakhi_Fest,26.1,103.22,183.7,6.96,130000
2024-04-12,Store_05,Hyderabad - Hitec City Cyber Towers,Hyderabad,Telangana,Electronics,934744.17,0.2,1,Ugadi_Vishu_Baisakhi_Fest,28.1,103.22,183.7,6.96,130000
2024-04-12,Store_05,Hyderabad - Hitec City Cyber Towers,Hyderabad,Telangana,Apparel,547819.13,0.2,1,Ugadi_Vishu_Baisakhi_Fest,27.0,103.22,183.7,6.96,130000
2024-04-12,Store_05,Hyderabad - Hitec City Cyber Towers,Hyderabad,Telangana,Home_Garden,348295.37,0.15,1,Ugadi_Vishu_Baisakhi_Fest,26.2,103.22,183.7,6.96,130000
2024-04-12,Store_05,Hyderabad - Hitec City Cyber Towers,Hyderabad,Telangana,Pharmacy,287344.37,0.15,1,Ugadi_Vishu_Baisakhi_Fest,27.1,103.22,183.7,6.96,130000
2024-04-12,Store_06,Kolkata - Park Street Cultural Mall,Kolkata,West Bengal,Grocery,589453.53,0.15,1,Ugadi_Vishu_Baisakhi_Fest,29.3,103.22,183.7,6.96,110000
2024-04-12,Store_06,Kolkata - Park Street Cultural Mall,Kolkata,West Bengal,Electronics,956736.62,0.2,1,Ugadi_Vishu_Baisakhi_Fest,30.7,103.22,183.7,6.96,110000
2024-04-12,Store_06,Kolkata - Park Street Cultural Mall,Kolkata,West Bengal,Apparel,451866.12,0.2,1,Ugadi_Vishu_Baisakhi_Fest,31.8,103.22,183.7,6.96,110000
2024-04-12,Store_06,Kolkata - Park Street Cultural Mall,Kolkata,West Bengal,Home_Garden,340711.95,0.15,1,Ugadi_Vishu_Baisakhi_Fest,29.6,103.22,183.7,6.96,110000
2024-04-12,Store_06,Kolkata - Park Street Cultural Mall,Kolkata,West Bengal,Pharmacy,228261.06,0.15,1,Ugadi_Vishu_Baisakhi_Fest,31.2,103.22,183.7,6.96,110000
2024-04-12,Store_07,Pune - Kothrud Commercial Hub,Pune,Maharashtra,Grocery,522485.13,0.15,1,Ugadi_Vishu_Baisakhi_Fest,23.7,103.22,183.7,6.96,95000
2024-04-12,Store_07,Pune - Kothrud Commercial Hub,Pune,Maharashtra,Electronics,888899.81,0.2,1,Ugadi_Vishu_Baisakhi_Fest,23.7,103.22,183.7,6.96,95000
2024-04-12,Store_07,Pune - Kothrud Commercial Hub,Pune,Maharashtra,Apparel,445698.21,0.2,1,Ugadi_Vishu_Baisakhi_Fest,24.8,103.22,183.7,6.96,95000
2024-04-12,Store_07,Pune - Kothrud Commercial Hub,Pune,Maharashtra,Home_Garden,285471.25,0.15,1,Ugadi_Vishu_Baisakhi_Fest,23.5,103.22,183.7,6.96,95000
2024-04-12,Store_07,Pune - Kothrud Commercial Hub,Pune,Maharashtra,Pharmacy,237073.9,0.15,1,Ugadi_Vishu_Baisakhi_Fest,23.3,103.22,183.7,6.96,95000
2024-04-12,Store_08,Ahmedabad - SG Highway Hypermarket,Ahmedabad,Gujarat,Grocery,578584.59,0.15,1,Ugadi_Vishu_Baisakhi_Fest,21.4,103.22,183.7,6.96,120000
2024-04-12,Store_08,Ahmedabad - SG Highway Hypermarket,Ahmedabad,Gujarat,Electronics,1042874.61,0.2,1,Ugadi_Vishu_Baisakhi_Fest,23.4,103.22,183.7,6.96,120000
2024-04-12,Store_08,Ahmedabad - SG Highway Hypermarket,Ahmedabad,Gujarat,Apparel,475862.69,0.2,1,Ugadi_Vishu_Baisakhi_Fest,23.3,103.22,183.7,6.96,120000
2024-04-12,Store_08,Ahmedabad - SG Highway Hypermarket,Ahmedabad,Gujarat,Home_Garden,368793.42,0.15,1,Ugadi_Vishu_Baisakhi_Fest,22.8,103.22,183.7,6.96,120000
2024-04-12,Store_08,Ahmedabad - SG Highway Hypermarket,Ahmedabad,Gujarat,Pharmacy,248650.17,0.15,1,Ugadi_Vishu_Baisakhi_Fest,21.2,103.22,183.7,6.96,120000
2024-04-12,Store_09,Jaipur - MI Road Heritage Store,Jaipur,Rajasthan,Grocery,532968.48,0.15,1,Ugadi_Vishu_Baisakhi_Fest,31.0,103.22,183.7,6.96,85000
2024-04-12,Store_09,Jaipur - MI Road Heritage Store,Jaipur,Rajasthan,Electronics,827134.79,0.2,1,Ugadi_Vishu_Baisakhi_Fest,28.6,103.22,183.7,6.96,85000
2024-04-12,Store_09,Jaipur - MI Road Heritage Store,Jaipur,Rajasthan,Apparel,424371.6,0.2,1,Ugadi_Vishu_Baisakhi_Fest,29.4,103.22,183.7,6.96,85000
2024-04-12,Store_09,Jaipur - MI Road Heritage Store,Jaipur,Rajasthan,Home_Garden,304585.71,0.15,1,Ugadi_Vishu_Baisakhi_Fest,28.6,103.22,183.7,6.96,85000
2024-04-12,Store_09,Jaipur - MI Road Heritage Store,Jaipur,Rajasthan,Pharmacy,229311.28,0.15,1,Ugadi_Vishu_Baisakhi_Fest,30.2,103.22,183.7,6.96,85000
2024-04-12,Store_10,Kochi - Marine Drive Coastal Mall,Kochi,Kerala,Grocery,510758.57,0.15,1,Ugadi_Vishu_Baisakhi_Fest,35.0,103.22,183.7,6.96,90000
2024-04-12,Store_10,Kochi - Marine Drive Coastal Mall,Kochi,Kerala,Electronics,935391.13,0.2,1,Ugadi_Vishu_Baisakhi_Fest,34.5,103.22,183.7,6.96,90000
2024-04-12,Store_10,Kochi - Marine Drive Coastal Mall,Kochi,Kerala,Apparel,458043.39,0.2,1,Ugadi_Vishu_Baisakhi_Fest,33.5,103.22,183.7,6.96,90000
2024-04-12,Store_10,Kochi - Marine Drive Coastal Mall,Kochi,Kerala,Home_Garden,308030.78,0.15,1,Ugadi_Vishu_Baisakhi_Fest,34.0,103.22,183.7,6.96,90000
2024-04-12,Store_10,Kochi - Marine Drive Coastal Mall,Kochi,Kerala,Pharmacy,225763.23,0.15,1,Ugadi_Vishu_Baisakhi_Fest,34.8,103.22,183.7,6.96,90000
2024-04-19,Store_01,Mumbai - Bandra Kurla Complex (BKC),Mumbai,Maharashtra,Grocery,478533.8,0.1,0,Regular_Week,31.1,102.21,183.7,7.2,165000
2024-04-19,Store_01,Mumbai - Bandra Kurla Complex (BKC),Mumbai,Maharashtra,Electronics,754414.54,0.05,0,Regular_Week,29.7,102.21,183.7,7.2,165000
2024-04-19,Store_01,Mumbai - Bandra Kurla Complex (BKC),Mumbai,Maharashtra,Apparel,363724.55,0.0,0,Regular_Week,29.5,102.21,183.7,7.2,165000
2024-04-19,Store_01,Mumbai - Bandra Kurla Complex (BKC),Mumbai,Maharashtra,Home_Garden,281320.6,0.0,0,Regular_Week,31.1,102.21,183.7,7.2,165000
2024-04-19,Store_01,Mumbai - Bandra Kurla Complex (BKC),Mumbai,Maharashtra,Pharmacy,205393.55,0.0,0,Regular_Week,30.9,102.21,183.7,7.2,165000
2024-04-19,Store_02,Bengaluru - Indiranagar Tech Hub,Bengaluru,Karnataka,Grocery,392043.61,0.0,0,Regular_Week,27.5,102.21,183.7,7.2,140000
2024-04-19,Store_02,Bengaluru - Indiranagar Tech Hub,Bengaluru,Karnataka,Electronics,763816.08,0.1,0,Regular_Week,25.6,102.21,183.7,7.2,140000
2024-04-19,Store_02,Bengaluru - Indiranagar Tech Hub,Bengaluru,Karnataka,Apparel,348260.71,0.0,0,Regular_Week,25.7,102.21,183.7,7.2,140000
2024-04-19,Store_02,Bengaluru - Indiranagar Tech Hub,Bengaluru,Karnataka,Home_Garden,311645.29,0.15,0,Regular_Week,27.3,102.21,183.7,7.2,140000
2024-04-19,Store_02,Bengaluru - Indiranagar Tech Hub,Bengaluru,Karnataka,Pharmacy,171960.97,0.0,0,Regular_Week,24.9,102.21,183.7,7.2,140000
2024-04-19,Store_03,New Delhi - Connaught Place Flagship,New Delhi,Delhi NCR,Grocery,535942.16,0.15,0,Regular_Week,29.1,102.21,183.7,7.2,150000
2024-04-19,Store_03,New Delhi - Connaught Place Flagship,New Delhi,Delhi NCR,Electronics,615226.61,0.0,0,Regular_Week,28.8,102.21,183.7,7.2,150000
2024-04-19,Store_03,New Delhi - Connaught Place Flagship,New Delhi,Delhi NCR,Apparel,396820.12,0.0,0,Regular_Week,28.8,102.21,183.7,7.2,150000
2024-04-19,Store_03,New Delhi - Connaught Place Flagship,New Delhi,Delhi NCR,Home_Garden,257042.38,0.0,0,Regular_Week,28.8,102.21,183.7,7.2,150000
2024-04-19,Store_03,New Delhi - Connaught Place Flagship,New Delhi,Delhi NCR,Pharmacy,181322.87,0.0,0,Regular_Week,31.3,102.21,183.7,7.2,150000
2024-04-19,Store_04,Chennai - T. Nagar Shopping Plaza,Chennai,Tamil Nadu,Grocery,387767.47,0.0,0,Regular_Week,30.0,102.21,183.7,7.2,125000
2024-04-19,Store_04,Chennai - T. Nagar Shopping Plaza,Chennai,Tamil Nadu,Electronics,607579.96,0.05,0,Regular_Week,28.6,102.21,183.7,7.2,125000
2024-04-19,Store_04,Chennai - T. Nagar Shopping Plaza,Chennai,Tamil Nadu,Apparel,329240.58,0.0,0,Regular_Week,28.9,102.21,183.7,7.2,125000
2024-04-19,Store_04,Chennai - T. Nagar Shopping Plaza,Chennai,Tamil Nadu,Home_Garden,253309.93,0.0,0,Regular_Week,30.3,102.21,183.7,7.2,125000
2024-04-19,Store_04,Chennai - T. Nagar Shopping Plaza,Chennai,Tamil Nadu,Pharmacy,191508.1,0.15,0,Regular_Week,29.1,102.21,183.7,7.2,125000
2024-04-19,Store_05,Hyderabad - Hitec City Cyber Towers,Hyderabad,Telangana,Grocery,392700.01,0.0,0,Regular_Week,23.3,102.21,183.7,7.2,130000
2024-04-19,Store_05,Hyderabad - Hitec City Cyber Towers,Hyderabad,Telangana,Electronics,616011.07,0.0,0,Regular_Week,24.6,102.21,183.7,7.2,130000
2024-04-19,Store_05,Hyderabad - Hitec City Cyber Towers,Hyderabad,Telangana,Apparel,316786.73,0.0,0,Regular_Week,23.8,102.21,183.7,7.2,130000
2024-04-19,Store_05,Hyderabad - Hitec City Cyber Towers,Hyderabad,Telangana,Home_Garden,235127.38,0.0,0,Regular_Week,24.5,102.21,183.7,7.2,130000
2024-04-19,Store_05,Hyderabad - Hitec City Cyber Towers,Hyderabad,Telangana,Pharmacy,185402.58,0.0,0,Regular_Week,23.0,102.21,183.7,7.2,130000
2024-04-19,Store_06,Kolkata - Park Street Cultural Mall,Kolkata,West Bengal,Grocery,385373.83,0.0,0,Regular_Week,26.4,102.21,183.7,7.2,110000
2024-04-19,Store_06,Kolkata - Park Street Cultural Mall,Kolkata,West Bengal,Electronics,507741.36,0.0,0,Regular_Week,26.6,102.21,183.7,7.2,110000
2024-04-19,Store_06,Kolkata - Park Street Cultural Mall,Kolkata,West Bengal,Apparel,341758.67,0.0,0,Regular_Week,25.4,102.21,183.7,7.2,110000
2024-04-19,Store_06,Kolkata - Park Street Cultural Mall,Kolkata,West Bengal,Home_Garden,223379.14,0.0,0,Regular_Week,24.7,102.21,183.7,7.2,110000
2024-04-19,Store_06,Kolkata - Park Street Cultural Mall,Kolkata,West Bengal,Pharmacy,169745.05,0.05,0,Regular_Week,26.6,102.21,183.7,7.2,110000
2024-04-19,Store_07,Pune - Kothrud Commercial Hub,Pune,Maharashtra,Grocery,375335.76,0.0,0,Regular_Week,29.9,102.21,183.7,7.2,95000
2024-04-19,Store_07,Pune - Kothrud Commercial Hub,Pune,Maharashtra,Electronics,488827.69,0.0,0,Regular_Week,30.6,102.21,183.7,7.2,95000
2024-04-19,Store_07,Pune - Kothrud Commercial Hub,Pune,Maharashtra,Apparel,301405.53,0.05,0,Regular_Week,31.2,102.21,183.7,7.2,95000
2024-04-19,Store_07,Pune - Kothrud Commercial Hub,Pune,Maharashtra,Home_Garden,215014.22,0.0,0,Regular_Week,31.6,102.21,183.7,7.2,95000
2024-04-19,Store_07,Pune - Kothrud Commercial Hub,Pune,Maharashtra,Pharmacy,151968.62,0.05,0,Regular_Week,31.9,102.21,183.7,7.2,95000
2024-04-19,Store_08,Ahmedabad - SG Highway Hypermarket,Ahmedabad,Gujarat,Grocery,419088.03,0.05,0,Regular_Week,27.0,102.21,183.7,7.2,120000
2024-04-19,Store_08,Ahmedabad - SG Highway Hypermarket,Ahmedabad,Gujarat,Electronics,579082.69,0.0,0,Regular_Week,25.7,102.21,183.7,7.2,120000
2024-04-19,Store_08,Ahmedabad - SG Highway Hypermarket,Ahmedabad,Gujarat,Apparel,331823.5,0.0,0,Regular_Week,27.2,102.21,183.7,7.2,120000
2024-04-19,Store_08,Ahmedabad - SG Highway Hypermarket,Ahmedabad,Gujarat,Home_Garden,226446.57,0.0,0,Regular_Week,26.5,102.21,183.7,7.2,120000
2024-04-19,Store_08,Ahmedabad - SG Highway Hypermarket,Ahmedabad,Gujarat,Pharmacy,167085.61,0.0,0,Regular_Week,25.2,102.21,183.7,7.2,120000
2024-04-19,Store_09,Jaipur - MI Road Heritage Store,Jaipur,Rajasthan,Grocery,349377.09,0.05,0,Regular_Week,29.6,102.21,183.7,7.2,85000
2024-04-19,Store_09,Jaipur - MI Road Heritage Store,Jaipur,Rajasthan,Electronics,525476.32,0.0,0,Regular_Week,30.7,102.21,183.7,7.2,85000
2024-04-19,Store_09,Jaipur - MI Road Heritage Store,Jaipur,Rajasthan,Apparel,284945.89,0.0,0,Regular_Week,28.8,102.21,183.7,7.2,85000
2024-04-19,Store_09,Jaipur - MI Road Heritage Store,Jaipur,Rajasthan,Home_Garden,208636.49,0.0,0,Regular_Week,31.4,102.21,183.7,7.2,85000
2024-04-19,Store_09,Jaipur - MI Road Heritage Store,Jaipur,Rajasthan,Pharmacy,147105.51,0.0,0,Regular_Week,28.8,102.21,183.7,7.2,85000
2024-04-19,Store_10,Kochi - Marine Drive Coastal Mall,Kochi,Kerala,Grocery,349872.67,0.0,0,Regular_Week,29.1,102.21,183.7,7.2,90000
2024-04-19,Store_10,Kochi - Marine Drive Coastal Mall,Kochi,Kerala,Electronics,668553.12,0.15,0,Regular_Week,29.9,102.21,183.7,7.2,90000
2024-04-19,Store_10,Kochi - Marine Drive Coastal Mall,Kochi,Kerala,Apparel,316597.56,0.05,0,Regular_Week,30.9,102.21,183.7,7.2,90000
2024-04-19,Store_10,Kochi - Marine Drive Coastal Mall,Kochi,Kerala,Home_Garden,239998.99,0.1,0,Regular_Week,28.4,102.21,183.7,7.2,90000
2024-04-19,Store_10,Kochi - Marine Drive Coastal Mall,Kochi,Kerala,Pharmacy,174867.92,0.15,0,Regular_Week,29.5,102.21,183.7,7.2,90000
2024-04-26,Store_01,Mumbai - Bandra Kurla Complex (BKC),Mumbai,Maharashtra,Grocery,493009.89,0.05,0,Regular_Week,32.2,97.35,183.1,7.13,165000
2024-04-26,Store_01,Mumbai - Bandra Kurla Complex (BKC),Mumbai,Maharashtra,Electronics,726694.16,0.0,0,Regular_Week,32.2,97.35,183.1,7.13,165000
2024-04-26,Store_01,Mumbai - Bandra Kurla Complex (BKC),Mumbai,Maharashtra,Apparel,382783.43,0.0,0,Regular_Week,30.9,97.35,183.1,7.13,165000
2024-04-26,Store_01,Mumbai - Bandra Kurla Complex (BKC),Mumbai,Maharashtra,Home_Garden,275441.23,0.0,0,Regular_Week,31.1,97.35,183.1,7.13,165000
2024-04-26,Store_01,Mumbai - Bandra Kurla Complex (BKC),Mumbai,Maharashtra,Pharmacy,173877.09,0.0,0,Regular_Week,32.3,97.35,183.1,7.13,165000
2024-04-26,Store_02,Bengaluru - Indiranagar Tech Hub,Bengaluru,Karnataka,Grocery,461058.88,0.0,0,Regular_Week,23.5,97.35,183.1,7.13,140000
2024-04-26,Store_02,Bengaluru - Indiranagar Tech Hub,Bengaluru,Karnataka,Electronics,647278.66,0.0,0,Regular_Week,24.1,97.35,183.1,7.13,140000
2024-04-26,Store_02,Bengaluru - Indiranagar Tech Hub,Bengaluru,Karnataka,Apparel,338680.44,0.0,0,Regular_Week,22.9,97.35,183.1,7.13,140000
2024-04-26,Store_02,Bengaluru - Indiranagar Tech Hub,Bengaluru,Karnataka,Home_Garden,264405.1,0.0,0,Regular_Week,23.9,97.35,183.1,7.13,140000
2024-04-26,Store_02,Bengaluru - Indiranagar Tech Hub,Bengaluru,Karnataka,Pharmacy,183493.06,0.0,0,Regular_Week,23.6,97.35,183.1,7.13,140000
2024-04-26,Store_03,New Delhi - Connaught Place Flagship,New Delhi,Delhi NCR,Grocery,536275.93,0.15,0,Regular_Week,29.8,97.35,183.1,7.13,150000
2024-04-26,Store_03,New Delhi - Connaught Place Flagship,New Delhi,Delhi NCR,Electronics,689457.79,0.0,0,Regular_Week,30.4,97.35,183.1,7.13,150000
2024-04-26,Store_03,New Delhi - Connaught Place Flagship,New Delhi,Delhi NCR,Apparel,383301.05,0.1,0,Regular_Week,30.5,97.35,183.1,7.13,150000
2024-04-26,Store_03,New Delhi - Connaught Place Flagship,New Delhi,Delhi NCR,Home_Garden,271578.51,0.0,0,Regular_Week,30.0,97.35,183.1,7.13,150000
2024-04-26,Store_03,New Delhi - Connaught Place Flagship,New Delhi,Delhi NCR,Pharmacy,204528.6,0.0,0,Regular_Week,30.4,97.35,183.1,7.13,150000
2024-04-26,Store_04,Chennai - T. Nagar Shopping Plaza,Chennai,Tamil Nadu,Grocery,374170.44,0.0,0,Regular_Week,33.1,97.35,183.1,7.13,125000
2024-04-26,Store_04,Chennai - T. Nagar Shopping Plaza,Chennai,Tamil Nadu,Electronics,593969.36,0.1,0,Regular_Week,31.1,97.35,183.1,7.13,125000
2024-04-26,Store_04,Chennai - T. Nagar Shopping Plaza,Chennai,Tamil Nadu,Apparel,301541.55,0.0,0,Regular_Week,31.5,97.35,183.1,7.13,125000
2024-04-26,Store_04,Chennai - T. Nagar Shopping Plaza,Chennai,Tamil Nadu,Home_Garden,264316.26,0.15,0,Regular_Week,31.6,97.35,183.1,7.13,125000
2024-04-26,Store_04,Chennai - T. Nagar Shopping Plaza,Chennai,Tamil Nadu,Pharmacy,210507.6,0.15,0,Regular_Week,32.8,97.35,183.1,7.13,125000
2024-04-26,Store_05,Hyderabad - Hitec City Cyber Towers,Hyderabad,Telangana,Grocery,462922.82,0.15,0,Regular_Week,28.1,97.35,183.1,7.13,130000
2024-04-26,Store_05,Hyderabad - Hitec City Cyber Towers,Hyderabad,Telangana,Electronics,753385.94,0.15,0,Regular_Week,30.0,97.35,183.1,7.13,130000
2024-04-26,Store_05,Hyderabad - Hitec City Cyber Towers,Hyderabad,Telangana,Apparel,430187.29,0.15,0,Regular_Week,29.2,97.35,183.1,7.13,130000
2024-04-26,Store_05,Hyderabad - Hitec City Cyber Towers,Hyderabad,Telangana,Home_Garden,261650.03,0.0,0,Regular_Week,29.4,97.35,183.1,7.13,130000
2024-04-26,Store_05,Hyderabad - Hitec City Cyber Towers,Hyderabad,Telangana,Pharmacy,185610.03,0.1,0,Regular_Week,28.7,97.35,183.1,7.13,130000
2024-04-26,Store_06,Kolkata - Park Street Cultural Mall,Kolkata,West Bengal,Grocery,427337.26,0.1,0,Regular_Week,24.5,97.35,183.1,7.13,110000
2024-04-26,Store_06,Kolkata - Park Street Cultural Mall,Kolkata,West Bengal,Electronics,697750.31,0.1,0,Regular_Week,23.8,97.35,183.1,7.13,110000
2024-04-26,Store_06,Kolkata - Park Street Cultural Mall,Kolkata,West Bengal,Apparel,318081.81,0.05,0,Regular_Week,25.0,97.35,183.1,7.13,110000
2024-04-26,Store_06,Kolkata - Park Street Cultural Mall,Kolkata,West Bengal,Home_Garden,233265.99,0.0,0,Regular_Week,25.9,97.35,183.1,7.13,110000
2024-04-26,Store_06,Kolkata - Park Street Cultural Mall,Kolkata,West Bengal,Pharmacy,165249.83,0.0,0,Regular_Week,25.3,97.35,183.1,7.13,110000
2024-04-26,Store_07,Pune - Kothrud Commercial Hub,Pune,Maharashtra,Grocery,423579.07,0.15,0,Regular_Week,30.8,97.35,183.1,7.13,95000
2024-04-26,Store_07,Pune - Kothrud Commercial Hub,Pune,Maharashtra,Electronics,536884.08,0.0,0,Regular_Week,29.8,97.35,183.1,7.13,95000
2024-04-26,Store_07,Pune - Kothrud Commercial Hub,Pune,Maharashtra,Apparel,254111.2,0.0,0,Regular_Week,31.1,97.35,183.1,7.13,95000
2024-04-26,Store_07,Pune - Kothrud Commercial Hub,Pune,Maharashtra,Home_Garden,190854.71,0.0,0,Regular_Week,30.9,97.35,183.1,7.13,95000
2024-04-26,Store_07,Pune - Kothrud Commercial Hub,Pune,Maharashtra,Pharmacy,147848.85,0.0,0,Regular_Week,32.1,97.35,183.1,7.13,95000
2024-04-26,Store_08,Ahmedabad - SG Highway Hypermarket,Ahmedabad,Gujarat,Grocery,374017.06,0.0,0,Regular_Week,26.2,97.35,183.1,7.13,120000
2024-04-26,Store_08,Ahmedabad - SG Highway Hypermarket,Ahmedabad,Gujarat,Electronics,632597.95,0.0,0,Regular_Week,23.7,97.35,183.1,7.13,120000
2024-04-26,Store_08,Ahmedabad - SG Highway Hypermarket,Ahmedabad,Gujarat,Apparel,340671.68,0.05,0,Regular_Week,26.4,97.35,183.1,7.13,120000
2024-04-26,Store_08,Ahmedabad - SG Highway Hypermarket,Ahmedabad,Gujarat,Home_Garden,219151.41,0.0,0,Regular_Week,25.1,97.35,183.1,7.13,120000
2024-04-26,Store_08,Ahmedabad - SG Highway Hypermarket,Ahmedabad,Gujarat,Pharmacy,171085.29,0.0,0,Regular_Week,24.2,97.35,183.1,7.13,120000
2024-04-26,Store_09,Jaipur - MI Road Heritage Store,Jaipur,Rajasthan,Grocery,357787.29,0.15,0,Regular_Week,29.0,97.35,183.1,7.13,85000
2024-04-26,Store_09,Jaipur - MI Road Heritage Store,Jaipur,Rajasthan,Electronics,649149.67,0.15,0,Regular_Week,30.6,97.35,183.1,7.13,85000
2024-04-26,Store_09,Jaipur - MI Road Heritage Store,Jaipur,Rajasthan,Apparel,303325.58,0.0,0,Regular_Week,31.5,97.35,183.1,7.13,85000
2024-04-26,Store_09,Jaipur - MI Road Heritage Store,Jaipur,Rajasthan,Home_Garden,191383.86,0.0,0,Regular_Week,30.3,97.35,183.1,7.13,85000
2024-04-26,Store_09,Jaipur - MI Road Heritage Store,Jaipur,Rajasthan,Pharmacy,144192.16,0.0,0,Regular_Week,30.8,97.35,183.1,7.13,85000
2024-04-26,Store_10,Kochi - Marine Drive Coastal Mall,Kochi,Kerala,Grocery,361889.19,0.0,0,Regular_Week,30.0,97.35,183.1,7.13,90000
2024-04-26,Store_10,Kochi - Marine Drive Coastal Mall,Kochi,Kerala,Electronics,601880.55,0.05,0,Regular_Week,32.2,97.35,183.1,7.13,90000
2024-04-26,Store_10,Kochi - Marine Drive Coastal Mall,Kochi,Kerala,Apparel,327745.42,0.1,0,Regular_Week,29.9,97.35,183.1,7.13,90000
2024-04-26,Store_10,Kochi - Marine Drive Coastal Mall,Kochi,Kerala,Home_Garden,199538.6,0.0,0,Regular_Week,30.5,97.35,183.1,7.13,90000
2024-04-26,Store_10,Kochi - Marine Drive Coastal Mall,Kochi,Kerala,Pharmacy,138107.56,0.0,0,Regular_Week,31.4,97.35,183.1,7.13,90000
2024-05-03,Store_01,Mumbai - Bandra Kurla Complex (BKC),Mumbai,Maharashtra,Grocery,515691.51,0.0,0,Regular_Week,27.5,97.04,183.4,7.32,165000
2024-05-03,Store_01,Mumbai - Bandra Kurla Complex (BKC),Mumbai,Maharashtra,Electronics,771549.95,0.0,0,Regular_Week,28.1,97.04,183.4,7.32,165000
2024-05-03,Store_01,Mumbai - Bandra Kurla Complex (BKC),Mumbai,Maharashtra,Apparel,396932.61,0.0,0,Regular_Week,28.7,97.04,183.4,7.32,165000
2024-05-03,Store_01,Mumbai - Bandra Kurla Complex (BKC),Mumbai,Maharashtra,Home_Garden,337645.26,0.1,0,Regular_Week,27.4,97.04,183.4,7.32,165000
2024-05-03,Store_01,Mumbai - Bandra Kurla Complex (BKC),Mumbai,Maharashtra,Pharmacy,254010.11,0.15,0,Regular_Week,29.4,97.04,183.4,7.32,165000
2024-05-03,Store_02,Bengaluru - Indiranagar Tech Hub,Bengaluru,Karnataka,Grocery,432598.23,0.0,0,Regular_Week,27.4,97.04,183.4,7.32,140000
2024-05-03,Store_02,Bengaluru - Indiranagar Tech Hub,Bengaluru,Karnataka,Electronics,664956.07,0.0,0,Regular_Week,27.5,97.04,183.4,7.32,140000
2024-05-03,Store_02,Bengaluru - Indiranagar Tech Hub,Bengaluru,Karnataka,Apparel,402968.27,0.1,0,Regular_Week,28.2,97.04,183.4,7.32,140000
2024-05-03,Store_02,Bengaluru - Indiranagar Tech Hub,Bengaluru,Karnataka,Home_Garden,243662.45,0.0,0,Regular_Week,28.1,97.04,183.4,7.32,140000
2024-05-03,Store_02,Bengaluru - Indiranagar Tech Hub,Bengaluru,Karnataka,Pharmacy,195188.47,0.05,0,Regular_Week,28.6,97.04,183.4,7.32,140000
2024-05-03,Store_03,New Delhi - Connaught Place Flagship,New Delhi,Delhi NCR,Grocery,395184.11,0.0,0,Regular_Week,43.2,97.04,183.4,7.32,150000
2024-05-03,Store_03,New Delhi - Connaught Place Flagship,New Delhi,Delhi NCR,Electronics,644937.23,0.0,0,Regular_Week,40.8,97.04,183.4,7.32,150000
2024-05-03,Store_03,New Delhi - Connaught Place Flagship,New Delhi,Delhi NCR,Apparel,325677.42,0.0,0,Regular_Week,41.7,97.04,183.4,7.32,150000
2024-05-03,Store_03,New Delhi - Connaught Place Flagship,New Delhi,Delhi NCR,Home_Garden,286751.68,0.05,0,Regular_Week,43.4,97.04,183.4,7.32,150000
2024-05-03,Store_03,New Delhi - Connaught Place Flagship,New Delhi,Delhi NCR,Pharmacy,232658.7,0.1,0,Regular_Week,41.5,97.04,183.4,7.32,150000
2024-05-03,Store_04,Chennai - T. Nagar Shopping Plaza,Chennai,Tamil Nadu,Grocery,366536.17,0.0,0,Regular_Week,28.1,97.04,183.4,7.32,125000
2024-05-03,Store_04,Chennai - T. Nagar Shopping Plaza,Chennai,Tamil Nadu,Electronics,589837.47,0.0,0,Regular_Week,30.4,97.04,183.4,7.32,125000
2024-05-03,Store_04,Chennai - T. Nagar Shopping Plaza,Chennai,Tamil Nadu,Apparel,310254.47,0.0,0,Regular_Week,29.4,97.04,183.4,7.32,125000
2024-05-03,Store_04,Chennai - T. Nagar Shopping Plaza,Chennai,Tamil Nadu,Home_Garden,245701.12,0.0,0,Regular_Week,28.4,97.04,183.4,7.32,125000
2024-05-03,Store_04,Chennai - T. Nagar Shopping Plaza,Chennai,Tamil Nadu,Pharmacy,184866.69,0.1,0,Regular_Week,28.4,97.04,183.4,7.32,125000
2024-05-03,Store_05,Hyderabad - Hitec City Cyber Towers,Hyderabad,Telangana,Grocery,389164.73,0.0,0,Regular_Week,25.1,97.04,183.4,7.32,130000
2024-05-03,Store_05,Hyderabad - Hitec City Cyber Towers,Hyderabad,Telangana,Electronics,604653.77,0.0,0,Regular_Week,24.1,97.04,183.4,7.32,130000
2024-05-03,Store_05,Hyderabad - Hitec City Cyber Towers,Hyderabad,Telangana,Apparel,377794.94,0.05,0,Regular_Week,26.3,97.04,183.4,7.32,130000
2024-05-03,Store_05,Hyderabad - Hitec City Cyber Towers,Hyderabad,Telangana,Home_Garden,251841.17,0.0,0,Regular_Week,24.8,97.04,183.4,7.32,130000
2024-05-03,Store_05,Hyderabad - Hitec City Cyber Towers,Hyderabad,Telangana,Pharmacy,188890.98,0.0,0,Regular_Week,25.4,97.04,183.4,7.32,130000
2024-05-03,Store_06,Kolkata - Park Street Cultural Mall,Kolkata,West Bengal,Grocery,393680.4,0.0,0,Regular_Week,21.8,97.04,183.4,7.32,110000
2024-05-03,Store_06,Kolkata - Park Street Cultural Mall,Kolkata,West Bengal,Electronics,549875.88,0.0,0,Regular_Week,24.2,97.04,183.4,7.32,110000
2024-05-03,Store_06,Kolkata - Park Street Cultural Mall,Kolkata,West Bengal,Apparel,302315.31,0.0,0,Regular_Week,22.0,97.04,183.4,7.32,110000
2024-05-03,Store_06,Kolkata - Park Street Cultural Mall,Kolkata,West Bengal,Home_Garden,215920.19,0.0,0,Regular_Week,22.8,97.04,183.4,7.32,110000
2024-05-03,Store_06,Kolkata - Park Street Cultural Mall,Kolkata,West Bengal,Pharmacy,156669.45,0.0,0,Regular_Week,23.3,97.04,183.4,7.32,110000
2024-05-03,Store_07,Pune - Kothrud Commercial Hub,Pune,Maharashtra,Grocery,326499.33,0.0,0,Regular_Week,22.5,97.04,183.4,7.32,95000
2024-05-03,Store_07,Pune - Kothrud Commercial Hub,Pune,Maharashtra,Electronics,566489.17,0.05,0,Regular_Week,23.5,97.04,183.4,7.32,95000
2024-05-03,Store_07,Pune - Kothrud Commercial Hub,Pune,Maharashtra,Apparel,278543.84,0.0,0,Regular_Week,22.9,97.04,183.4,7.32,95000
2024-05-03,Store_07,Pune - Kothrud Commercial Hub,Pune,Maharashtra,Home_Garden,241936.75,0.05,0,Regular_Week,23.2,97.04,183.4,7.32,95000
2024-05-03,Store_07,Pune - Kothrud Commercial Hub,Pune,Maharashtra,Pharmacy,158967.71,0.05,0,Regular_Week,22.9,97.04,183.4,7.32,95000
2024-05-03,Store_08,Ahmedabad - SG Highway Hypermarket,Ahmedabad,Gujarat,Grocery,380758.9,0.0,0,Regular_Week,28.6,97.04,183.4,7.32,120000
2024-05-03,Store_08,Ahmedabad - SG Highway Hypermarket,Ahmedabad,Gujarat,Electronics,631767.04,0.0,0,Regular_Week,27.5,97.04,183.4,7.32,120000
2024-05-03,Store_08,Ahmedabad - SG Highway Hypermarket,Ahmedabad,Gujarat,Apparel,340681.16,0.0,0,Regular_Week,29.0,97.04,183.4,7.32,120000
2024-05-03,Store_08,Ahmedabad - SG Highway Hypermarket,Ahmedabad,Gujarat,Home_Garden,218017.04,0.0,0,Regular_Week,29.1,97.04,183.4,7.32,120000
2024-05-03,Store_08,Ahmedabad - SG Highway Hypermarket,Ahmedabad,Gujarat,Pharmacy,176177.25,0.05,0,Regular_Week,26.9,97.04,183.4,7.32,120000
2024-05-03,Store_09,Jaipur - MI Road Heritage Store,Jaipur,Rajasthan,Grocery,335689.01,0.0,0,Regular_Week,40.9,97.04,183.4,7.32,85000
2024-05-03,Store_09,Jaipur - MI Road Heritage Store,Jaipur,Rajasthan,Electronics,550120.28,0.1,0,Regular_Week,42.7,97.04,183.4,7.32,85000
2024-05-03,Store_09,Jaipur - MI Road Heritage Store,Jaipur,Rajasthan,Apparel,341261.65,0.15,0,Regular_Week,43.2,97.04,183.4,7.32,85000
2024-05-03,Store_09,Jaipur - MI Road Heritage Store,Jaipur,Rajasthan,Home_Garden,224801.49,0.1,0,Regular_Week,43.2,97.04,183.4,7.32,85000
2024-05-03,Store_09,Jaipur - MI Road Heritage Store,Jaipur,Rajasthan,Pharmacy,151509.38,0.0,0,Regular_Week,41.9,97.04,183.4,7.32,85000
2024-05-03,Store_10,Kochi - Marine Drive Coastal Mall,Kochi,Kerala,Grocery,361871.24,0.0,0,Regular_Week,33.4,97.04,183.4,7.32,90000
2024-05-03,Store_10,Kochi - Marine Drive Coastal Mall,Kochi,Kerala,Electronics,589736.21,0.0,0,Regular_Week,33.9,97.04,183.4,7.32,90000
2024-05-03,Store_10,Kochi - Marine Drive Coastal Mall,Kochi,Kerala,Apparel,281162.14,0.0,0,Regular_Week,33.8,97.04,183.4,7.32,90000
2024-05-03,Store_10,Kochi - Marine Drive Coastal Mall,Kochi,Kerala,Home_Garden,216465.61,0.0,0,Regular_Week,33.9,97.04,183.4,7.32,90000
2024-05-03,Store_10,Kochi - Marine Drive Coastal Mall,Kochi,Kerala,Pharmacy,172388.11,0.05,0,Regular_Week,34.6,97.04,183.4,7.32,90000
2024-05-10,Store_01,Mumbai - Bandra Kurla Complex (BKC),Mumbai,Maharashtra,Grocery,467402.32,0.0,0,Regular_Week,34.6,102.99,184.1,7.4,165000
2024-05-10,Store_01,Mumbai - Bandra Kurla Complex (BKC),Mumbai,Maharashtra,Electronics,712411.92,0.0,0,Regular_Week,32.1,102.99,184.1,7.4,165000
2024-05-10,Store_01,Mumbai - Bandra Kurla Complex (BKC),Mumbai,Maharashtra,Apparel,386427.93,0.0,0,Regular_Week,34.9,102.99,184.1,7.4,165000
2024-05-10,Store_01,Mumbai - Bandra Kurla Complex (BKC),Mumbai,Maharashtra,Home_Garden,256103.96,0.0,0,Regular_Week,33.3,102.99,184.1,7.4,165000
2024-05-10,Store_01,Mumbai - Bandra Kurla Complex (BKC),Mumbai,Maharashtra,Pharmacy,222502.09,0.0,0,Regular_Week,34.3,102.99,184.1,7.4,165000
2024-05-10,Store_02,Bengaluru - Indiranagar Tech Hub,Bengaluru,Karnataka,Grocery,441419.27,0.0,0,Regular_Week,23.7,102.99,184.1,7.4,140000
2024-05-10,Store_02,Bengaluru - Indiranagar Tech Hub,Bengaluru,Karnataka,Electronics,628557.54,0.0,0,Regular_Week,21.2,102.99,184.1,7.4,140000
2024-05-10,Store_02,Bengaluru - Indiranagar Tech Hub,Bengaluru,Karnataka,Apparel,324774.28,0.0,0,Regular_Week,20.9,102.99,184.1,7.4,140000
2024-05-10,Store_02,Bengaluru - Indiranagar Tech Hub,Bengaluru,Karnataka,Home_Garden,256488.46,0.0,0,Regular_Week,22.8,102.99,184.1,7.4,140000
2024-05-10,Store_02,Bengaluru - Indiranagar Tech Hub,Bengaluru,Karnataka,Pharmacy,184742.76,0.0,0,Regular_Week,21.3,102.99,184.1,7.4,140000
2024-05-10,Store_03,New Delhi - Connaught Place Flagship,New Delhi,Delhi NCR,Grocery,453202.86,0.05,0,Regular_Week,42.3,102.99,184.1,7.4,150000
2024-05-10,Store_03,New Delhi - Connaught Place Flagship,New Delhi,Delhi NCR,Electronics,654335.37,0.0,0,Regular_Week,42.5,102.99,184.1,7.4,150000
2024-05-10,Store_03,New Delhi - Connaught Place Flagship,New Delhi,Delhi NCR,Apparel,370878.47,0.05,0,Regular_Week,41.0,102.99,184.1,7.4,150000
2024-05-10,Store_03,New Delhi - Connaught Place Flagship,New Delhi,Delhi NCR,Home_Garden,317415.44,0.05,0,Regular_Week,42.0,102.99,184.1,7.4,150000
2024-05-10,Store_03,New Delhi - Connaught Place Flagship,New Delhi,Delhi NCR,Pharmacy,196261.51,0.0,0,Regular_Week,42.0,102.99,184.1,7.4,150000
2024-05-10,Store_04,Chennai - T. Nagar Shopping Plaza,Chennai,Tamil Nadu,Grocery,440507.49,0.15,0,Regular_Week,34.5,102.99,184.1,7.4,125000
2024-05-10,Store_04,Chennai - T. Nagar Shopping Plaza,Chennai,Tamil Nadu,Electronics,652661.25,0.05,0,Regular_Week,31.6,102.99,184.1,7.4,125000
2024-05-10,Store_04,Chennai - T. Nagar Shopping Plaza,Chennai,Tamil Nadu,Apparel,361201.02,0.1,0,Regular_Week,33.4,102.99,184.1,7.4,125000
2024-05-10,Store_04,Chennai - T. Nagar Shopping Plaza,Chennai,Tamil Nadu,Home_Garden,234163.79,0.0,0,Regular_Week,32.6,102.99,184.1,7.4,125000
2024-05-10,Store_04,Chennai - T. Nagar Shopping Plaza,Chennai,Tamil Nadu,Pharmacy,180638.65,0.0,0,Regular_Week,32.0,102.99,184.1,7.4,125000
2024-05-10,Store_05,Hyderabad - Hitec City Cyber Towers,Hyderabad,Telangana,Grocery,401991.13,0.0,0,Regular_Week,23.8,102.99,184.1,7.4,130000
2024-05-10,Store_05,Hyderabad - Hitec City Cyber Towers,Hyderabad,Telangana,Electronics,639553.48,0.0,0,Regular_Week,23.8,102.99,184.1,7.4,130000
2024-05-10,Store_05,Hyderabad - Hitec City Cyber Towers,Hyderabad,Telangana,Apparel,412196.94,0.15,0,Regular_Week,23.3,102.99,184.1,7.4,130000
2024-05-10,Store_05,Hyderabad - Hitec City Cyber Towers,Hyderabad,Telangana,Home_Garden,239767.19,0.0,0,Regular_Week,25.4,102.99,184.1,7.4,130000
2024-05-10,Store_05,Hyderabad - Hitec City Cyber Towers,Hyderabad,Telangana,Pharmacy,182409.13,0.0,0,Regular_Week,24.8,102.99,184.1,7.4,130000
2024-05-10,Store_06,Kolkata - Park Street Cultural Mall,Kolkata,West Bengal,Grocery,404818.15,0.1,0,Regular_Week,23.9,102.99,184.1,7.4,110000
2024-05-10,Store_06,Kolkata - Park Street Cultural Mall,Kolkata,West Bengal,Electronics,570910.75,0.0,0,Regular_Week,22.8,102.99,184.1,7.4,110000
2024-05-10,Store_06,Kolkata - Park Street Cultural Mall,Kolkata,West Bengal,Apparel,300572.87,0.0,0,Regular_Week,21.5,102.99,184.1,7.4,110000
2024-05-10,Store_06,Kolkata - Park Street Cultural Mall,Kolkata,West Bengal,Home_Garden,230840.49,0.05,0,Regular_Week,23.2,102.99,184.1,7.4,110000
2024-05-10,Store_06,Kolkata - Park Street Cultural Mall,Kolkata,West Bengal,Pharmacy,184070.08,0.15,0,Regular_Week,22.7,102.99,184.1,7.4,110000
2024-05-10,Store_07,Pune - Kothrud Commercial Hub,Pune,Maharashtra,Grocery,442720.63,0.1,0,Regular_Week,28.2,102.99,184.1,7.4,95000
2024-05-10,Store_07,Pune - Kothrud Commercial Hub,Pune,Maharashtra,Electronics,571808.61,0.05,0,Regular_Week,26.5,102.99,184.1,7.4,95000
2024-05-10,Store_07,Pune - Kothrud Commercial Hub,Pune,Maharashtra,Apparel,285179.4,0.0,0,Regular_Week,27.2,102.99,184.1,7.4,95000
2024-05-10,Store_07,Pune - Kothrud Commercial Hub,Pune,Maharashtra,Home_Garden,223799.65,0.0,0,Regular_Week,27.2,102.99,184.1,7.4,95000
2024-05-10,Store_07,Pune - Kothrud Commercial Hub,Pune,Maharashtra,Pharmacy,158153.96,0.0,0,Regular_Week,26.6,102.99,184.1,7.4,95000
2024-05-10,Store_08,Ahmedabad - SG Highway Hypermarket,Ahmedabad,Gujarat,Grocery,385665.07,0.0,0,Regular_Week,27.1,102.99,184.1,7.4,120000
2024-05-10,Store_08,Ahmedabad - SG Highway Hypermarket,Ahmedabad,Gujarat,Electronics,602344.11,0.0,0,Regular_Week,27.9,102.99,184.1,7.4,120000
2024-05-10,Store_08,Ahmedabad - SG Highway Hypermarket,Ahmedabad,Gujarat,Apparel,394419.89,0.15,0,Regular_Week,26.6,102.99,184.1,7.4,120000
2024-05-10,Store_08,Ahmedabad - SG Highway Hypermarket,Ahmedabad,Gujarat,Home_Garden,226777.57,0.0,0,Regular_Week,29.0,102.99,184.1,7.4,120000
2024-05-10,Store_08,Ahmedabad - SG Highway Hypermarket,Ahmedabad,Gujarat,Pharmacy,185636.58,0.1,0,Regular_Week,26.8,102.99,184.1,7.4,120000
2024-05-10,Store_09,Jaipur - MI Road Heritage Store,Jaipur,Rajasthan,Grocery,332758.27,0.0,0,Regular_Week,43.4,102.99,184.1,7.4,85000
2024-05-10,Store_09,Jaipur - MI Road Heritage Store,Jaipur,Rajasthan,Electronics,537940.36,0.1,0,Regular_Week,43.3,102.99,184.1,7.4,85000
2024-05-10,Store_09,Jaipur - MI Road Heritage Store,Jaipur,Rajasthan,Apparel,286960.37,0.0,0,Regular_Week,40.7,102.99,184.1,7.4,85000
2024-05-10,Store_09,Jaipur - MI Road Heritage Store,Jaipur,Rajasthan,Home_Garden,198172.12,0.0,0,Regular_Week,42.4,102.99,184.1,7.4,85000
2024-05-10,Store_09,Jaipur - MI Road Heritage Store,Jaipur,Rajasthan,Pharmacy,152246.49,0.0,0,Regular_Week,42.4,102.99,184.1,7.4,85000
2024-05-10,Store_10,Kochi - Marine Drive Coastal Mall,Kochi,Kerala,Grocery,353628.26,0.0,0,Regular_Week,31.8,102.99,184.1,7.4,90000
2024-05-10,Store_10,Kochi - Marine Drive Coastal Mall,Kochi,Kerala,Electronics,569495.03,0.05,0,Regular_Week,34.2,102.99,184.1,7.4,90000
2024-05-10,Store_10,Kochi - Marine Drive Coastal Mall,Kochi,Kerala,Apparel,282587.36,0.0,0,Regular_Week,34.1,102.99,184.1,7.4,90000
2024-05-10,Store_10,Kochi - Marine Drive Coastal Mall,Kochi,Kerala,Home_Garden,185989.4,0.0,0,Regular_Week,34.1,102.99,184.1,7.4,90000
2024-05-10,Store_10,Kochi - Marine Drive Coastal Mall,Kochi,Kerala,Pharmacy,154629.92,0.0,0,Regular_Week,33.3,102.99,184.1,7.4,90000
2024-05-17,Store_01,Mumbai - Bandra Kurla Complex (BKC),Mumbai,Maharashtra,Grocery,511833.59,0.0,0,Regular_Week,32.0,99.08,184.0,6.82,165000
2024-05-17,Store_01,Mumbai - Bandra Kurla Complex (BKC),Mumbai,Maharashtra,Electronics,692993.52,0.0,0,Regular_Week,32.3,99.08,184.0,6.82,165000
2024-05-17,Store_01,Mumbai - Bandra Kurla Complex (BKC),Mumbai,Maharashtra,Apparel,435096.44,0.1,0,Regular_Week,31.7,99.08,184.0,6.82,165000
2024-05-17,Store_01,Mumbai - Bandra Kurla Complex (BKC),Mumbai,Maharashtra,Home_Garden,278081.94,0.0,0,Regular_Week,31.4,99.08,184.0,6.82,165000
2024-05-17,Store_01,Mumbai - Bandra Kurla Complex (BKC),Mumbai,Maharashtra,Pharmacy,212409.64,0.0,0,Regular_Week,31.7,99.08,184.0,6.82,165000
2024-05-17,Store_02,Bengaluru - Indiranagar Tech Hub,Bengaluru,Karnataka,Grocery,406455.1,0.0,0,Regular_Week,26.1,99.08,184.0,6.82,140000
2024-05-17,Store_02,Bengaluru - Indiranagar Tech Hub,Bengaluru,Karnataka,Electronics,626484.9,0.0,0,Regular_Week,25.6,99.08,184.0,6.82,140000
2024-05-17,Store_02,Bengaluru - Indiranagar Tech Hub,Bengaluru,Karnataka,Apparel,396661.95,0.1,0,Regular_Week,24.2,99.08,184.0,6.82,140000
2024-05-17,Store_02,Bengaluru - Indiranagar Tech Hub,Bengaluru,Karnataka,Home_Garden,267795.38,0.0,0,Regular_Week,25.8,99.08,184.0,6.82,140000
2024-05-17,Store_02,Bengaluru - Indiranagar Tech Hub,Bengaluru,Karnataka,Pharmacy,185206.57,0.0,0,Regular_Week,24.5,99.08,184.0,6.82,140000
2024-05-17,Store_03,New Delhi - Connaught Place Flagship,New Delhi,Delhi NCR,Grocery,427135.88,0.0,0,Regular_Week,41.7,99.08,184.0,6.82,150000
2024-05-17,Store_03,New Delhi - Connaught Place Flagship,New Delhi,Delhi NCR,Electronics,703018.01,0.0,0,Regular_Week,40.5,99.08,184.0,6.82,150000
2024-05-17,Store_03,New Delhi - Connaught Place Flagship,New Delhi,Delhi NCR,Apparel,402161.65,0.0,0,Regular_Week,43.4,99.08,184.0,6.82,150000
2024-05-17,Store_03,New Delhi - Connaught Place Flagship,New Delhi,Delhi NCR,Home_Garden,274204.29,0.0,0,Regular_Week,42.1,99.08,184.0,6.82,150000
2024-05-17,Store_03,New Delhi - Connaught Place Flagship,New Delhi,Delhi NCR,Pharmacy,192159.68,0.0,0,Regular_Week,42.0,99.08,184.0,6.82,150000
2024-05-17,Store_04,Chennai - T. Nagar Shopping Plaza,Chennai,Tamil Nadu,Grocery,382887.61,0.0,0,Regular_Week,31.4,99.08,184.0,6.82,125000
2024-05-17,Store_04,Chennai - T. Nagar Shopping Plaza,Chennai,Tamil Nadu,Electronics,542590.11,0.0,0,Regular_Week,32.1,99.08,184.0,6.82,125000
2024-05-17,Store_04,Chennai - T. Nagar Shopping Plaza,Chennai,Tamil Nadu,Apparel,299225.58,0.0,0,Regular_Week,31.0,99.08,184.0,6.82,125000
2024-05-17,Store_04,Chennai - T. Nagar Shopping Plaza,Chennai,Tamil Nadu,Home_Garden,233553.0,0.0,0,Regular_Week,33.6,99.08,184.0,6.82,125000
2024-05-17,Store_04,Chennai - T. Nagar Shopping Plaza,Chennai,Tamil Nadu,Pharmacy,181075.86,0.15,0,Regular_Week,33.6,99.08,184.0,6.82,125000
2024-05-17,Store_05,Hyderabad - Hitec City Cyber Towers,Hyderabad,Telangana,Grocery,416229.71,0.05,0,Regular_Week,21.0,99.08,184.0,6.82,130000
2024-05-17,Store_05,Hyderabad - Hitec City Cyber Towers,Hyderabad,Telangana,Electronics,637319.53,0.0,0,Regular_Week,21.9,99.08,184.0,6.82,130000
2024-05-17,Store_05,Hyderabad - Hitec City Cyber Towers,Hyderabad,Telangana,Apparel,364811.15,0.1,0,Regular_Week,21.2,99.08,184.0,6.82,130000
2024-05-17,Store_05,Hyderabad - Hitec City Cyber Towers,Hyderabad,Telangana,Home_Garden,213108.92,0.0,0,Regular_Week,23.9,99.08,184.0,6.82,130000
2024-05-17,Store_05,Hyderabad - Hitec City Cyber Towers,Hyderabad,Telangana,Pharmacy,184065.82,0.0,0,Regular_Week,23.0,99.08,184.0,6.82,130000
2024-05-17,Store_06,Kolkata - Park Street Cultural Mall,Kolkata,West Bengal,Grocery,387925.76,0.0,0,Regular_Week,28.6,99.08,184.0,6.82,110000
2024-05-17,Store_06,Kolkata - Park Street Cultural Mall,Kolkata,West Bengal,Electronics,507889.94,0.0,0,Regular_Week,30.6,99.08,184.0,6.82,110000
2024-05-17,Store_06,Kolkata - Park Street Cultural Mall,Kolkata,West Bengal,Apparel,272755.49,0.0,0,Regular_Week,29.1,99.08,184.0,6.82,110000
2024-05-17,Store_06,Kolkata - Park Street Cultural Mall,Kolkata,West Bengal,Home_Garden,224625.06,0.0,0,Regular_Week,28.3,99.08,184.0,6.82,110000
2024-05-17,Store_06,Kolkata - Park Street Cultural Mall,Kolkata,West Bengal,Pharmacy,143635.03,0.0,0,Regular_Week,28.2,99.08,184.0,6.82,110000
2024-05-17,Store_07,Pune - Kothrud Commercial Hub,Pune,Maharashtra,Grocery,345340.02,0.0,0,Regular_Week,27.1,99.08,184.0,6.82,95000
2024-05-17,Store_07,Pune - Kothrud Commercial Hub,Pune,Maharashtra,Electronics,536791.11,0.0,0,Regular_Week,25.2,99.08,184.0,6.82,95000
2024-05-17,Store_07,Pune - Kothrud Commercial Hub,Pune,Maharashtra,Apparel,289590.65,0.0,0,Regular_Week,25.3,99.08,184.0,6.82,95000
2024-05-17,Store_07,Pune - Kothrud Commercial Hub,Pune,Maharashtra,Home_Garden,221723.15,0.0,0,Regular_Week,25.4,99.08,184.0,6.82,95000
2024-05-17,Store_07,Pune - Kothrud Commercial Hub,Pune,Maharashtra,Pharmacy,184814.71,0.15,0,Regular_Week,26.8,99.08,184.0,6.82,95000
2024-05-17,Store_08,Ahmedabad - SG Highway Hypermarket,Ahmedabad,Gujarat,Grocery,367614.32,0.0,0,Regular_Week,27.5,99.08,184.0,6.82,120000
2024-05-17,Store_08,Ahmedabad - SG Highway Hypermarket,Ahmedabad,Gujarat,Electronics,564457.9,0.0,0,Regular_Week,27.9,99.08,184.0,6.82,120000
2024-05-17,Store_08,Ahmedabad - SG Highway Hypermarket,Ahmedabad,Gujarat,Apparel,337459.22,0.05,0,Regular_Week,26.4,99.08,184.0,6.82,120000
2024-05-17,Store_08,Ahmedabad - SG Highway Hypermarket,Ahmedabad,Gujarat,Home_Garden,223547.67,0.0,0,Regular_Week,29.0,99.08,184.0,6.82,120000
2024-05-17,Store_08,Ahmedabad - SG Highway Hypermarket,Ahmedabad,Gujarat,Pharmacy,172761.92,0.0,0,Regular_Week,28.6,99.08,184.0,6.82,120000
2024-05-17,Store_09,Jaipur - MI Road Heritage Store,Jaipur,Rajasthan,Grocery,329806.17,0.0,0,Regular_Week,41.4,99.08,184.0,6.82,85000
2024-05-17,Store_09,Jaipur - MI Road Heritage Store,Jaipur,Rajasthan,Electronics,542109.99,0.0,0,Regular_Week,41.5,99.08,184.0,6.82,85000
2024-05-17,Store_09,Jaipur - MI Road Heritage Store,Jaipur,Rajasthan,Apparel,310369.95,0.1,0,Regular_Week,43.2,99.08,184.0,6.82,85000
2024-05-17,Store_09,Jaipur - MI Road Heritage Store,Jaipur,Rajasthan,Home_Garden,208906.98,0.0,0,Regular_Week,43.1,99.08,184.0,6.82,85000
2024-05-17,Store_09,Jaipur - MI Road Heritage Store,Jaipur,Rajasthan,Pharmacy,147508.34,0.0,0,Regular_Week,42.4,99.08,184.0,6.82,85000
2024-05-17,Store_10,Kochi - Marine Drive Coastal Mall,Kochi,Kerala,Grocery,347596.21,0.05,0,Regular_Week,28.9,99.08,184.0,6.82,90000
2024-05-17,Store_10,Kochi - Marine Drive Coastal Mall,Kochi,Kerala,Electronics,513282.24,0.0,0,Regular_Week,27.6,99.08,184.0,6.82,90000
2024-05-17,Store_10,Kochi - Marine Drive Coastal Mall,Kochi,Kerala,Apparel,324858.99,0.15,0,Regular_Week,29.5,99.08,184.0,6.82,90000
2024-05-17,Store_10,Kochi - Marine Drive Coastal Mall,Kochi,Kerala,Home_Garden,256059.44,0.15,0,Regular_Week,29.4,99.08,184.0,6.82,90000
2024-05-17,Store_10,Kochi - Marine Drive Coastal Mall,Kochi,Kerala,Pharmacy,153463.22,0.0,0,Regular_Week,30.3,99.08,184.0,6.82,90000
2024-05-24,Store_01,Mumbai - Bandra Kurla Complex (BKC),Mumbai,Maharashtra,Grocery,476636.55,0.0,0,Regular_Week,34.1,101.79,183.4,7.39,165000
2024-05-24,Store_01,Mumbai - Bandra Kurla Complex (BKC),Mumbai,Maharashtra,Electronics,693735.0,0.0,0,Regular_Week,31.9,101.79,183.4,7.39,165000
2024-05-24,Store_01,Mumbai - Bandra Kurla Complex (BKC),Mumbai,Maharashtra,Apparel,374823.88,0.0,0,Regular_Week,34.5,101.79,183.4,7.39,165000
2024-05-24,Store_01,Mumbai - Bandra Kurla Complex (BKC),Mumbai,Maharashtra,Home_Garden,258652.12,0.0,0,Regular_Week,32.7,101.79,183.4,7.39,165000
2024-05-24,Store_01,Mumbai - Bandra Kurla Complex (BKC),Mumbai,Maharashtra,Pharmacy,202602.88,0.0,0,Regular_Week,32.4,101.79,183.4,7.39,165000
2024-05-24,Store_02,Bengaluru - Indiranagar Tech Hub,Bengaluru,Karnataka,Grocery,443573.09,0.0,0,Regular_Week,26.9,101.79,183.4,7.39,140000
2024-05-24,Store_02,Bengaluru - Indiranagar Tech Hub,Bengaluru,Karnataka,Electronics,794417.96,0.1,0,Regular_Week,27.6,101.79,183.4,7.39,140000
2024-05-24,Store_02,Bengaluru - Indiranagar Tech Hub,Bengaluru,Karnataka,Apparel,329006.96,0.0,0,Regular_Week,29.0,101.79,183.4,7.39,140000
2024-05-24,Store_02,Bengaluru - Indiranagar Tech Hub,Bengaluru,Karnataka,Home_Garden,229354.85,0.0,0,Regular_Week,28.2,101.79,183.4,7.39,140000
2024-05-24,Store_02,Bengaluru - Indiranagar Tech Hub,Bengaluru,Karnataka,Pharmacy,234169.5,0.15,0,Regular_Week,27.5,101.79,183.4,7.39,140000
2024-05-24,Store_03,New Delhi - Connaught Place Flagship,New Delhi,Delhi NCR,Grocery,428622.92,0.0,0,Regular_Week,40.7,101.79,183.4,7.39,150000
2024-05-24,Store_03,New Delhi - Connaught Place Flagship,New Delhi,Delhi NCR,Electronics,655483.99,0.0,0,Regular_Week,41.6,101.79,183.4,7.39,150000
2024-05-24,Store_03,New Delhi - Connaught Place Flagship,New Delhi,Delhi NCR,Apparel,350190.18,0.0,0,Regular_Week,43.2,101.79,183.4,7.39,150000
2024-05-24,Store_03,New Delhi - Connaught Place Flagship,New Delhi,Delhi NCR,Home_Garden,277745.25,0.1,0,Regular_Week,41.8,101.79,183.4,7.39,150000
2024-05-24,Store_03,New Delhi - Connaught Place Flagship,New Delhi,Delhi NCR,Pharmacy,215598.52,0.15,0,Regular_Week,40.9,101.79,183.4,7.39,150000
2024-05-24,Store_04,Chennai - T. Nagar Shopping Plaza,Chennai,Tamil Nadu,Grocery,456131.4,0.15,0,Regular_Week,34.7,101.79,183.4,7.39,125000
2024-05-24,Store_04,Chennai - T. Nagar Shopping Plaza,Chennai,Tamil Nadu,Electronics,659777.68,0.15,0,Regular_Week,32.1,101.79,183.4,7.39,125000
2024-05-24,Store_04,Chennai - T. Nagar Shopping Plaza,Chennai,Tamil Nadu,Apparel,289643.42,0.0,0,Regular_Week,32.1,101.79,183.4,7.39,125000
2024-05-24,Store_04,Chennai - T. Nagar Shopping Plaza,Chennai,Tamil Nadu,Home_Garden,229993.36,0.0,0,Regular_Week,34.9,101.79,183.4,7.39,125000
2024-05-24,Store_04,Chennai - T. Nagar Shopping Plaza,Chennai,Tamil Nadu,Pharmacy,173466.45,0.0,0,Regular_Week,33.0,101.79,183.4,7.39,125000
2024-05-24,Store_05,Hyderabad - Hitec City Cyber Towers,Hyderabad,Telangana,Grocery,405289.66,0.0,0,Regular_Week,24.2,101.79,183.4,7.39,130000
2024-05-24,Store_05,Hyderabad - Hitec City Cyber Towers,Hyderabad,Telangana,Electronics,705949.61,0.1,0,Regular_Week,22.8,101.79,183.4,7.39,130000
2024-05-24,Store_05,Hyderabad - Hitec City Cyber Towers,Hyderabad,Telangana,Apparel,306076.81,0.0,0,Regular_Week,24.7,101.79,183.4,7.39,130000
2024-05-24,Store_05,Hyderabad - Hitec City Cyber Towers,Hyderabad,Telangana,Home_Garden,240122.97,0.0,0,Regular_Week,24.2,101.79,183.4,7.39,130000
2024-05-24,Store_05,Hyderabad - Hitec City Cyber Towers,Hyderabad,Telangana,Pharmacy,208493.53,0.15,0,Regular_Week,22.5,101.79,183.4,7.39,130000
2024-05-24,Store_06,Kolkata - Park Street Cultural Mall,Kolkata,West Bengal,Grocery,346808.42,0.0,0,Regular_Week,25.8,101.79,183.4,7.39,110000
2024-05-24,Store_06,Kolkata - Park Street Cultural Mall,Kolkata,West Bengal,Electronics,653097.66,0.15,0,Regular_Week,26.0,101.79,183.4,7.39,110000
2024-05-24,Store_06,Kolkata - Park Street Cultural Mall,Kolkata,West Bengal,Apparel,286992.86,0.0,0,Regular_Week,26.5,101.79,183.4,7.39,110000
2024-05-24,Store_06,Kolkata - Park Street Cultural Mall,Kolkata,West Bengal,Home_Garden,217345.23,0.0,0,Regular_Week,24.8,101.79,183.4,7.39,110000
2024-05-24,Store_06,Kolkata - Park Street Cultural Mall,Kolkata,West Bengal,Pharmacy,193957.87,0.15,0,Regular_Week,25.4,101.79,183.4,7.39,110000
2024-05-24,Store_07,Pune - Kothrud Commercial Hub,Pune,Maharashtra,Grocery,412325.36,0.05,0,Regular_Week,20.5,101.79,183.4,7.39,95000
2024-05-24,Store_07,Pune - Kothrud Commercial Hub,Pune,Maharashtra,Electronics,678032.9,0.15,0,Regular_Week,20.9,101.79,183.4,7.39,95000
2024-05-24,Store_07,Pune - Kothrud Commercial Hub,Pune,Maharashtra,Apparel,279926.6,0.0,0,Regular_Week,21.5,101.79,183.4,7.39,95000
2024-05-24,Store_07,Pune - Kothrud Commercial Hub,Pune,Maharashtra,Home_Garden,208842.3,0.0,0,Regular_Week,23.1,101.79,183.4,7.39,95000
2024-05-24,Store_07,Pune - Kothrud Commercial Hub,Pune,Maharashtra,Pharmacy,163687.46,0.0,0,Regular_Week,22.8,101.79,183.4,7.39,95000
2024-05-24,Store_08,Ahmedabad - SG Highway Hypermarket,Ahmedabad,Gujarat,Grocery,390377.3,0.0,0,Regular_Week,22.7,101.79,183.4,7.39,120000
2024-05-24,Store_08,Ahmedabad - SG Highway Hypermarket,Ahmedabad,Gujarat,Electronics,552215.36,0.0,0,Regular_Week,23.5,101.79,183.4,7.39,120000
2024-05-24,Store_08,Ahmedabad - SG Highway Hypermarket,Ahmedabad,Gujarat,Apparel,335411.21,0.0,0,Regular_Week,23.4,101.79,183.4,7.39,120000
2024-05-24,Store_08,Ahmedabad - SG Highway Hypermarket,Ahmedabad,Gujarat,Home_Garden,212675.88,0.0,0,Regular_Week,23.6,101.79,183.4,7.39,120000
2024-05-24,Store_08,Ahmedabad - SG Highway Hypermarket,Ahmedabad,Gujarat,Pharmacy,182615.71,0.0,0,Regular_Week,22.0,101.79,183.4,7.39,120000
2024-05-24,Store_09,Jaipur - MI Road Heritage Store,Jaipur,Rajasthan,Grocery,403312.74,0.1,0,Regular_Week,43.2,101.79,183.4,7.39,85000
2024-05-24,Store_09,Jaipur - MI Road Heritage Store,Jaipur,Rajasthan,Electronics,615701.8,0.15,0,Regular_Week,40.6,101.79,183.4,7.39,85000
2024-05-24,Store_09,Jaipur - MI Road Heritage Store,Jaipur,Rajasthan,Apparel,274940.96,0.0,0,Regular_Week,43.0,101.79,183.4,7.39,85000
2024-05-24,Store_09,Jaipur - MI Road Heritage Store,Jaipur,Rajasthan,Home_Garden,197623.75,0.0,0,Regular_Week,42.0,101.79,183.4,7.39,85000
2024-05-24,Store_09,Jaipur - MI Road Heritage Store,Jaipur,Rajasthan,Pharmacy,143412.72,0.0,0,Regular_Week,43.1,101.79,183.4,7.39,85000
2024-05-24,Store_10,Kochi - Marine Drive Coastal Mall,Kochi,Kerala,Grocery,363817.27,0.0,0,Regular_Week,32.7,101.79,183.4,7.39,90000
2024-05-24,Store_10,Kochi - Marine Drive Coastal Mall,Kochi,Kerala,Electronics,545827.41,0.05,0,Regular_Week,34.3,101.79,183.4,7.39,90000
2024-05-24,Store_10,Kochi - Marine Drive Coastal Mall,Kochi,Kerala,Apparel,302368.33,0.0,0,Regular_Week,32.6,101.79,183.4,7.39,90000
2024-05-24,Store_10,Kochi - Marine Drive Coastal Mall,Kochi,Kerala,Home_Garden,200619.9,0.05,0,Regular_Week,34.2,101.79,183.4,7.39,90000
2024-05-24,Store_10,Kochi - Marine Drive Coastal Mall,Kochi,Kerala,Pharmacy,156101.97,0.05,0,Regular_Week,32.7,101.79,183.4,7.39,90000
2024-05-31,Store_01,Mumbai - Bandra Kurla Complex (BKC),Mumbai,Maharashtra,Grocery,481751.21,0.05,0,Regular_Week,28.2,101.57,183.9,7.37,165000
2024-05-31,Store_01,Mumbai - Bandra Kurla Complex (BKC),Mumbai,Maharashtra,Electronics,703567.81,0.0,0,Regular_Week,30.1,101.57,183.9,7.37,165000
2024-05-31,Store_01,Mumbai - Bandra Kurla Complex (BKC),Mumbai,Maharashtra,Apparel,395353.95,0.1,0,Regular_Week,28.4,101.57,183.9,7.37,165000
2024-05-31,Store_01,Mumbai - Bandra Kurla Complex (BKC),Mumbai,Maharashtra,Home_Garden,324179.62,0.15,0,Regular_Week,29.0,101.57,183.9,7.37,165000
2024-05-31,Store_01,Mumbai - Bandra Kurla Complex (BKC),Mumbai,Maharashtra,Pharmacy,197268.44,0.0,0,Regular_Week,28.3,101.57,183.9,7.37,165000
2024-05-31,Store_02,Bengaluru - Indiranagar Tech Hub,Bengaluru,Karnataka,Grocery,475358.78,0.1,0,Regular_Week,22.6,101.57,183.9,7.37,140000
2024-05-31,Store_02,Bengaluru - Indiranagar Tech Hub,Bengaluru,Karnataka,Electronics,853256.55,0.15,0,Regular_Week,25.2,101.57,183.9,7.37,140000
2024-05-31,Store_02,Bengaluru - Indiranagar Tech Hub,Bengaluru,Karnataka,Apparel,410501.33,0.15,0,Regular_Week,25.0,101.57,183.9,7.37,140000
2024-05-31,Store_02,Bengaluru - Indiranagar Tech Hub,Bengaluru,Karnataka,Home_Garden,252608.07,0.05,0,Regular_Week,25.2,101.57,183.9,7.37,140000
2024-05-31,Store_02,Bengaluru - Indiranagar Tech Hub,Bengaluru,Karnataka,Pharmacy,174020.8,0.0,0,Regular_Week,24.5,101.57,183.9,7.37,140000
2024-05-31,Store_03,New Delhi - Connaught Place Flagship,New Delhi,Delhi NCR,Grocery,438098.72,0.0,0,Regular_Week,42.4,101.57,183.9,7.37,150000
2024-05-31,Store_03,New Delhi - Connaught Place Flagship,New Delhi,Delhi NCR,Electronics,690460.97,0.05,0,Regular_Week,41.3,101.57,183.9,7.37,150000
2024-05-31,Store_03,New Delhi - Connaught Place Flagship,New Delhi,Delhi NCR,Apparel,324100.98,0.05,0,Regular_Week,43.4,101.57,183.9,7.37,150000
2024-05-31,Store_03,New Delhi - Connaught Place Flagship,New Delhi,Delhi NCR,Home_Garden,272029.27,0.0,0,Regular_Week,41.1,101.57,183.9,7.37,150000
2024-05-31,Store_03,New Delhi - Connaught Place Flagship,New Delhi,Delhi NCR,Pharmacy,193405.51,0.0,0,Regular_Week,40.8,101.57,183.9,7.37,150000
2024-05-31,Store_04,Chennai - T. Nagar Shopping Plaza,Chennai,Tamil Nadu,Grocery,397269.13,0.0,0,Regular_Week,32.4,101.57,183.9,7.37,125000
2024-05-31,Store_04,Chennai - T. Nagar Shopping Plaza,Chennai,Tamil Nadu,Electronics,504939.15,0.0,0,Regular_Week,32.4,101.57,183.9,7.37,125000
2024-05-31,Store_04,Chennai - T. Nagar Shopping Plaza,Chennai,Tamil Nadu,Apparel,397492.76,0.15,0,Regular_Week,32.8,101.57,183.9,7.37,125000
2024-05-31,Store_04,Chennai - T. Nagar Shopping Plaza,Chennai,Tamil Nadu,Home_Garden,283815.41,0.1,0,Regular_Week,33.6,101.57,183.9,7.37,125000
2024-05-31,Store_04,Chennai - T. Nagar Shopping Plaza,Chennai,Tamil Nadu,Pharmacy,159605.73,0.0,0,Regular_Week,32.4,101.57,183.9,7.37,125000
2024-05-31,Store_05,Hyderabad - Hitec City Cyber Towers,Hyderabad,Telangana,Grocery,437863.78,0.1,0,Regular_Week,28.0,101.57,183.9,7.37,130000
2024-05-31,Store_05,Hyderabad - Hitec City Cyber Towers,Hyderabad,Telangana,Electronics,568132.58,0.0,0,Regular_Week,27.1,101.57,183.9,7.37,130000
2024-05-31,Store_05,Hyderabad - Hitec City Cyber Towers,Hyderabad,Telangana,Apparel,311610.06,0.0,0,Regular_Week,27.5,101.57,183.9,7.37,130000
2024-05-31,Store_05,Hyderabad - Hitec City Cyber Towers,Hyderabad,Telangana,Home_Garden,228495.06,0.0,0,Regular_Week,26.8,101.57,183.9,7.37,130000
2024-05-31,Store_05,Hyderabad - Hitec City Cyber Towers,Hyderabad,Telangana,Pharmacy,205385.15,0.15,0,Regular_Week,27.4,101.57,183.9,7.37,130000
2024-05-31,Store_06,Kolkata - Park Street Cultural Mall,Kolkata,West Bengal,Grocery,367243.37,0.0,0,Regular_Week,27.1,101.57,183.9,7.37,110000
2024-05-31,Store_06,Kolkata - Park Street Cultural Mall,Kolkata,West Bengal,Electronics,569005.78,0.0,0,Regular_Week,28.0,101.57,183.9,7.37,110000
2024-05-31,Store_06,Kolkata - Park Street Cultural Mall,Kolkata,West Bengal,Apparel,289921.53,0.0,0,Regular_Week,27.9,101.57,183.9,7.37,110000
2024-05-31,Store_06,Kolkata - Park Street Cultural Mall,Kolkata,West Bengal,Home_Garden,228844.66,0.0,0,Regular_Week,27.0,101.57,183.9,7.37,110000
2024-05-31,Store_06,Kolkata - Park Street Cultural Mall,Kolkata,West Bengal,Pharmacy,158907.38,0.0,0,Regular_Week,29.1,101.57,183.9,7.37,110000
2024-05-31,Store_07,Pune - Kothrud Commercial Hub,Pune,Maharashtra,Grocery,373245.09,0.0,0,Regular_Week,27.6,101.57,183.9,7.37,95000
2024-05-31,Store_07,Pune - Kothrud Commercial Hub,Pune,Maharashtra,Electronics,548407.47,0.0,0,Regular_Week,29.0,101.57,183.9,7.37,95000
2024-05-31,Store_07,Pune - Kothrud Commercial Hub,Pune,Maharashtra,Apparel,289837.89,0.05,0,Regular_Week,28.4,101.57,183.9,7.37,95000
2024-05-31,Store_07,Pune - Kothrud Commercial Hub,Pune,Maharashtra,Home_Garden,201381.03,0.0,0,Regular_Week,29.5,101.57,183.9,7.37,95000
2024-05-31,Store_07,Pune - Kothrud Commercial Hub,Pune,Maharashtra,Pharmacy,175806.71,0.1,0,Regular_Week,29.2,101.57,183.9,7.37,95000
2024-05-31,Store_08,Ahmedabad - SG Highway Hypermarket,Ahmedabad,Gujarat,Grocery,409414.58,0.0,0,Regular_Week,27.1,101.57,183.9,7.37,120000
2024-05-31,Store_08,Ahmedabad - SG Highway Hypermarket,Ahmedabad,Gujarat,Electronics,609363.83,0.0,0,Regular_Week,27.1,101.57,183.9,7.37,120000
2024-05-31,Store_08,Ahmedabad - SG Highway Hypermarket,Ahmedabad,Gujarat,Apparel,327777.33,0.0,0,Regular_Week,28.9,101.57,183.9,7.37,120000
2024-05-31,Store_08,Ahmedabad - SG Highway Hypermarket,Ahmedabad,Gujarat,Home_Garden,239285.17,0.0,0,Regular_Week,27.3,101.57,183.9,7.37,120000
2024-05-31,Store_08,Ahmedabad - SG Highway Hypermarket,Ahmedabad,Gujarat,Pharmacy,187525.82,0.1,0,Regular_Week,27.5,101.57,183.9,7.37,120000
2024-05-31,Store_09,Jaipur - MI Road Heritage Store,Jaipur,Rajasthan,Grocery,343532.88,0.05,0,Regular_Week,41.5,101.57,183.9,7.37,85000
2024-05-31,Store_09,Jaipur - MI Road Heritage Store,Jaipur,Rajasthan,Electronics,550900.6,0.05,0,Regular_Week,41.2,101.57,183.9,7.37,85000
2024-05-31,Store_09,Jaipur - MI Road Heritage Store,Jaipur,Rajasthan,Apparel,362211.49,0.15,0,Regular_Week,42.3,101.57,183.9,7.37,85000
2024-05-31,Store_09,Jaipur - MI Road Heritage Store,Jaipur,Rajasthan,Home_Garden,195172.15,0.0,0,Regular_Week,43.1,101.57,183.9,7.37,85000
2024-05-31,Store_09,Jaipur - MI Road Heritage Store,Jaipur,Rajasthan,Pharmacy,146225.16,0.0,0,Regular_Week,41.6,101.57,183.9,7.37,85000
2024-05-31,Store_10,Kochi - Marine Drive Coastal Mall,Kochi,Kerala,Grocery,346725.61,0.05,0,Regular_Week,31.3,101.57,183.9,7.37,90000
2024-05-31,Store_10,Kochi - Marine Drive Coastal Mall,Kochi,Kerala,Electronics,621370.23,0.15,0,Regular_Week,31.6,101.57,183.9,7.37,90000
2024-05-31,Store_10,Kochi - Marine Drive Coastal Mall,Kochi,Kerala,Apparel,288753.27,0.0,0,Regular_Week,29.2,101.57,183.9,7.37,90000
2024-05-31,Store_10,Kochi - Marine Drive Coastal Mall,Kochi,Kerala,Home_Garden,204157.64,0.0,0,Regular_Week,31.2,101.57,183.9,7.37,90000
2024-05-31,Store_10,Kochi - Marine Drive Coastal Mall,Kochi,Kerala,Pharmacy,150458.57,0.0,0,Regular_Week,31.3,101.57,183.9,7.37,90000
2024-06-07,Store_01,Mumbai - Bandra Kurla Complex (BKC),Mumbai,Maharashtra,Grocery,465175.23,0.0,0,Regular_Week,27.7,103.16,184.1,7.51,165000
2024-06-07,Store_01,Mumbai - Bandra Kurla Complex (BKC),Mumbai,Maharashtra,Electronics,720536.48,0.0,0,Regular_Week,29.2,103.16,184.1,7.51,165000
2024-06-07,Store_01,Mumbai - Bandra Kurla Complex (BKC),Mumbai,Maharashtra,Apparel,375797.13,0.0,0,Regular_Week,28.7,103.16,184.1,7.51,165000
2024-06-07,Store_01,Mumbai - Bandra Kurla Complex (BKC),Mumbai,Maharashtra,Home_Garden,290935.64,0.0,0,Regular_Week,28.5,103.16,184.1,7.51,165000
2024-06-07,Store_01,Mumbai - Bandra Kurla Complex (BKC),Mumbai,Maharashtra,Pharmacy,209573.52,0.0,0,Regular_Week,26.7,103.16,184.1,7.51,165000
2024-06-07,Store_02,Bengaluru - Indiranagar Tech Hub,Bengaluru,Karnataka,Grocery,509545.46,0.1,0,Regular_Week,24.3,103.16,184.1,7.51,140000
2024-06-07,Store_02,Bengaluru - Indiranagar Tech Hub,Bengaluru,Karnataka,Electronics,642055.33,0.0,0,Regular_Week,23.0,103.16,184.1,7.51,140000
2024-06-07,Store_02,Bengaluru - Indiranagar Tech Hub,Bengaluru,Karnataka,Apparel,402119.32,0.0,0,Regular_Week,24.4,103.16,184.1,7.51,140000
2024-06-07,Store_02,Bengaluru - Indiranagar Tech Hub,Bengaluru,Karnataka,Home_Garden,267883.58,0.0,0,Regular_Week,22.9,103.16,184.1,7.51,140000
2024-06-07,Store_02,Bengaluru - Indiranagar Tech Hub,Bengaluru,Karnataka,Pharmacy,200786.51,0.05,0,Regular_Week,22.7,103.16,184.1,7.51,140000
2024-06-07,Store_03,New Delhi - Connaught Place Flagship,New Delhi,Delhi NCR,Grocery,417781.44,0.0,0,Regular_Week,43.2,103.16,184.1,7.51,150000
2024-06-07,Store_03,New Delhi - Connaught Place Flagship,New Delhi,Delhi NCR,Electronics,716353.94,0.05,0,Regular_Week,40.9,103.16,184.1,7.51,150000
2024-06-07,Store_03,New Delhi - Connaught Place Flagship,New Delhi,Delhi NCR,Apparel,363447.55,0.0,0,Regular_Week,40.8,103.16,184.1,7.51,150000
2024-06-07,Store_03,New Delhi - Connaught Place Flagship,New Delhi,Delhi NCR,Home_Garden,278346.88,0.0,0,Regular_Week,41.5,103.16,184.1,7.51,150000
2024-06-07,Store_03,New Delhi - Connaught Place Flagship,New Delhi,Delhi NCR,Pharmacy,216294.37,0.05,0,Regular_Week,42.7,103.16,184.1,7.51,150000
2024-06-07,Store_04,Chennai - T. Nagar Shopping Plaza,Chennai,Tamil Nadu,Grocery,397173.66,0.0,0,Regular_Week,35.2,103.16,184.1,7.51,125000
2024-06-07,Store_04,Chennai - T. Nagar Shopping Plaza,Chennai,Tamil Nadu,Electronics,579817.17,0.0,0,Regular_Week,33.9,103.16,184.1,7.51,125000
2024-06-07,Store_04,Chennai - T. Nagar Shopping Plaza,Chennai,Tamil Nadu,Apparel,320399.7,0.0,0,Regular_Week,34.9,103.16,184.1,7.51,125000
2024-06-07,Store_04,Chennai - T. Nagar Shopping Plaza,Chennai,Tamil Nadu,Home_Garden,273849.78,0.15,0,Regular_Week,33.2,103.16,184.1,7.51,125000
2024-06-07,Store_04,Chennai - T. Nagar Shopping Plaza,Chennai,Tamil Nadu,Pharmacy,157721.92,0.0,0,Regular_Week,33.8,103.16,184.1,7.51,125000
2024-06-07,Store_05,Hyderabad - Hitec City Cyber Towers,Hyderabad,Telangana,Grocery,426684.47,0.1,0,Regular_Week,23.4,103.16,184.1,7.51,130000
2024-06-07,Store_05,Hyderabad - Hitec City Cyber Towers,Hyderabad,Telangana,Electronics,569420.39,0.0,0,Regular_Week,25.1,103.16,184.1,7.51,130000
2024-06-07,Store_05,Hyderabad - Hitec City Cyber Towers,Hyderabad,Telangana,Apparel,372908.12,0.05,0,Regular_Week,24.4,103.16,184.1,7.51,130000
2024-06-07,Store_05,Hyderabad - Hitec City Cyber Towers,Hyderabad,Telangana,Home_Garden,239702.72,0.0,0,Regular_Week,24.1,103.16,184.1,7.51,130000
2024-06-07,Store_05,Hyderabad - Hitec City Cyber Towers,Hyderabad,Telangana,Pharmacy,174954.9,0.0,0,Regular_Week,24.7,103.16,184.1,7.51,130000
2024-06-07,Store_06,Kolkata - Park Street Cultural Mall,Kolkata,West Bengal,Grocery,373080.72,0.0,0,Regular_Week,30.2,103.16,184.1,7.51,110000
2024-06-07,Store_06,Kolkata - Park Street Cultural Mall,Kolkata,West Bengal,Electronics,575557.91,0.0,0,Regular_Week,32.1,103.16,184.1,7.51,110000
2024-06-07,Store_06,Kolkata - Park Street Cultural Mall,Kolkata,West Bengal,Apparel,326579.31,0.1,0,Regular_Week,32.2,103.16,184.1,7.51,110000
2024-06-07,Store_06,Kolkata - Park Street Cultural Mall,Kolkata,West Bengal,Home_Garden,216202.89,0.0,0,Regular_Week,30.6,103.16,184.1,7.51,110000
2024-06-07,Store_06,Kolkata - Park Street Cultural Mall,Kolkata,West Bengal,Pharmacy,160416.62,0.0,0,Regular_Week,32.4,103.16,184.1,7.51,110000
2024-06-07,Store_07,Pune - Kothrud Commercial Hub,Pune,Maharashtra,Grocery,394707.13,0.15,0,Regular_Week,27.4,103.16,184.1,7.51,95000
2024-06-07,Store_07,Pune - Kothrud Commercial Hub,Pune,Maharashtra,Electronics,633122.27,0.15,0,Regular_Week,25.5,103.16,184.1,7.51,95000
2024-06-07,Store_07,Pune - Kothrud Commercial Hub,Pune,Maharashtra,Apparel,315726.48,0.05,0,Regular_Week,26.1,103.16,184.1,7.51,95000
2024-06-07,Store_07,Pune - Kothrud Commercial Hub,Pune,Maharashtra,Home_Garden,201960.71,0.0,0,Regular_Week,27.6,103.16,184.1,7.51,95000
2024-06-07,Store_07,Pune - Kothrud Commercial Hub,Pune,Maharashtra,Pharmacy,186411.41,0.1,0,Regular_Week,27.7,103.16,184.1,7.51,95000
2024-06-07,Store_08,Ahmedabad - SG Highway Hypermarket,Ahmedabad,Gujarat,Grocery,465353.96,0.1,0,Regular_Week,28.0,103.16,184.1,7.51,120000
2024-06-07,Store_08,Ahmedabad - SG Highway Hypermarket,Ahmedabad,Gujarat,Electronics,635666.63,0.0,0,Regular_Week,26.2,103.16,184.1,7.51,120000
2024-06-07,Store_08,Ahmedabad - SG Highway Hypermarket,Ahmedabad,Gujarat,Apparel,386488.94,0.1,0,Regular_Week,28.4,103.16,184.1,7.51,120000
2024-06-07,Store_08,Ahmedabad - SG Highway Hypermarket,Ahmedabad,Gujarat,Home_Garden,233561.17,0.0,0,Regular_Week,28.4,103.16,184.1,7.51,120000
2024-06-07,Store_08,Ahmedabad - SG Highway Hypermarket,Ahmedabad,Gujarat,Pharmacy,181093.64,0.0,0,Regular_Week,26.5,103.16,184.1,7.51,120000
2024-06-07,Store_09,Jaipur - MI Road Heritage Store,Jaipur,Rajasthan,Grocery,363664.03,0.05,0,Regular_Week,42.5,103.16,184.1,7.51,85000
2024-06-07,Store_09,Jaipur - MI Road Heritage Store,Jaipur,Rajasthan,Electronics,503841.51,0.0,0,Regular_Week,41.5,103.16,184.1,7.51,85000
2024-06-07,Store_09,Jaipur - MI Road Heritage Store,Jaipur,Rajasthan,Apparel,293911.97,0.0,0,Regular_Week,41.8,103.16,184.1,7.51,85000
2024-06-07,Store_09,Jaipur - MI Road Heritage Store,Jaipur,Rajasthan,Home_Garden,195398.03,0.0,0,Regular_Week,42.3,103.16,184.1,7.51,85000
2024-06-07,Store_09,Jaipur - MI Road Heritage Store,Jaipur,Rajasthan,Pharmacy,143958.74,0.0,0,Regular_Week,41.5,103.16,184.1,7.51,85000
2024-06-07,Store_10,Kochi - Marine Drive Coastal Mall,Kochi,Kerala,Grocery,362083.75,0.0,0,Regular_Week,27.7,103.16,184.1,7.51,90000
2024-06-07,Store_10,Kochi - Marine Drive Coastal Mall,Kochi,Kerala,Electronics,534221.86,0.0,0,Regular_Week,29.1,103.16,184.1,7.51,90000
2024-06-07,Store_10,Kochi - Marine Drive Coastal Mall,Kochi,Kerala,Apparel,300807.95,0.05,0,Regular_Week,29.7,103.16,184.1,7.51,90000
2024-06-07,Store_10,Kochi - Marine Drive Coastal Mall,Kochi,Kerala,Home_Garden,191259.92,0.0,0,Regular_Week,28.1,103.16,184.1,7.51,90000
2024-06-07,Store_10,Kochi - Marine Drive Coastal Mall,Kochi,Kerala,Pharmacy,142683.98,0.0,0,Regular_Week,27.4,103.16,184.1,7.51,90000
2024-06-14,Store_01,Mumbai - Bandra Kurla Complex (BKC),Mumbai,Maharashtra,Grocery,486868.96,0.0,0,Regular_Week,33.6,99.91,184.4,6.78,165000
2024-06-14,Store_01,Mumbai - Bandra Kurla Complex (BKC),Mumbai,Maharashtra,Electronics,695822.76,0.0,0,Regular_Week,32.8,99.91,184.4,6.78,165000
2024-06-14,Store_01,Mumbai - Bandra Kurla Complex (BKC),Mumbai,Maharashtra,Apparel,359410.73,0.0,0,Regular_Week,34.3,99.91,184.4,6.78,165000
2024-06-14,Store_01,Mumbai - Bandra Kurla Complex (BKC),Mumbai,Maharashtra,Home_Garden,282955.14,0.0,0,Regular_Week,33.7,99.91,184.4,6.78,165000
2024-06-14,Store_01,Mumbai - Bandra Kurla Complex (BKC),Mumbai,Maharashtra,Pharmacy,214934.83,0.0,0,Regular_Week,32.6,99.91,184.4,6.78,165000
2024-06-14,Store_02,Bengaluru - Indiranagar Tech Hub,Bengaluru,Karnataka,Grocery,404020.39,0.0,0,Regular_Week,30.0,99.91,184.4,6.78,140000
2024-06-14,Store_02,Bengaluru - Indiranagar Tech Hub,Bengaluru,Karnataka,Electronics,715723.56,0.05,0,Regular_Week,31.6,99.91,184.4,6.78,140000
2024-06-14,Store_02,Bengaluru - Indiranagar Tech Hub,Bengaluru,Karnataka,Apparel,374789.18,0.05,0,Regular_Week,31.5,99.91,184.4,6.78,140000
2024-06-14,Store_02,Bengaluru - Indiranagar Tech Hub,Bengaluru,Karnataka,Home_Garden,264415.42,0.05,0,Regular_Week,30.3,99.91,184.4,6.78,140000
2024-06-14,Store_02,Bengaluru - Indiranagar Tech Hub,Bengaluru,Karnataka,Pharmacy,197048.5,0.05,0,Regular_Week,31.9,99.91,184.4,6.78,140000
2024-06-14,Store_03,New Delhi - Connaught Place Flagship,New Delhi,Delhi NCR,Grocery,438371.37,0.0,0,Regular_Week,41.4,99.91,184.4,6.78,150000
2024-06-14,Store_03,New Delhi - Connaught Place Flagship,New Delhi,Delhi NCR,Electronics,694886.07,0.0,0,Regular_Week,41.9,99.91,184.4,6.78,150000
2024-06-14,Store_03,New Delhi - Connaught Place Flagship,New Delhi,Delhi NCR,Apparel,422683.19,0.15,0,Regular_Week,41.6,99.91,184.4,6.78,150000
2024-06-14,Store_03,New Delhi - Connaught Place Flagship,New Delhi,Delhi NCR,Home_Garden,252033.88,0.05,0,Regular_Week,41.8,99.91,184.4,6.78,150000
2024-06-14,Store_03,New Delhi - Connaught Place Flagship,New Delhi,Delhi NCR,Pharmacy,201324.69,0.0,0,Regular_Week,43.4,99.91,184.4,6.78,150000
2024-06-14,Store_04,Chennai - T. Nagar Shopping Plaza,Chennai,Tamil Nadu,Grocery,404325.61,0.0,0,Regular_Week,31.6,99.91,184.4,6.78,125000
2024-06-14,Store_04,Chennai - T. Nagar Shopping Plaza,Chennai,Tamil Nadu,Electronics,578839.65,0.0,0,Regular_Week,29.7,99.91,184.4,6.78,125000
2024-06-14,Store_04,Chennai - T. Nagar Shopping Plaza,Chennai,Tamil Nadu,Apparel,308342.26,0.0,0,Regular_Week,31.1,99.91,184.4,6.78,125000
2024-06-14,Store_04,Chennai - T. Nagar Shopping Plaza,Chennai,Tamil Nadu,Home_Garden,268118.5,0.15,0,Regular_Week,29.8,99.91,184.4,6.78,125000
2024-06-14,Store_04,Chennai - T. Nagar Shopping Plaza,Chennai,Tamil Nadu,Pharmacy,179462.77,0.0,0,Regular_Week,29.1,99.91,184.4,6.78,125000
2024-06-14,Store_05,Hyderabad - Hitec City Cyber Towers,Hyderabad,Telangana,Grocery,401418.55,0.0,0,Regular_Week,27.3,99.91,184.4,6.78,130000
2024-06-14,Store_05,Hyderabad - Hitec City Cyber Towers,Hyderabad,Telangana,Electronics,673377.17,0.0,0,Regular_Week,26.9,99.91,184.4,6.78,130000
2024-06-14,Store_05,Hyderabad - Hitec City Cyber Towers,Hyderabad,Telangana,Apparel,395508.58,0.1,0,Regular_Week,27.1,99.91,184.4,6.78,130000
2024-06-14,Store_05,Hyderabad - Hitec City Cyber Towers,Hyderabad,Telangana,Home_Garden,223740.12,0.0,0,Regular_Week,28.2,99.91,184.4,6.78,130000
2024-06-14,Store_05,Hyderabad - Hitec City Cyber Towers,Hyderabad,Telangana,Pharmacy,194933.25,0.1,0,Regular_Week,26.1,99.91,184.4,6.78,130000
2024-06-14,Store_06,Kolkata - Park Street Cultural Mall,Kolkata,West Bengal,Grocery,374023.86,0.0,0,Regular_Week,28.2,99.91,184.4,6.78,110000
2024-06-14,Store_06,Kolkata - Park Street Cultural Mall,Kolkata,West Bengal,Electronics,522850.35,0.0,0,Regular_Week,27.3,99.91,184.4,6.78,110000
2024-06-14,Store_06,Kolkata - Park Street Cultural Mall,Kolkata,West Bengal,Apparel,298288.86,0.0,0,Regular_Week,29.8,99.91,184.4,6.78,110000
2024-06-14,Store_06,Kolkata - Park Street Cultural Mall,Kolkata,West Bengal,Home_Garden,252332.14,0.15,0,Regular_Week,29.0,99.91,184.4,6.78,110000
2024-06-14,Store_06,Kolkata - Park Street Cultural Mall,Kolkata,West Bengal,Pharmacy,188046.96,0.1,0,Regular_Week,27.8,99.91,184.4,6.78,110000
2024-06-14,Store_07,Pune - Kothrud Commercial Hub,Pune,Maharashtra,Grocery,340461.28,0.0,0,Regular_Week,25.5,99.91,184.4,6.78,95000
2024-06-14,Store_07,Pune - Kothrud Commercial Hub,Pune,Maharashtra,Electronics,574038.05,0.0,0,Regular_Week,27.2,99.91,184.4,6.78,95000
2024-06-14,Store_07,Pune - Kothrud Commercial Hub,Pune,Maharashtra,Apparel,284949.39,0.0,0,Regular_Week,27.7,99.91,184.4,6.78,95000
2024-06-14,Store_07,Pune - Kothrud Commercial Hub,Pune,Maharashtra,Home_Garden,208223.37,0.0,0,Regular_Week,27.2,99.91,184.4,6.78,95000
2024-06-14,Store_07,Pune - Kothrud Commercial Hub,Pune,Maharashtra,Pharmacy,153549.85,0.0,0,Regular_Week,28.2,99.91,184.4,6.78,95000
2024-06-14,Store_08,Ahmedabad - SG Highway Hypermarket,Ahmedabad,Gujarat,Grocery,380110.67,0.0,0,Regular_Week,28.8,99.91,184.4,6.78,120000
2024-06-14,Store_08,Ahmedabad - SG Highway Hypermarket,Ahmedabad,Gujarat,Electronics,578290.44,0.0,0,Regular_Week,30.6,99.91,184.4,6.78,120000
2024-06-14,Store_08,Ahmedabad - SG Highway Hypermarket,Ahmedabad,Gujarat,Apparel,326557.27,0.0,0,Regular_Week,31.0,99.91,184.4,6.78,120000
2024-06-14,Store_08,Ahmedabad - SG Highway Hypermarket,Ahmedabad,Gujarat,Home_Garden,255009.02,0.05,0,Regular_Week,28.4,99.91,184.4,6.78,120000
2024-06-14,Store_08,Ahmedabad - SG Highway Hypermarket,Ahmedabad,Gujarat,Pharmacy,200337.3,0.1,0,Regular_Week,31.2,99.91,184.4,6.78,120000
2024-06-14,Store_09,Jaipur - MI Road Heritage Store,Jaipur,Rajasthan,Grocery,335988.52,0.0,0,Regular_Week,42.4,99.91,184.4,6.78,85000
2024-06-14,Store_09,Jaipur - MI Road Heritage Store,Jaipur,Rajasthan,Electronics,647362.58,0.15,0,Regular_Week,42.9,99.91,184.4,6.78,85000
2024-06-14,Store_09,Jaipur - MI Road Heritage Store,Jaipur,Rajasthan,Apparel,269678.46,0.0,0,Regular_Week,43.5,99.91,184.4,6.78,85000
2024-06-14,Store_09,Jaipur - MI Road Heritage Store,Jaipur,Rajasthan,Home_Garden,197236.67,0.0,0,Regular_Week,43.0,99.91,184.4,6.78,85000
2024-06-14,Store_09,Jaipur - MI Road Heritage Store,Jaipur,Rajasthan,Pharmacy,151305.82,0.0,0,Regular_Week,43.2,99.91,184.4,6.78,85000
2024-06-14,Store_10,Kochi - Marine Drive Coastal Mall,Kochi,Kerala,Grocery,382479.33,0.15,0,Regular_Week,33.6,99.91,184.4,6.78,90000
2024-06-14,Store_10,Kochi - Marine Drive Coastal Mall,Kochi,Kerala,Electronics,529525.86,0.0,0,Regular_Week,31.4,99.91,184.4,6.78,90000
2024-06-14,Store_10,Kochi - Marine Drive Coastal Mall,Kochi,Kerala,Apparel,259728.3,0.0,0,Regular_Week,31.5,99.91,184.4,6.78,90000
2024-06-14,Store_10,Kochi - Marine Drive Coastal Mall,Kochi,Kerala,Home_Garden,247528.96,0.15,0,Regular_Week,33.1,99.91,184.4,6.78,90000
2024-06-14,Store_10,Kochi - Marine Drive Coastal Mall,Kochi,Kerala,Pharmacy,153190.42,0.0,0,Regular_Week,31.7,99.91,184.4,6.78,90000
2024-06-21,Store_01,Mumbai - Bandra Kurla Complex (BKC),Mumbai,Maharashtra,Grocery,448468.96,0.0,0,Regular_Week,30.2,97.91,183.9,6.83,165000
2024-06-21,Store_01,Mumbai - Bandra Kurla Complex (BKC),Mumbai,Maharashtra,Electronics,671422.87,0.0,0,Regular_Week,29.0,97.91,183.9,6.83,165000
2024-06-21,Store_01,Mumbai - Bandra Kurla Complex (BKC),Mumbai,Maharashtra,Apparel,420888.48,0.1,0,Regular_Week,30.9,97.91,183.9,6.83,165000
2024-06-21,Store_01,Mumbai - Bandra Kurla Complex (BKC),Mumbai,Maharashtra,Home_Garden,253709.45,0.0,0,Regular_Week,29.1,97.91,183.9,6.83,165000
2024-06-21,Store_01,Mumbai - Bandra Kurla Complex (BKC),Mumbai,Maharashtra,Pharmacy,188900.47,0.0,0,Regular_Week,29.4,97.91,183.9,6.83,165000
2024-06-21,Store_02,Bengaluru - Indiranagar Tech Hub,Bengaluru,Karnataka,Grocery,472588.41,0.0,0,Regular_Week,26.3,97.91,183.9,6.83,140000
2024-06-21,Store_02,Bengaluru - Indiranagar Tech Hub,Bengaluru,Karnataka,Electronics,675991.57,0.0,0,Regular_Week,26.3,97.91,183.9,6.83,140000
2024-06-21,Store_02,Bengaluru - Indiranagar Tech Hub,Bengaluru,Karnataka,Apparel,335759.11,0.0,0,Regular_Week,26.4,97.91,183.9,6.83,140000
2024-06-21,Store_02,Bengaluru - Indiranagar Tech Hub,Bengaluru,Karnataka,Home_Garden,261894.45,0.0,0,Regular_Week,29.1,97.91,183.9,6.83,140000
2024-06-21,Store_02,Bengaluru - Indiranagar Tech Hub,Bengaluru,Karnataka,Pharmacy,209721.9,0.0,0,Regular_Week,27.0,97.91,183.9,6.83,140000
2024-06-21,Store_03,New Delhi - Connaught Place Flagship,New Delhi,Delhi NCR,Grocery,421823.05,0.0,0,Regular_Week,41.9,97.91,183.9,6.83,150000
2024-06-21,Store_03,New Delhi - Connaught Place Flagship,New Delhi,Delhi NCR,Electronics,653985.45,0.0,0,Regular_Week,40.8,97.91,183.9,6.83,150000
2024-06-21,Store_03,New Delhi - Connaught Place Flagship,New Delhi,Delhi NCR,Apparel,386723.52,0.0,0,Regular_Week,40.9,97.91,183.9,6.83,150000
2024-06-21,Store_03,New Delhi - Connaught Place Flagship,New Delhi,Delhi NCR,Home_Garden,282577.04,0.0,0,Regular_Week,43.0,97.91,183.9,6.83,150000
2024-06-21,Store_03,New Delhi - Connaught Place Flagship,New Delhi,Delhi NCR,Pharmacy,201699.1,0.1,0,Regular_Week,41.8,97.91,183.9,6.83,150000
2024-06-21,Store_04,Chennai - T. Nagar Shopping Plaza,Chennai,Tamil Nadu,Grocery,423165.62,0.1,0,Regular_Week,30.1,97.91,183.9,6.83,125000
2024-06-21,Store_04,Chennai - T. Nagar Shopping Plaza,Chennai,Tamil Nadu,Electronics,583684.73,0.0,0,Regular_Week,30.7,97.91,183.9,6.83,125000
2024-06-21,Store_04,Chennai - T. Nagar Shopping Plaza,Chennai,Tamil Nadu,Apparel,389041.71,0.15,0,Regular_Week,30.1,97.91,183.9,6.83,125000
2024-06-21,Store_04,Chennai - T. Nagar Shopping Plaza,Chennai,Tamil Nadu,Home_Garden,223054.72,0.0,0,Regular_Week,31.9,97.91,183.9,6.83,125000
2024-06-21,Store_04,Chennai - T. Nagar Shopping Plaza,Chennai,Tamil Nadu,Pharmacy,186172.86,0.05,0,Regular_Week,30.0,97.91,183.9,6.83,125000
2024-06-21,Store_05,Hyderabad - Hitec City Cyber Towers,Hyderabad,Telangana,Grocery,477538.29,0.15,0,Regular_Week,25.0,97.91,183.9,6.83,130000
2024-06-21,Store_05,Hyderabad - Hitec City Cyber Towers,Hyderabad,Telangana,Electronics,611812.69,0.15,0,Regular_Week,24.5,97.91,183.9,6.83,130000
2024-06-21,Store_05,Hyderabad - Hitec City Cyber Towers,Hyderabad,Telangana,Apparel,340878.75,0.0,0,Regular_Week,24.5,97.91,183.9,6.83,130000
2024-06-21,Store_05,Hyderabad - Hitec City Cyber Towers,Hyderabad,Telangana,Home_Garden,253440.33,0.0,0,Regular_Week,24.5,97.91,183.9,6.83,130000
2024-06-21,Store_05,Hyderabad - Hitec City Cyber Towers,Hyderabad,Telangana,Pharmacy,173234.64,0.0,0,Regular_Week,24.8,97.91,183.9,6.83,130000
2024-06-21,Store_06,Kolkata - Park Street Cultural Mall,Kolkata,West Bengal,Grocery,442271.41,0.15,0,Regular_Week,23.9,97.91,183.9,6.83,110000
2024-06-21,Store_06,Kolkata - Park Street Cultural Mall,Kolkata,West Bengal,Electronics,571853.53,0.0,0,Regular_Week,23.4,97.91,183.9,6.83,110000
2024-06-21,Store_06,Kolkata - Park Street Cultural Mall,Kolkata,West Bengal,Apparel,351934.5,0.1,0,Regular_Week,25.3,97.91,183.9,6.83,110000
2024-06-21,Store_06,Kolkata - Park Street Cultural Mall,Kolkata,West Bengal,Home_Garden,233831.34,0.15,0,Regular_Week,25.6,97.91,183.9,6.83,110000
2024-06-21,Store_06,Kolkata - Park Street Cultural Mall,Kolkata,West Bengal,Pharmacy,176787.8,0.1,0,Regular_Week,25.5,97.91,183.9,6.83,110000
2024-06-21,Store_07,Pune - Kothrud Commercial Hub,Pune,Maharashtra,Grocery,349069.41,0.0,0,Regular_Week,28.2,97.91,183.9,6.83,95000
2024-06-21,Store_07,Pune - Kothrud Commercial Hub,Pune,Maharashtra,Electronics,498771.64,0.0,0,Regular_Week,28.4,97.91,183.9,6.83,95000
2024-06-21,Store_07,Pune - Kothrud Commercial Hub,Pune,Maharashtra,Apparel,317260.73,0.0,0,Regular_Week,29.7,97.91,183.9,6.83,95000
2024-06-21,Store_07,Pune - Kothrud Commercial Hub,Pune,Maharashtra,Home_Garden,185100.82,0.0,0,Regular_Week,28.3,97.91,183.9,6.83,95000
2024-06-21,Store_07,Pune - Kothrud Commercial Hub,Pune,Maharashtra,Pharmacy,177193.79,0.15,0,Regular_Week,29.6,97.91,183.9,6.83,95000
2024-06-21,Store_08,Ahmedabad - SG Highway Hypermarket,Ahmedabad,Gujarat,Grocery,376834.23,0.0,0,Regular_Week,21.3,97.91,183.9,6.83,120000
2024-06-21,Store_08,Ahmedabad - SG Highway Hypermarket,Ahmedabad,Gujarat,Electronics,661396.15,0.1,0,Regular_Week,21.8,97.91,183.9,6.83,120000
2024-06-21,Store_08,Ahmedabad - SG Highway Hypermarket,Ahmedabad,Gujarat,Apparel,375635.08,0.15,0,Regular_Week,22.1,97.91,183.9,6.83,120000
2024-06-21,Store_08,Ahmedabad - SG Highway Hypermarket,Ahmedabad,Gujarat,Home_Garden,227674.0,0.0,0,Regular_Week,22.8,97.91,183.9,6.83,120000
2024-06-21,Store_08,Ahmedabad - SG Highway Hypermarket,Ahmedabad,Gujarat,Pharmacy,176752.86,0.0,0,Regular_Week,23.5,97.91,183.9,6.83,120000
2024-06-21,Store_09,Jaipur - MI Road Heritage Store,Jaipur,Rajasthan,Grocery,365004.77,0.0,0,Regular_Week,41.0,97.91,183.9,6.83,85000
2024-06-21,Store_09,Jaipur - MI Road Heritage Store,Jaipur,Rajasthan,Electronics,526612.9,0.0,0,Regular_Week,41.0,97.91,183.9,6.83,85000
2024-06-21,Store_09,Jaipur - MI Road Heritage Store,Jaipur,Rajasthan,Apparel,286984.34,0.0,0,Regular_Week,41.5,97.91,183.9,6.83,85000
2024-06-21,Store_09,Jaipur - MI Road Heritage Store,Jaipur,Rajasthan,Home_Garden,208923.29,0.05,0,Regular_Week,41.9,97.91,183.9,6.83,85000
2024-06-21,Store_09,Jaipur - MI Road Heritage Store,Jaipur,Rajasthan,Pharmacy,137066.93,0.0,0,Regular_Week,43.1,97.91,183.9,6.83,85000
2024-06-21,Store_10,Kochi - Marine Drive Coastal Mall,Kochi,Kerala,Grocery,385313.35,0.1,0,Regular_Week,32.5,97.91,183.9,6.83,90000
2024-06-21,Store_10,Kochi - Marine Drive Coastal Mall,Kochi,Kerala,Electronics,532198.64,0.0,0,Regular_Week,31.0,97.91,183.9,6.83,90000
2024-06-21,Store_10,Kochi - Marine Drive Coastal Mall,Kochi,Kerala,Apparel,283193.29,0.0,0,Regular_Week,32.9,97.91,183.9,6.83,90000
2024-06-21,Store_10,Kochi - Marine Drive Coastal Mall,Kochi,Kerala,Home_Garden,260264.21,0.15,0,Regular_Week,33.4,97.91,183.9,6.83,90000
2024-06-21,Store_10,Kochi - Marine Drive Coastal Mall,Kochi,Kerala,Pharmacy,152642.78,0.1,0,Regular_Week,33.1,97.91,183.9,6.83,90000
2024-06-28,Store_01,Mumbai - Bandra Kurla Complex (BKC),Mumbai,Maharashtra,Grocery,495473.85,0.05,0,Regular_Week,29.4,97.81,184.1,7.46,165000
2024-06-28,Store_01,Mumbai - Bandra Kurla Complex (BKC),Mumbai,Maharashtra,Electronics,797827.58,0.15,0,Regular_Week,29.3,97.81,184.1,7.46,165000
2024-06-28,Store_01,Mumbai - Bandra Kurla Complex (BKC),Mumbai,Maharashtra,Apparel,467937.58,0.15,0,Regular_Week,30.8,97.81,184.1,7.46,165000
2024-06-28,Store_01,Mumbai - Bandra Kurla Complex (BKC),Mumbai,Maharashtra,Home_Garden,301559.44,0.05,0,Regular_Week,29.2,97.81,184.1,7.46,165000
2024-06-28,Store_01,Mumbai - Bandra Kurla Complex (BKC),Mumbai,Maharashtra,Pharmacy,234997.59,0.15,0,Regular_Week,28.5,97.81,184.1,7.46,165000
2024-06-28,Store_02,Bengaluru - Indiranagar Tech Hub,Bengaluru,Karnataka,Grocery,450405.05,0.0,0,Regular_Week,26.3,97.81,184.1,7.46,140000
2024-06-28,Store_02,Bengaluru - Indiranagar Tech Hub,Bengaluru,Karnataka,Electronics,807657.69,0.15,0,Regular_Week,25.9,97.81,184.1,7.46,140000
2024-06-28,Store_02,Bengaluru - Indiranagar Tech Hub,Bengaluru,Karnataka,Apparel,352222.34,0.0,0,Regular_Week,28.3,97.81,184.1,7.46,140000
2024-06-28,Store_02,Bengaluru - Indiranagar Tech Hub,Bengaluru,Karnataka,Home_Garden,246865.73,0.0,0,Regular_Week,26.9,97.81,184.1,7.46,140000
2024-06-28,Store_02,Bengaluru - Indiranagar Tech Hub,Bengaluru,Karnataka,Pharmacy,228914.14,0.15,0,Regular_Week,26.0,97.81,184.1,7.46,140000
2024-06-28,Store_03,New Delhi - Connaught Place Flagship,New Delhi,Delhi NCR,Grocery,469360.93,0.05,0,Regular_Week,43.3,97.81,184.1,7.46,150000
2024-06-28,Store_03,New Delhi - Connaught Place Flagship,New Delhi,Delhi NCR,Electronics,751606.67,0.05,0,Regular_Week,40.8,97.81,184.1,7.46,150000
2024-06-28,Store_03,New Delhi - Connaught Place Flagship,New Delhi,Delhi NCR,Apparel,423950.38,0.1,0,Regular_Week,43.3,97.81,184.1,7.46,150000
2024-06-28,Store_03,New Delhi - Connaught Place Flagship,New Delhi,Delhi NCR,Home_Garden,272418.67,0.0,0,Regular_Week,40.8,97.81,184.1,7.46,150000
2024-06-28,Store_03,New Delhi - Connaught Place Flagship,New Delhi,Delhi NCR,Pharmacy,219449.93,0.0,0,Regular_Week,42.8,97.81,184.1,7.46,150000
2024-06-28,Store_04,Chennai - T. Nagar Shopping Plaza,Chennai,Tamil Nadu,Grocery,383640.31,0.0,0,Regular_Week,30.5,97.81,184.1,7.46,125000
2024-06-28,Store_04,Chennai - T. Nagar Shopping Plaza,Chennai,Tamil Nadu,Electronics,591979.28,0.0,0,Regular_Week,28.6,97.81,184.1,7.46,125000
2024-06-28,Store_04,Chennai - T. Nagar Shopping Plaza,Chennai,Tamil Nadu,Apparel,324751.66,0.0,0,Regular_Week,29.0,97.81,184.1,7.46,125000
2024-06-28,Store_04,Chennai - T. Nagar Shopping Plaza,Chennai,Tamil Nadu,Home_Garden,244890.3,0.05,0,Regular_Week,28.8,97.81,184.1,7.46,125000
2024-06-28,Store_04,Chennai - T. Nagar Shopping Plaza,Chennai,Tamil Nadu,Pharmacy,167643.75,0.0,0,Regular_Week,29.4,97.81,184.1,7.46,125000
2024-06-28,Store_05,Hyderabad - Hitec City Cyber Towers,Hyderabad,Telangana,Grocery,369101.53,0.0,0,Regular_Week,30.3,97.81,184.1,7.46,130000
2024-06-28,Store_05,Hyderabad - Hitec City Cyber Towers,Hyderabad,Telangana,Electronics,576841.94,0.0,0,Regular_Week,29.9,97.81,184.1,7.46,130000
2024-06-28,Store_05,Hyderabad - Hitec City Cyber Towers,Hyderabad,Telangana,Apparel,311032.78,0.0,0,Regular_Week,30.8,97.81,184.1,7.46,130000
2024-06-28,Store_05,Hyderabad - Hitec City Cyber Towers,Hyderabad,Telangana,Home_Garden,226920.74,0.0,0,Regular_Week,29.3,97.81,184.1,7.46,130000
2024-06-28,Store_05,Hyderabad - Hitec City Cyber Towers,Hyderabad,Telangana,Pharmacy,200779.44,0.15,0,Regular_Week,29.6,97.81,184.1,7.46,130000
2024-06-28,Store_06,Kolkata - Park Street Cultural Mall,Kolkata,West Bengal,Grocery,354839.87,0.05,0,Regular_Week,23.0,97.81,184.1,7.46,110000
2024-06-28,Store_06,Kolkata - Park Street Cultural Mall,Kolkata,West Bengal,Electronics,540594.98,0.0,0,Regular_Week,24.1,97.81,184.1,7.46,110000
2024-06-28,Store_06,Kolkata - Park Street Cultural Mall,Kolkata,West Bengal,Apparel,321770.15,0.05,0,Regular_Week,25.6,97.81,184.1,7.46,110000
2024-06-28,Store_06,Kolkata - Park Street Cultural Mall,Kolkata,West Bengal,Home_Garden,220124.8,0.0,0,Regular_Week,23.7,97.81,184.1,7.46,110000
2024-06-28,Store_06,Kolkata - Park Street Cultural Mall,Kolkata,West Bengal,Pharmacy,154470.14,0.0,0,Regular_Week,23.0,97.81,184.1,7.46,110000
2024-06-28,Store_07,Pune - Kothrud Commercial Hub,Pune,Maharashtra,Grocery,358833.1,0.0,0,Regular_Week,21.3,97.81,184.1,7.46,95000
2024-06-28,Store_07,Pune - Kothrud Commercial Hub,Pune,Maharashtra,Electronics,575826.48,0.0,0,Regular_Week,23.3,97.81,184.1,7.46,95000
2024-06-28,Store_07,Pune - Kothrud Commercial Hub,Pune,Maharashtra,Apparel,304936.77,0.05,0,Regular_Week,23.4,97.81,184.1,7.46,95000
2024-06-28,Store_07,Pune - Kothrud Commercial Hub,Pune,Maharashtra,Home_Garden,211292.31,0.0,0,Regular_Week,24.1,97.81,184.1,7.46,95000
2024-06-28,Store_07,Pune - Kothrud Commercial Hub,Pune,Maharashtra,Pharmacy,160306.29,0.0,0,Regular_Week,23.9,97.81,184.1,7.46,95000
2024-06-28,Store_08,Ahmedabad - SG Highway Hypermarket,Ahmedabad,Gujarat,Grocery,387268.45,0.0,0,Regular_Week,25.6,97.81,184.1,7.46,120000
2024-06-28,Store_08,Ahmedabad - SG Highway Hypermarket,Ahmedabad,Gujarat,Electronics,737564.14,0.15,0,Regular_Week,23.4,97.81,184.1,7.46,120000
2024-06-28,Store_08,Ahmedabad - SG Highway Hypermarket,Ahmedabad,Gujarat,Apparel,379510.56,0.1,0,Regular_Week,24.6,97.81,184.1,7.46,120000
2024-06-28,Store_08,Ahmedabad - SG Highway Hypermarket,Ahmedabad,Gujarat,Home_Garden,236102.54,0.0,0,Regular_Week,24.5,97.81,184.1,7.46,120000
2024-06-28,Store_08,Ahmedabad - SG Highway Hypermarket,Ahmedabad,Gujarat,Pharmacy,223025.28,0.15,0,Regular_Week,24.5,97.81,184.1,7.46,120000
2024-06-28,Store_09,Jaipur - MI Road Heritage Store,Jaipur,Rajasthan,Grocery,346507.91,0.0,0,Regular_Week,42.3,97.81,184.1,7.46,85000
2024-06-28,Store_09,Jaipur - MI Road Heritage Store,Jaipur,Rajasthan,Electronics,501431.27,0.0,0,Regular_Week,41.1,97.81,184.1,7.46,85000
2024-06-28,Store_09,Jaipur - MI Road Heritage Store,Jaipur,Rajasthan,Apparel,301151.22,0.05,0,Regular_Week,41.7,97.81,184.1,7.46,85000
2024-06-28,Store_09,Jaipur - MI Road Heritage Store,Jaipur,Rajasthan,Home_Garden,204079.67,0.0,0,Regular_Week,41.9,97.81,184.1,7.46,85000
2024-06-28,Store_09,Jaipur - MI Road Heritage Store,Jaipur,Rajasthan,Pharmacy,150016.24,0.0,0,Regular_Week,41.2,97.81,184.1,7.46,85000
2024-06-28,Store_10,Kochi - Marine Drive Coastal Mall,Kochi,Kerala,Grocery,367903.18,0.15,0,Regular_Week,28.8,97.81,184.1,7.46,90000
2024-06-28,Store_10,Kochi - Marine Drive Coastal Mall,Kochi,Kerala,Electronics,537969.75,0.05,0,Regular_Week,31.0,97.81,184.1,7.46,90000
2024-06-28,Store_10,Kochi - Marine Drive Coastal Mall,Kochi,Kerala,Apparel,275659.75,0.0,0,Regular_Week,30.6,97.81,184.1,7.46,90000
2024-06-28,Store_10,Kochi - Marine Drive Coastal Mall,Kochi,Kerala,Home_Garden,204157.06,0.0,0,Regular_Week,29.0,97.81,184.1,7.46,90000
2024-06-28,Store_10,Kochi - Marine Drive Coastal Mall,Kochi,Kerala,Pharmacy,138487.08,0.0,0,Regular_Week,30.1,97.81,184.1,7.46,90000
2024-07-05,Store_01,Mumbai - Bandra Kurla Complex (BKC),Mumbai,Maharashtra,Grocery,562659.3,0.15,0,Regular_Week,30.0,97.18,184.1,7.12,165000
2024-07-05,Store_01,Mumbai - Bandra Kurla Complex (BKC),Mumbai,Maharashtra,Electronics,825533.26,0.15,0,Regular_Week,28.3,97.18,184.1,7.12,165000
2024-07-05,Store_01,Mumbai - Bandra Kurla Complex (BKC),Mumbai,Maharashtra,Apparel,446039.55,0.1,0,Regular_Week,29.8,97.18,184.1,7.12,165000
2024-07-05,Store_01,Mumbai - Bandra Kurla Complex (BKC),Mumbai,Maharashtra,Home_Garden,255990.9,0.0,0,Regular_Week,28.2,97.18,184.1,7.12,165000
2024-07-05,Store_01,Mumbai - Bandra Kurla Complex (BKC),Mumbai,Maharashtra,Pharmacy,204239.32,0.0,0,Regular_Week,28.0,97.18,184.1,7.12,165000
2024-07-05,Store_02,Bengaluru - Indiranagar Tech Hub,Bengaluru,Karnataka,Grocery,452792.19,0.0,0,Regular_Week,24.9,97.18,184.1,7.12,140000
2024-07-05,Store_02,Bengaluru - Indiranagar Tech Hub,Bengaluru,Karnataka,Electronics,758854.87,0.1,0,Regular_Week,25.5,97.18,184.1,7.12,140000
2024-07-05,Store_02,Bengaluru - Indiranagar Tech Hub,Bengaluru,Karnataka,Apparel,335781.17,0.0,0,Regular_Week,25.9,97.18,184.1,7.12,140000
2024-07-05,Store_02,Bengaluru - Indiranagar Tech Hub,Bengaluru,Karnataka,Home_Garden,229634.9,0.0,0,Regular_Week,25.2,97.18,184.1,7.12,140000
2024-07-05,Store_02,Bengaluru - Indiranagar Tech Hub,Bengaluru,Karnataka,Pharmacy,169438.79,0.0,0,Regular_Week,24.5,97.18,184.1,7.12,140000
2024-07-05,Store_03,New Delhi - Connaught Place Flagship,New Delhi,Delhi NCR,Grocery,453795.87,0.0,0,Regular_Week,28.9,97.18,184.1,7.12,150000
2024-07-05,Store_03,New Delhi - Connaught Place Flagship,New Delhi,Delhi NCR,Electronics,654561.33,0.0,0,Regular_Week,28.9,97.18,184.1,7.12,150000
2024-07-05,Store_03,New Delhi - Connaught Place Flagship,New Delhi,Delhi NCR,Apparel,365618.0,0.0,0,Regular_Week,31.4,97.18,184.1,7.12,150000
2024-07-05,Store_03,New Delhi - Connaught Place Flagship,New Delhi,Delhi NCR,Home_Garden,243775.33,0.0,0,Regular_Week,31.4,97.18,184.1,7.12,150000
2024-07-05,Store_03,New Delhi - Connaught Place Flagship,New Delhi,Delhi NCR,Pharmacy,196671.79,0.0,0,Regular_Week,29.7,97.18,184.1,7.12,150000
2024-07-05,Store_04,Chennai - T. Nagar Shopping Plaza,Chennai,Tamil Nadu,Grocery,442710.94,0.05,0,Regular_Week,32.9,97.18,184.1,7.12,125000
2024-07-05,Store_04,Chennai - T. Nagar Shopping Plaza,Chennai,Tamil Nadu,Electronics,610702.3,0.05,0,Regular_Week,32.4,97.18,184.1,7.12,125000
2024-07-05,Store_04,Chennai - T. Nagar Shopping Plaza,Chennai,Tamil Nadu,Apparel,413863.26,0.15,0,Regular_Week,30.3,97.18,184.1,7.12,125000
2024-07-05,Store_04,Chennai - T. Nagar Shopping Plaza,Chennai,Tamil Nadu,Home_Garden,229563.14,0.0,0,Regular_Week,30.4,97.18,184.1,7.12,125000
2024-07-05,Store_04,Chennai - T. Nagar Shopping Plaza,Chennai,Tamil Nadu,Pharmacy,155846.0,0.0,0,Regular_Week,30.8,97.18,184.1,7.12,125000
2024-07-05,Store_05,Hyderabad - Hitec City Cyber Towers,Hyderabad,Telangana,Grocery,400237.58,0.0,0,Regular_Week,25.8,97.18,184.1,7.12,130000
2024-07-05,Store_05,Hyderabad - Hitec City Cyber Towers,Hyderabad,Telangana,Electronics,572448.89,0.0,0,Regular_Week,28.1,97.18,184.1,7.12,130000
2024-07-05,Store_05,Hyderabad - Hitec City Cyber Towers,Hyderabad,Telangana,Apparel,307202.54,0.0,0,Regular_Week,27.9,97.18,184.1,7.12,130000
2024-07-05,Store_05,Hyderabad - Hitec City Cyber Towers,Hyderabad,Telangana,Home_Garden,219615.84,0.0,0,Regular_Week,27.5,97.18,184.1,7.12,130000
2024-07-05,Store_05,Hyderabad - Hitec City Cyber Towers,Hyderabad,Telangana,Pharmacy,177472.45,0.0,0,Regular_Week,28.1,97.18,184.1,7.12,130000
2024-07-05,Store_06,Kolkata - Park Street Cultural Mall,Kolkata,West Bengal,Grocery,356575.66,0.0,0,Regular_Week,29.6,97.18,184.1,7.12,110000
2024-07-05,Store_06,Kolkata - Park Street Cultural Mall,Kolkata,West Bengal,Electronics,600214.05,0.0,0,Regular_Week,30.3,97.18,184.1,7.12,110000
2024-07-05,Store_06,Kolkata - Park Street Cultural Mall,Kolkata,West Bengal,Apparel,398789.73,0.15,0,Regular_Week,30.7,97.18,184.1,7.12,110000
2024-07-05,Store_06,Kolkata - Park Street Cultural Mall,Kolkata,West Bengal,Home_Garden,247239.36,0.1,0,Regular_Week,30.0,97.18,184.1,7.12,110000
2024-07-05,Store_06,Kolkata - Park Street Cultural Mall,Kolkata,West Bengal,Pharmacy,169671.9,0.05,0,Regular_Week,29.4,97.18,184.1,7.12,110000
2024-07-05,Store_07,Pune - Kothrud Commercial Hub,Pune,Maharashtra,Grocery,299941.49,0.0,0,Regular_Week,23.1,97.18,184.1,7.12,95000
2024-07-05,Store_07,Pune - Kothrud Commercial Hub,Pune,Maharashtra,Electronics,515471.88,0.0,0,Regular_Week,23.0,97.18,184.1,7.12,95000
2024-07-05,Store_07,Pune - Kothrud Commercial Hub,Pune,Maharashtra,Apparel,287721.21,0.0,0,Regular_Week,23.6,97.18,184.1,7.12,95000
2024-07-05,Store_07,Pune - Kothrud Commercial Hub,Pune,Maharashtra,Home_Garden,238638.89,0.1,0,Regular_Week,24.4,97.18,184.1,7.12,95000
2024-07-05,Store_07,Pune - Kothrud Commercial Hub,Pune,Maharashtra,Pharmacy,167863.85,0.05,0,Regular_Week,25.1,97.18,184.1,7.12,95000
2024-07-05,Store_08,Ahmedabad - SG Highway Hypermarket,Ahmedabad,Gujarat,Grocery,392132.42,0.0,0,Regular_Week,25.1,97.18,184.1,7.12,120000
2024-07-05,Store_08,Ahmedabad - SG Highway Hypermarket,Ahmedabad,Gujarat,Electronics,607031.46,0.0,0,Regular_Week,24.6,97.18,184.1,7.12,120000
2024-07-05,Store_08,Ahmedabad - SG Highway Hypermarket,Ahmedabad,Gujarat,Apparel,346787.23,0.05,0,Regular_Week,25.3,97.18,184.1,7.12,120000
2024-07-05,Store_08,Ahmedabad - SG Highway Hypermarket,Ahmedabad,Gujarat,Home_Garden,228183.64,0.0,0,Regular_Week,27.5,97.18,184.1,7.12,120000
2024-07-05,Store_08,Ahmedabad - SG Highway Hypermarket,Ahmedabad,Gujarat,Pharmacy,166520.99,0.0,0,Regular_Week,27.1,97.18,184.1,7.12,120000
2024-07-05,Store_09,Jaipur - MI Road Heritage Store,Jaipur,Rajasthan,Grocery,381478.68,0.15,0,Regular_Week,30.5,97.18,184.1,7.12,85000
2024-07-05,Store_09,Jaipur - MI Road Heritage Store,Jaipur,Rajasthan,Electronics,515497.44,0.1,0,Regular_Week,29.8,97.18,184.1,7.12,85000
2024-07-05,Store_09,Jaipur - MI Road Heritage Store,Jaipur,Rajasthan,Apparel,331026.61,0.1,0,Regular_Week,29.0,97.18,184.1,7.12,85000
2024-07-05,Store_09,Jaipur - MI Road Heritage Store,Jaipur,Rajasthan,Home_Garden,205474.07,0.0,0,Regular_Week,29.4,97.18,184.1,7.12,85000
2024-07-05,Store_09,Jaipur - MI Road Heritage Store,Jaipur,Rajasthan,Pharmacy,146049.54,0.0,0,Regular_Week,31.0,97.18,184.1,7.12,85000
2024-07-05,Store_10,Kochi - Marine Drive Coastal Mall,Kochi,Kerala,Grocery,367147.2,0.05,0,Regular_Week,29.6,97.18,184.1,7.12,90000
2024-07-05,Store_10,Kochi - Marine Drive Coastal Mall,Kochi,Kerala,Electronics,520975.07,0.0,0,Regular_Week,28.3,97.18,184.1,7.12,90000
2024-07-05,Store_10,Kochi - Marine Drive Coastal Mall,Kochi,Kerala,Apparel,299250.74,0.05,0,Regular_Week,29.7,97.18,184.1,7.12,90000
2024-07-05,Store_10,Kochi - Marine Drive Coastal Mall,Kochi,Kerala,Home_Garden,218300.75,0.0,0,Regular_Week,29.1,97.18,184.1,7.12,90000
2024-07-05,Store_10,Kochi - Marine Drive Coastal Mall,Kochi,Kerala,Pharmacy,155927.12,0.0,0,Regular_Week,29.8,97.18,184.1,7.12,90000
2024-07-12,Store_01,Mumbai - Bandra Kurla Complex (BKC),Mumbai,Maharashtra,Grocery,480040.89,0.0,0,Regular_Week,27.5,98.31,184.7,6.81,165000
2024-07-12,Store_01,Mumbai - Bandra Kurla Complex (BKC),Mumbai,Maharashtra,Electronics,884239.94,0.15,0,Regular_Week,30.1,98.31,184.7,6.81,165000
2024-07-12,Store_01,Mumbai - Bandra Kurla Complex (BKC),Mumbai,Maharashtra,Apparel,436393.93,0.1,0,Regular_Week,28.5,98.31,184.7,6.81,165000
2024-07-12,Store_01,Mumbai - Bandra Kurla Complex (BKC),Mumbai,Maharashtra,Home_Garden,291643.74,0.05,0,Regular_Week,29.6,98.31,184.7,6.81,165000
2024-07-12,Store_01,Mumbai - Bandra Kurla Complex (BKC),Mumbai,Maharashtra,Pharmacy,197510.08,0.0,0,Regular_Week,27.5,98.31,184.7,6.81,165000
2024-07-12,Store_02,Bengaluru - Indiranagar Tech Hub,Bengaluru,Karnataka,Grocery,437039.85,0.0,0,Regular_Week,27.7,98.31,184.7,6.81,140000
2024-07-12,Store_02,Bengaluru - Indiranagar Tech Hub,Bengaluru,Karnataka,Electronics,650382.05,0.0,0,Regular_Week,28.3,98.31,184.7,6.81,140000
2024-07-12,Store_02,Bengaluru - Indiranagar Tech Hub,Bengaluru,Karnataka,Apparel,324705.51,0.0,0,Regular_Week,28.6,98.31,184.7,6.81,140000
2024-07-12,Store_02,Bengaluru - Indiranagar Tech Hub,Bengaluru,Karnataka,Home_Garden,255932.47,0.0,0,Regular_Week,28.7,98.31,184.7,6.81,140000
2024-07-12,Store_02,Bengaluru - Indiranagar Tech Hub,Bengaluru,Karnataka,Pharmacy,198996.31,0.0,0,Regular_Week,29.6,98.31,184.7,6.81,140000
2024-07-12,Store_03,New Delhi - Connaught Place Flagship,New Delhi,Delhi NCR,Grocery,463254.31,0.0,0,Regular_Week,30.9,98.31,184.7,6.81,150000
2024-07-12,Store_03,New Delhi - Connaught Place Flagship,New Delhi,Delhi NCR,Electronics,675510.22,0.0,0,Regular_Week,29.7,98.31,184.7,6.81,150000
2024-07-12,Store_03,New Delhi - Connaught Place Flagship,New Delhi,Delhi NCR,Apparel,374813.04,0.0,0,Regular_Week,29.0,98.31,184.7,6.81,150000
2024-07-12,Store_03,New Delhi - Connaught Place Flagship,New Delhi,Delhi NCR,Home_Garden,290242.98,0.05,0,Regular_Week,30.1,98.31,184.7,6.81,150000
2024-07-12,Store_03,New Delhi - Connaught Place Flagship,New Delhi,Delhi NCR,Pharmacy,208355.7,0.0,0,Regular_Week,31.2,98.31,184.7,6.81,150000
2024-07-12,Store_04,Chennai - T. Nagar Shopping Plaza,Chennai,Tamil Nadu,Grocery,405307.49,0.05,0,Regular_Week,33.9,98.31,184.7,6.81,125000
2024-07-12,Store_04,Chennai - T. Nagar Shopping Plaza,Chennai,Tamil Nadu,Electronics,588026.83,0.0,0,Regular_Week,32.4,98.31,184.7,6.81,125000
2024-07-12,Store_04,Chennai - T. Nagar Shopping Plaza,Chennai,Tamil Nadu,Apparel,317205.46,0.0,0,Regular_Week,33.4,98.31,184.7,6.81,125000
2024-07-12,Store_04,Chennai - T. Nagar Shopping Plaza,Chennai,Tamil Nadu,Home_Garden,300917.0,0.1,0,Regular_Week,33.0,98.31,184.7,6.81,125000
2024-07-12,Store_04,Chennai - T. Nagar Shopping Plaza,Chennai,Tamil Nadu,Pharmacy,156860.75,0.0,0,Regular_Week,33.4,98.31,184.7,6.81,125000
2024-07-12,Store_05,Hyderabad - Hitec City Cyber Towers,Hyderabad,Telangana,Grocery,435640.29,0.0,0,Regular_Week,28.6,98.31,184.7,6.81,130000
2024-07-12,Store_05,Hyderabad - Hitec City Cyber Towers,Hyderabad,Telangana,Electronics,610558.16,0.05,0,Regular_Week,27.7,98.31,184.7,6.81,130000
2024-07-12,Store_05,Hyderabad - Hitec City Cyber Towers,Hyderabad,Telangana,Apparel,316505.32,0.0,0,Regular_Week,27.1,98.31,184.7,6.81,130000
2024-07-12,Store_05,Hyderabad - Hitec City Cyber Towers,Hyderabad,Telangana,Home_Garden,253967.08,0.05,0,Regular_Week,28.2,98.31,184.7,6.81,130000
2024-07-12,Store_05,Hyderabad - Hitec City Cyber Towers,Hyderabad,Telangana,Pharmacy,166476.13,0.0,0,Regular_Week,26.5,98.31,184.7,6.81,130000
2024-07-12,Store_06,Kolkata - Park Street Cultural Mall,Kolkata,West Bengal,Grocery,417309.72,0.15,0,Regular_Week,23.6,98.31,184.7,6.81,110000
2024-07-12,Store_06,Kolkata - Park Street Cultural Mall,Kolkata,West Bengal,Electronics,672089.87,0.1,0,Regular_Week,23.4,98.31,184.7,6.81,110000
2024-07-12,Store_06,Kolkata - Park Street Cultural Mall,Kolkata,West Bengal,Apparel,366660.06,0.15,0,Regular_Week,22.3,98.31,184.7,6.81,110000
2024-07-12,Store_06,Kolkata - Park Street Cultural Mall,Kolkata,West Bengal,Home_Garden,214009.23,0.0,0,Regular_Week,21.3,98.31,184.7,6.81,110000
2024-07-12,Store_06,Kolkata - Park Street Cultural Mall,Kolkata,West Bengal,Pharmacy,153199.69,0.0,0,Regular_Week,23.0,98.31,184.7,6.81,110000
2024-07-12,Store_07,Pune - Kothrud Commercial Hub,Pune,Maharashtra,Grocery,322652.76,0.0,0,Regular_Week,23.5,98.31,184.7,6.81,95000
2024-07-12,Store_07,Pune - Kothrud Commercial Hub,Pune,Maharashtra,Electronics,545948.7,0.1,0,Regular_Week,21.9,98.31,184.7,6.81,95000
2024-07-12,Store_07,Pune - Kothrud Commercial Hub,Pune,Maharashtra,Apparel,291520.14,0.0,0,Regular_Week,23.6,98.31,184.7,6.81,95000
2024-07-12,Store_07,Pune - Kothrud Commercial Hub,Pune,Maharashtra,Home_Garden,208933.69,0.0,0,Regular_Week,21.9,98.31,184.7,6.81,95000
2024-07-12,Store_07,Pune - Kothrud Commercial Hub,Pune,Maharashtra,Pharmacy,164526.2,0.05,0,Regular_Week,22.3,98.31,184.7,6.81,95000
2024-07-12,Store_08,Ahmedabad - SG Highway Hypermarket,Ahmedabad,Gujarat,Grocery,370319.12,0.0,0,Regular_Week,23.2,98.31,184.7,6.81,120000
2024-07-12,Store_08,Ahmedabad - SG Highway Hypermarket,Ahmedabad,Gujarat,Electronics,600240.39,0.0,0,Regular_Week,24.4,98.31,184.7,6.81,120000
2024-07-12,Store_08,Ahmedabad - SG Highway Hypermarket,Ahmedabad,Gujarat,Apparel,391996.86,0.15,0,Regular_Week,25.7,98.31,184.7,6.81,120000
2024-07-12,Store_08,Ahmedabad - SG Highway Hypermarket,Ahmedabad,Gujarat,Home_Garden,234775.37,0.0,0,Regular_Week,22.9,98.31,184.7,6.81,120000
2024-07-12,Store_08,Ahmedabad - SG Highway Hypermarket,Ahmedabad,Gujarat,Pharmacy,180618.2,0.0,0,Regular_Week,24.7,98.31,184.7,6.81,120000
2024-07-12,Store_09,Jaipur - MI Road Heritage Store,Jaipur,Rajasthan,Grocery,285885.88,0.0,0,Regular_Week,30.0,98.31,184.7,6.81,85000
2024-07-12,Store_09,Jaipur - MI Road Heritage Store,Jaipur,Rajasthan,Electronics,478630.08,0.0,0,Regular_Week,29.0,98.31,184.7,6.81,85000
2024-07-12,Store_09,Jaipur - MI Road Heritage Store,Jaipur,Rajasthan,Apparel,269614.67,0.0,0,Regular_Week,28.6,98.31,184.7,6.81,85000
2024-07-12,Store_09,Jaipur - MI Road Heritage Store,Jaipur,Rajasthan,Home_Garden,232881.77,0.15,0,Regular_Week,30.7,98.31,184.7,6.81,85000
2024-07-12,Store_09,Jaipur - MI Road Heritage Store,Jaipur,Rajasthan,Pharmacy,146360.45,0.0,0,Regular_Week,30.9,98.31,184.7,6.81,85000
2024-07-12,Store_10,Kochi - Marine Drive Coastal Mall,Kochi,Kerala,Grocery,358452.72,0.05,0,Regular_Week,30.1,98.31,184.7,6.81,90000
2024-07-12,Store_10,Kochi - Marine Drive Coastal Mall,Kochi,Kerala,Electronics,561262.75,0.0,0,Regular_Week,32.5,98.31,184.7,6.81,90000
2024-07-12,Store_10,Kochi - Marine Drive Coastal Mall,Kochi,Kerala,Apparel,315143.03,0.05,0,Regular_Week,31.1,98.31,184.7,6.81,90000
2024-07-12,Store_10,Kochi - Marine Drive Coastal Mall,Kochi,Kerala,Home_Garden,201329.05,0.0,0,Regular_Week,30.2,98.31,184.7,6.81,90000
2024-07-12,Store_10,Kochi - Marine Drive Coastal Mall,Kochi,Kerala,Pharmacy,159710.55,0.0,0,Regular_Week,31.8,98.31,184.7,6.81,90000
2024-07-19,Store_01,Mumbai - Bandra Kurla Complex (BKC),Mumbai,Maharashtra,Grocery,449006.67,0.0,0,Regular_Week,29.9,102.7,184.6,7.54,165000
2024-07-19,Store_01,Mumbai - Bandra Kurla Complex (BKC),Mumbai,Maharashtra,Electronics,862706.65,0.15,0,Regular_Week,29.1,102.7,184.6,7.54,165000
2024-07-19,Store_01,Mumbai - Bandra Kurla Complex (BKC),Mumbai,Maharashtra,Apparel,407726.51,0.0,0,Regular_Week,28.9,102.7,184.6,7.54,165000
2024-07-19,Store_01,Mumbai - Bandra Kurla Complex (BKC),Mumbai,Maharashtra,Home_Garden,281396.04,0.0,0,Regular_Week,29.2,102.7,184.6,7.54,165000
2024-07-19,Store_01,Mumbai - Bandra Kurla Complex (BKC),Mumbai,Maharashtra,Pharmacy,222997.0,0.1,0,Regular_Week,28.0,102.7,184.6,7.54,165000
2024-07-19,Store_02,Bengaluru - Indiranagar Tech Hub,Bengaluru,Karnataka,Grocery,415986.02,0.0,0,Regular_Week,24.1,102.7,184.6,7.54,140000
2024-07-19,Store_02,Bengaluru - Indiranagar Tech Hub,Bengaluru,Karnataka,Electronics,604169.43,0.0,0,Regular_Week,23.9,102.7,184.6,7.54,140000
2024-07-19,Store_02,Bengaluru - Indiranagar Tech Hub,Bengaluru,Karnataka,Apparel,386702.13,0.1,0,Regular_Week,23.8,102.7,184.6,7.54,140000
2024-07-19,Store_02,Bengaluru - Indiranagar Tech Hub,Bengaluru,Karnataka,Home_Garden,270448.59,0.0,0,Regular_Week,25.9,102.7,184.6,7.54,140000
2024-07-19,Store_02,Bengaluru - Indiranagar Tech Hub,Bengaluru,Karnataka,Pharmacy,195590.13,0.0,0,Regular_Week,26.0,102.7,184.6,7.54,140000
2024-07-19,Store_03,New Delhi - Connaught Place Flagship,New Delhi,Delhi NCR,Grocery,439188.58,0.0,0,Regular_Week,31.0,102.7,184.6,7.54,150000
2024-07-19,Store_03,New Delhi - Connaught Place Flagship,New Delhi,Delhi NCR,Electronics,767150.07,0.05,0,Regular_Week,29.0,102.7,184.6,7.54,150000
2024-07-19,Store_03,New Delhi - Connaught Place Flagship,New Delhi,Delhi NCR,Apparel,348988.21,0.0,0,Regular_Week,29.5,102.7,184.6,7.54,150000
2024-07-19,Store_03,New Delhi - Connaught Place Flagship,New Delhi,Delhi NCR,Home_Garden,318299.72,0.15,0,Regular_Week,29.2,102.7,184.6,7.54,150000
2024-07-19,Store_03,New Delhi - Connaught Place Flagship,New Delhi,Delhi NCR,Pharmacy,199752.72,0.0,0,Regular_Week,29.1,102.7,184.6,7.54,150000
2024-07-19,Store_04,Chennai - T. Nagar Shopping Plaza,Chennai,Tamil Nadu,Grocery,395169.58,0.1,0,Regular_Week,33.2,102.7,184.6,7.54,125000
2024-07-19,Store_04,Chennai - T. Nagar Shopping Plaza,Chennai,Tamil Nadu,Electronics,600479.97,0.0,0,Regular_Week,32.1,102.7,184.6,7.54,125000
2024-07-19,Store_04,Chennai - T. Nagar Shopping Plaza,Chennai,Tamil Nadu,Apparel,301473.53,0.0,0,Regular_Week,30.5,102.7,184.6,7.54,125000
2024-07-19,Store_04,Chennai - T. Nagar Shopping Plaza,Chennai,Tamil Nadu,Home_Garden,225292.17,0.05,0,Regular_Week,33.0,102.7,184.6,7.54,125000
2024-07-19,Store_04,Chennai - T. Nagar Shopping Plaza,Chennai,Tamil Nadu,Pharmacy,170032.81,0.0,0,Regular_Week,33.0,102.7,184.6,7.54,125000
2024-07-19,Store_05,Hyderabad - Hitec City Cyber Towers,Hyderabad,Telangana,Grocery,409006.61,0.0,0,Regular_Week,25.8,102.7,184.6,7.54,130000
2024-07-19,Store_05,Hyderabad - Hitec City Cyber Towers,Hyderabad,Telangana,Electronics,725370.69,0.15,0,Regular_Week,24.9,102.7,184.6,7.54,130000
2024-07-19,Store_05,Hyderabad - Hitec City Cyber Towers,Hyderabad,Telangana,Apparel,317763.24,0.0,0,Regular_Week,25.7,102.7,184.6,7.54,130000
2024-07-19,Store_05,Hyderabad - Hitec City Cyber Towers,Hyderabad,Telangana,Home_Garden,289059.31,0.1,0,Regular_Week,23.7,102.7,184.6,7.54,130000
2024-07-19,Store_05,Hyderabad - Hitec City Cyber Towers,Hyderabad,Telangana,Pharmacy,177490.7,0.0,0,Regular_Week,24.9,102.7,184.6,7.54,130000
2024-07-19,Store_06,Kolkata - Park Street Cultural Mall,Kolkata,West Bengal,Grocery,381606.0,0.0,0,Regular_Week,27.9,102.7,184.6,7.54,110000
2024-07-19,Store_06,Kolkata - Park Street Cultural Mall,Kolkata,West Bengal,Electronics,546353.49,0.0,0,Regular_Week,28.9,102.7,184.6,7.54,110000
2024-07-19,Store_06,Kolkata - Park Street Cultural Mall,Kolkata,West Bengal,Apparel,286716.27,0.0,0,Regular_Week,27.9,102.7,184.6,7.54,110000
2024-07-19,Store_06,Kolkata - Park Street Cultural Mall,Kolkata,West Bengal,Home_Garden,211963.47,0.0,0,Regular_Week,28.3,102.7,184.6,7.54,110000
2024-07-19,Store_06,Kolkata - Park Street Cultural Mall,Kolkata,West Bengal,Pharmacy,155747.97,0.0,0,Regular_Week,28.6,102.7,184.6,7.54,110000
2024-07-19,Store_07,Pune - Kothrud Commercial Hub,Pune,Maharashtra,Grocery,362024.0,0.05,0,Regular_Week,27.7,102.7,184.6,7.54,95000
2024-07-19,Store_07,Pune - Kothrud Commercial Hub,Pune,Maharashtra,Electronics,509007.48,0.0,0,Regular_Week,27.0,102.7,184.6,7.54,95000
2024-07-19,Store_07,Pune - Kothrud Commercial Hub,Pune,Maharashtra,Apparel,322775.26,0.1,0,Regular_Week,28.2,102.7,184.6,7.54,95000
2024-07-19,Store_07,Pune - Kothrud Commercial Hub,Pune,Maharashtra,Home_Garden,225268.92,0.0,0,Regular_Week,25.3,102.7,184.6,7.54,95000
2024-07-19,Store_07,Pune - Kothrud Commercial Hub,Pune,Maharashtra,Pharmacy,156105.09,0.1,0,Regular_Week,26.5,102.7,184.6,7.54,95000
2024-07-19,Store_08,Ahmedabad - SG Highway Hypermarket,Ahmedabad,Gujarat,Grocery,431235.54,0.1,0,Regular_Week,30.9,102.7,184.6,7.54,120000
2024-07-19,Store_08,Ahmedabad - SG Highway Hypermarket,Ahmedabad,Gujarat,Electronics,668870.77,0.05,0,Regular_Week,32.6,102.7,184.6,7.54,120000
2024-07-19,Store_08,Ahmedabad - SG Highway Hypermarket,Ahmedabad,Gujarat,Apparel,306606.98,0.0,0,Regular_Week,32.7,102.7,184.6,7.54,120000
2024-07-19,Store_08,Ahmedabad - SG Highway Hypermarket,Ahmedabad,Gujarat,Home_Garden,203309.68,0.0,0,Regular_Week,31.2,102.7,184.6,7.54,120000
2024-07-19,Store_08,Ahmedabad - SG Highway Hypermarket,Ahmedabad,Gujarat,Pharmacy,191814.2,0.15,0,Regular_Week,32.1,102.7,184.6,7.54,120000
2024-07-19,Store_09,Jaipur - MI Road Heritage Store,Jaipur,Rajasthan,Grocery,344338.56,0.0,0,Regular_Week,31.1,102.7,184.6,7.54,85000
2024-07-19,Store_09,Jaipur - MI Road Heritage Store,Jaipur,Rajasthan,Electronics,578134.4,0.1,0,Regular_Week,29.5,102.7,184.6,7.54,85000
2024-07-19,Store_09,Jaipur - MI Road Heritage Store,Jaipur,Rajasthan,Apparel,268466.33,0.0,0,Regular_Week,30.7,102.7,184.6,7.54,85000
2024-07-19,Store_09,Jaipur - MI Road Heritage Store,Jaipur,Rajasthan,Home_Garden,238902.12,0.1,0,Regular_Week,28.6,102.7,184.6,7.54,85000
2024-07-19,Store_09,Jaipur - MI Road Heritage Store,Jaipur,Rajasthan,Pharmacy,143315.87,0.0,0,Regular_Week,29.3,102.7,184.6,7.54,85000
2024-07-19,Store_10,Kochi - Marine Drive Coastal Mall,Kochi,Kerala,Grocery,344229.94,0.0,0,Regular_Week,31.2,102.7,184.6,7.54,90000
2024-07-19,Store_10,Kochi - Marine Drive Coastal Mall,Kochi,Kerala,Electronics,556061.93,0.0,0,Regular_Week,32.4,102.7,184.6,7.54,90000
2024-07-19,Store_10,Kochi - Marine Drive Coastal Mall,Kochi,Kerala,Apparel,295213.01,0.0,0,Regular_Week,30.2,102.7,184.6,7.54,90000
2024-07-19,Store_10,Kochi - Marine Drive Coastal Mall,Kochi,Kerala,Home_Garden,201736.51,0.0,0,Regular_Week,31.0,102.7,184.6,7.54,90000
2024-07-19,Store_10,Kochi - Marine Drive Coastal Mall,Kochi,Kerala,Pharmacy,151778.78,0.0,0,Regular_Week,30.7,102.7,184.6,7.54,90000
2024-07-26,Store_01,Mumbai - Bandra Kurla Complex (BKC),Mumbai,Maharashtra,Grocery,524550.81,0.15,0,Regular_Week,32.2,101.18,184.8,7.53,165000
2024-07-26,Store_01,Mumbai - Bandra Kurla Complex (BKC),Mumbai,Maharashtra,Electronics,703006.88,0.0,0,Regular_Week,31.6,101.18,184.8,7.53,165000
2024-07-26,Store_01,Mumbai - Bandra Kurla Complex (BKC),Mumbai,Maharashtra,Apparel,364225.07,0.0,0,Regular_Week,31.6,101.18,184.8,7.53,165000
2024-07-26,Store_01,Mumbai - Bandra Kurla Complex (BKC),Mumbai,Maharashtra,Home_Garden,267170.87,0.0,0,Regular_Week,30.1,101.18,184.8,7.53,165000
2024-07-26,Store_01,Mumbai - Bandra Kurla Complex (BKC),Mumbai,Maharashtra,Pharmacy,201057.54,0.0,0,Regular_Week,32.9,101.18,184.8,7.53,165000
2024-07-26,Store_02,Bengaluru - Indiranagar Tech Hub,Bengaluru,Karnataka,Grocery,410368.3,0.0,0,Regular_Week,25.0,101.18,184.8,7.53,140000
2024-07-26,Store_02,Bengaluru - Indiranagar Tech Hub,Bengaluru,Karnataka,Electronics,648901.77,0.0,0,Regular_Week,24.1,101.18,184.8,7.53,140000
2024-07-26,Store_02,Bengaluru - Indiranagar Tech Hub,Bengaluru,Karnataka,Apparel,365867.58,0.0,0,Regular_Week,25.1,101.18,184.8,7.53,140000
2024-07-26,Store_02,Bengaluru - Indiranagar Tech Hub,Bengaluru,Karnataka,Home_Garden,255483.69,0.0,0,Regular_Week,26.4,101.18,184.8,7.53,140000
2024-07-26,Store_02,Bengaluru - Indiranagar Tech Hub,Bengaluru,Karnataka,Pharmacy,166415.37,0.0,0,Regular_Week,24.4,101.18,184.8,7.53,140000
2024-07-26,Store_03,New Delhi - Connaught Place Flagship,New Delhi,Delhi NCR,Grocery,471231.79,0.05,0,Regular_Week,29.0,101.18,184.8,7.53,150000
2024-07-26,Store_03,New Delhi - Connaught Place Flagship,New Delhi,Delhi NCR,Electronics,650412.28,0.0,0,Regular_Week,29.4,101.18,184.8,7.53,150000
2024-07-26,Store_03,New Delhi - Connaught Place Flagship,New Delhi,Delhi NCR,Apparel,379349.44,0.0,0,Regular_Week,30.8,101.18,184.8,7.53,150000
2024-07-26,Store_03,New Delhi - Connaught Place Flagship,New Delhi,Delhi NCR,Home_Garden,242686.49,0.0,0,Regular_Week,28.7,101.18,184.8,7.53,150000
2024-07-26,Store_03,New Delhi - Connaught Place Flagship,New Delhi,Delhi NCR,Pharmacy,185308.07,0.0,0,Regular_Week,31.0,101.18,184.8,7.53,150000
2024-07-26,Store_04,Chennai - T. Nagar Shopping Plaza,Chennai,Tamil Nadu,Grocery,402376.33,0.0,0,Regular_Week,30.8,101.18,184.8,7.53,125000
2024-07-26,Store_04,Chennai - T. Nagar Shopping Plaza,Chennai,Tamil Nadu,Electronics,648483.03,0.05,0,Regular_Week,32.7,101.18,184.8,7.53,125000
2024-07-26,Store_04,Chennai - T. Nagar Shopping Plaza,Chennai,Tamil Nadu,Apparel,357303.29,0.05,0,Regular_Week,31.6,101.18,184.8,7.53,125000
2024-07-26,Store_04,Chennai - T. Nagar Shopping Plaza,Chennai,Tamil Nadu,Home_Garden,229332.58,0.0,0,Regular_Week,30.9,101.18,184.8,7.53,125000
2024-07-26,Store_04,Chennai - T. Nagar Shopping Plaza,Chennai,Tamil Nadu,Pharmacy,188067.68,0.1,0,Regular_Week,32.1,101.18,184.8,7.53,125000
2024-07-26,Store_05,Hyderabad - Hitec City Cyber Towers,Hyderabad,Telangana,Grocery,399027.98,0.0,0,Regular_Week,31.5,101.18,184.8,7.53,130000
2024-07-26,Store_05,Hyderabad - Hitec City Cyber Towers,Hyderabad,Telangana,Electronics,590410.65,0.0,0,Regular_Week,32.5,101.18,184.8,7.53,130000
2024-07-26,Store_05,Hyderabad - Hitec City Cyber Towers,Hyderabad,Telangana,Apparel,343758.15,0.05,0,Regular_Week,30.8,101.18,184.8,7.53,130000
2024-07-26,Store_05,Hyderabad - Hitec City Cyber Towers,Hyderabad,Telangana,Home_Garden,236819.56,0.0,0,Regular_Week,30.5,101.18,184.8,7.53,130000
2024-07-26,Store_05,Hyderabad - Hitec City Cyber Towers,Hyderabad,Telangana,Pharmacy,182458.27,0.05,0,Regular_Week,31.4,101.18,184.8,7.53,130000
2024-07-26,Store_06,Kolkata - Park Street Cultural Mall,Kolkata,West Bengal,Grocery,354817.95,0.0,0,Regular_Week,29.8,101.18,184.8,7.53,110000
2024-07-26,Store_06,Kolkata - Park Street Cultural Mall,Kolkata,West Bengal,Electronics,556282.9,0.0,0,Regular_Week,30.2,101.18,184.8,7.53,110000
2024-07-26,Store_06,Kolkata - Park Street Cultural Mall,Kolkata,West Bengal,Apparel,285452.56,0.0,0,Regular_Week,28.6,101.18,184.8,7.53,110000
2024-07-26,Store_06,Kolkata - Park Street Cultural Mall,Kolkata,West Bengal,Home_Garden,218089.49,0.0,0,Regular_Week,29.2,101.18,184.8,7.53,110000
2024-07-26,Store_06,Kolkata - Park Street Cultural Mall,Kolkata,West Bengal,Pharmacy,170499.26,0.0,0,Regular_Week,29.8,101.18,184.8,7.53,110000
2024-07-26,Store_07,Pune - Kothrud Commercial Hub,Pune,Maharashtra,Grocery,346313.74,0.0,0,Regular_Week,25.0,101.18,184.8,7.53,95000
2024-07-26,Store_07,Pune - Kothrud Commercial Hub,Pune,Maharashtra,Electronics,527249.71,0.0,0,Regular_Week,24.9,101.18,184.8,7.53,95000
2024-07-26,Store_07,Pune - Kothrud Commercial Hub,Pune,Maharashtra,Apparel,281856.82,0.0,0,Regular_Week,25.4,101.18,184.8,7.53,95000
2024-07-26,Store_07,Pune - Kothrud Commercial Hub,Pune,Maharashtra,Home_Garden,193411.04,0.0,0,Regular_Week,25.9,101.18,184.8,7.53,95000
2024-07-26,Store_07,Pune - Kothrud Commercial Hub,Pune,Maharashtra,Pharmacy,190554.34,0.15,0,Regular_Week,26.2,101.18,184.8,7.53,95000
2024-07-26,Store_08,Ahmedabad - SG Highway Hypermarket,Ahmedabad,Gujarat,Grocery,391141.29,0.0,0,Regular_Week,27.0,101.18,184.8,7.53,120000
2024-07-26,Store_08,Ahmedabad - SG Highway Hypermarket,Ahmedabad,Gujarat,Electronics,648049.94,0.05,0,Regular_Week,27.9,101.18,184.8,7.53,120000
2024-07-26,Store_08,Ahmedabad - SG Highway Hypermarket,Ahmedabad,Gujarat,Apparel,325203.51,0.0,0,Regular_Week,26.8,101.18,184.8,7.53,120000
2024-07-26,Store_08,Ahmedabad - SG Highway Hypermarket,Ahmedabad,Gujarat,Home_Garden,228159.88,0.0,0,Regular_Week,28.4,101.18,184.8,7.53,120000
2024-07-26,Store_08,Ahmedabad - SG Highway Hypermarket,Ahmedabad,Gujarat,Pharmacy,196996.78,0.1,0,Regular_Week,26.0,101.18,184.8,7.53,120000
2024-07-26,Store_09,Jaipur - MI Road Heritage Store,Jaipur,Rajasthan,Grocery,344039.54,0.0,0,Regular_Week,28.6,101.18,184.8,7.53,85000
2024-07-26,Store_09,Jaipur - MI Road Heritage Store,Jaipur,Rajasthan,Electronics,499027.73,0.0,0,Regular_Week,30.1,101.18,184.8,7.53,85000
2024-07-26,Store_09,Jaipur - MI Road Heritage Store,Jaipur,Rajasthan,Apparel,278532.08,0.0,0,Regular_Week,29.3,101.18,184.8,7.53,85000
2024-07-26,Store_09,Jaipur - MI Road Heritage Store,Jaipur,Rajasthan,Home_Garden,204314.01,0.0,0,Regular_Week,30.9,101.18,184.8,7.53,85000
2024-07-26,Store_09,Jaipur - MI Road Heritage Store,Jaipur,Rajasthan,Pharmacy,138701.42,0.0,0,Regular_Week,31.0,101.18,184.8,7.53,85000
2024-07-26,Store_10,Kochi - Marine Drive Coastal Mall,Kochi,Kerala,Grocery,344336.27,0.0,0,Regular_Week,30.6,101.18,184.8,7.53,90000
2024-07-26,Store_10,Kochi - Marine Drive Coastal Mall,Kochi,Kerala,Electronics,536980.74,0.0,0,Regular_Week,33.1,101.18,184.8,7.53,90000
2024-07-26,Store_10,Kochi - Marine Drive Coastal Mall,Kochi,Kerala,Apparel,334068.0,0.15,0,Regular_Week,31.7,101.18,184.8,7.53,90000
2024-07-26,Store_10,Kochi - Marine Drive Coastal Mall,Kochi,Kerala,Home_Garden,203733.08,0.05,0,Regular_Week,31.8,101.18,184.8,7.53,90000
2024-07-26,Store_10,Kochi - Marine Drive Coastal Mall,Kochi,Kerala,Pharmacy,167517.32,0.15,0,Regular_Week,31.3,101.18,184.8,7.53,90000
2024-08-02,Store_01,Mumbai - Bandra Kurla Complex (BKC),Mumbai,Maharashtra,Grocery,471327.65,0.0,0,Regular_Week,31.5,100.23,185.0,7.28,165000
2024-08-02,Store_01,Mumbai - Bandra Kurla Complex (BKC),Mumbai,Maharashtra,Electronics,794058.41,0.1,0,Regular_Week,32.2,100.23,185.0,7.28,165000
2024-08-02,Store_01,Mumbai - Bandra Kurla Complex (BKC),Mumbai,Maharashtra,Apparel,374347.41,0.0,0,Regular_Week,32.5,100.23,185.0,7.28,165000
2024-08-02,Store_01,Mumbai - Bandra Kurla Complex (BKC),Mumbai,Maharashtra,Home_Garden,275977.49,0.0,0,Regular_Week,32.7,100.23,185.0,7.28,165000
2024-08-02,Store_01,Mumbai - Bandra Kurla Complex (BKC),Mumbai,Maharashtra,Pharmacy,197556.1,0.0,0,Regular_Week,33.3,100.23,185.0,7.28,165000
2024-08-02,Store_02,Bengaluru - Indiranagar Tech Hub,Bengaluru,Karnataka,Grocery,484487.8,0.1,0,Regular_Week,22.1,100.23,185.0,7.28,140000
2024-08-02,Store_02,Bengaluru - Indiranagar Tech Hub,Bengaluru,Karnataka,Electronics,653784.57,0.0,0,Regular_Week,22.2,100.23,185.0,7.28,140000
2024-08-02,Store_02,Bengaluru - Indiranagar Tech Hub,Bengaluru,Karnataka,Apparel,320636.69,0.0,0,Regular_Week,22.6,100.23,185.0,7.28,140000
2024-08-02,Store_02,Bengaluru - Indiranagar Tech Hub,Bengaluru,Karnataka,Home_Garden,267153.21,0.0,0,Regular_Week,24.6,100.23,185.0,7.28,140000
2024-08-02,Store_02,Bengaluru - Indiranagar Tech Hub,Bengaluru,Karnataka,Pharmacy,208228.49,0.1,0,Regular_Week,24.5,100.23,185.0,7.28,140000
2024-08-02,Store_03,New Delhi - Connaught Place Flagship,New Delhi,Delhi NCR,Grocery,437917.7,0.0,0,Regular_Week,31.2,100.23,185.0,7.28,150000
2024-08-02,Store_03,New Delhi - Connaught Place Flagship,New Delhi,Delhi NCR,Electronics,673458.15,0.0,0,Regular_Week,30.9,100.23,185.0,7.28,150000
2024-08-02,Store_03,New Delhi - Connaught Place Flagship,New Delhi,Delhi NCR,Apparel,363447.04,0.0,0,Regular_Week,30.5,100.23,185.0,7.28,150000
2024-08-02,Store_03,New Delhi - Connaught Place Flagship,New Delhi,Delhi NCR,Home_Garden,262023.66,0.0,0,Regular_Week,30.2,100.23,185.0,7.28,150000
2024-08-02,Store_03,New Delhi - Connaught Place Flagship,New Delhi,Delhi NCR,Pharmacy,192303.72,0.05,0,Regular_Week,30.1,100.23,185.0,7.28,150000
2024-08-02,Store_04,Chennai - T. Nagar Shopping Plaza,Chennai,Tamil Nadu,Grocery,421008.03,0.0,0,Regular_Week,29.7,100.23,185.0,7.28,125000
2024-08-02,Store_04,Chennai - T. Nagar Shopping Plaza,Chennai,Tamil Nadu,Electronics,574366.15,0.0,0,Regular_Week,30.6,100.23,185.0,7.28,125000
2024-08-02,Store_04,Chennai - T. Nagar Shopping Plaza,Chennai,Tamil Nadu,Apparel,303845.63,0.0,0,Regular_Week,30.1,100.23,185.0,7.28,125000
2024-08-02,Store_04,Chennai - T. Nagar Shopping Plaza,Chennai,Tamil Nadu,Home_Garden,239912.94,0.05,0,Regular_Week,30.2,100.23,185.0,7.28,125000
2024-08-02,Store_04,Chennai - T. Nagar Shopping Plaza,Chennai,Tamil Nadu,Pharmacy,169201.62,0.0,0,Regular_Week,29.6,100.23,185.0,7.28,125000
2024-08-02,Store_05,Hyderabad - Hitec City Cyber Towers,Hyderabad,Telangana,Grocery,405702.8,0.05,0,Regular_Week,26.4,100.23,185.0,7.28,130000
2024-08-02,Store_05,Hyderabad - Hitec City Cyber Towers,Hyderabad,Telangana,Electronics,594745.33,0.0,0,Regular_Week,25.0,100.23,185.0,7.28,130000
2024-08-02,Store_05,Hyderabad - Hitec City Cyber Towers,Hyderabad,Telangana,Apparel,397425.62,0.15,0,Regular_Week,25.2,100.23,185.0,7.28,130000
2024-08-02,Store_05,Hyderabad - Hitec City Cyber Towers,Hyderabad,Telangana,Home_Garden,218751.2,0.0,0,Regular_Week,24.1,100.23,185.0,7.28,130000
2024-08-02,Store_05,Hyderabad - Hitec City Cyber Towers,Hyderabad,Telangana,Pharmacy,184398.45,0.0,0,Regular_Week,25.6,100.23,185.0,7.28,130000
2024-08-02,Store_06,Kolkata - Park Street Cultural Mall,Kolkata,West Bengal,Grocery,367993.88,0.0,0,Regular_Week,24.5,100.23,185.0,7.28,110000
2024-08-02,Store_06,Kolkata - Park Street Cultural Mall,Kolkata,West Bengal,Electronics,490017.05,0.0,0,Regular_Week,22.9,100.23,185.0,7.28,110000
2024-08-02,Store_06,Kolkata - Park Street Cultural Mall,Kolkata,West Bengal,Apparel,312753.61,0.0,0,Regular_Week,23.2,100.23,185.0,7.28,110000
2024-08-02,Store_06,Kolkata - Park Street Cultural Mall,Kolkata,West Bengal,Home_Garden,210686.02,0.0,0,Regular_Week,23.9,100.23,185.0,7.28,110000
2024-08-02,Store_06,Kolkata - Park Street Cultural Mall,Kolkata,West Bengal,Pharmacy,165692.46,0.0,0,Regular_Week,25.0,100.23,185.0,7.28,110000
2024-08-02,Store_07,Pune - Kothrud Commercial Hub,Pune,Maharashtra,Grocery,336477.42,0.0,0,Regular_Week,25.7,100.23,185.0,7.28,95000
2024-08-02,Store_07,Pune - Kothrud Commercial Hub,Pune,Maharashtra,Electronics,538935.62,0.0,0,Regular_Week,25.1,100.23,185.0,7.28,95000
2024-08-02,Store_07,Pune - Kothrud Commercial Hub,Pune,Maharashtra,Apparel,285277.64,0.0,0,Regular_Week,23.8,100.23,185.0,7.28,95000
2024-08-02,Store_07,Pune - Kothrud Commercial Hub,Pune,Maharashtra,Home_Garden,201579.9,0.0,0,Regular_Week,23.8,100.23,185.0,7.28,95000
2024-08-02,Store_07,Pune - Kothrud Commercial Hub,Pune,Maharashtra,Pharmacy,172142.64,0.0,0,Regular_Week,23.5,100.23,185.0,7.28,95000
2024-08-02,Store_08,Ahmedabad - SG Highway Hypermarket,Ahmedabad,Gujarat,Grocery,431450.19,0.1,0,Regular_Week,28.4,100.23,185.0,7.28,120000
2024-08-02,Store_08,Ahmedabad - SG Highway Hypermarket,Ahmedabad,Gujarat,Electronics,569674.33,0.0,0,Regular_Week,30.0,100.23,185.0,7.28,120000
2024-08-02,Store_08,Ahmedabad - SG Highway Hypermarket,Ahmedabad,Gujarat,Apparel,311388.22,0.05,0,Regular_Week,27.4,100.23,185.0,7.28,120000
2024-08-02,Store_08,Ahmedabad - SG Highway Hypermarket,Ahmedabad,Gujarat,Home_Garden,238423.77,0.0,0,Regular_Week,27.0,100.23,185.0,7.28,120000
2024-08-02,Store_08,Ahmedabad - SG Highway Hypermarket,Ahmedabad,Gujarat,Pharmacy,162538.97,0.0,0,Regular_Week,28.6,100.23,185.0,7.28,120000
2024-08-02,Store_09,Jaipur - MI Road Heritage Store,Jaipur,Rajasthan,Grocery,348318.75,0.15,0,Regular_Week,29.8,100.23,185.0,7.28,85000
2024-08-02,Store_09,Jaipur - MI Road Heritage Store,Jaipur,Rajasthan,Electronics,623791.93,0.1,0,Regular_Week,30.0,100.23,185.0,7.28,85000
2024-08-02,Store_09,Jaipur - MI Road Heritage Store,Jaipur,Rajasthan,Apparel,257298.84,0.0,0,Regular_Week,30.9,100.23,185.0,7.28,85000
2024-08-02,Store_09,Jaipur - MI Road Heritage Store,Jaipur,Rajasthan,Home_Garden,215198.28,0.0,0,Regular_Week,30.5,100.23,185.0,7.28,85000
2024-08-02,Store_09,Jaipur - MI Road Heritage Store,Jaipur,Rajasthan,Pharmacy,167729.54,0.15,0,Regular_Week,28.7,100.23,185.0,7.28,85000
2024-08-02,Store_10,Kochi - Marine Drive Coastal Mall,Kochi,Kerala,Grocery,419745.53,0.1,0,Regular_Week,28.8,100.23,185.0,7.28,90000
2024-08-02,Store_10,Kochi - Marine Drive Coastal Mall,Kochi,Kerala,Electronics,494520.43,0.0,0,Regular_Week,29.9,100.23,185.0,7.28,90000
2024-08-02,Store_10,Kochi - Marine Drive Coastal Mall,Kochi,Kerala,Apparel,291595.44,0.0,0,Regular_Week,27.2,100.23,185.0,7.28,90000
2024-08-02,Store_10,Kochi - Marine Drive Coastal Mall,Kochi,Kerala,Home_Garden,223704.03,0.05,0,Regular_Week,29.6,100.23,185.0,7.28,90000
2024-08-02,Store_10,Kochi - Marine Drive Coastal Mall,Kochi,Kerala,Pharmacy,161931.38,0.0,0,Regular_Week,27.8,100.23,185.0,7.28,90000
2024-08-09,Store_01,Mumbai - Bandra Kurla Complex (BKC),Mumbai,Maharashtra,Grocery,473160.32,0.05,0,Regular_Week,31.8,99.53,184.8,7.19,165000
2024-08-09,Store_01,Mumbai - Bandra Kurla Complex (BKC),Mumbai,Maharashtra,Electronics,689649.69,0.0,0,Regular_Week,33.6,99.53,184.8,7.19,165000
2024-08-09,Store_01,Mumbai - Bandra Kurla Complex (BKC),Mumbai,Maharashtra,Apparel,375527.18,0.0,0,Regular_Week,31.7,99.53,184.8,7.19,165000
2024-08-09,Store_01,Mumbai - Bandra Kurla Complex (BKC),Mumbai,Maharashtra,Home_Garden,247723.39,0.0,0,Regular_Week,31.9,99.53,184.8,7.19,165000
2024-08-09,Store_01,Mumbai - Bandra Kurla Complex (BKC),Mumbai,Maharashtra,Pharmacy,208588.58,0.0,0,Regular_Week,33.0,99.53,184.8,7.19,165000
2024-08-09,Store_02,Bengaluru - Indiranagar Tech Hub,Bengaluru,Karnataka,Grocery,404398.42,0.0,0,Regular_Week,30.6,99.53,184.8,7.19,140000
2024-08-09,Store_02,Bengaluru - Indiranagar Tech Hub,Bengaluru,Karnataka,Electronics,686093.62,0.0,0,Regular_Week,31.7,99.53,184.8,7.19,140000
2024-08-09,Store_02,Bengaluru - Indiranagar Tech Hub,Bengaluru,Karnataka,Apparel,333148.48,0.0,0,Regular_Week,31.1,99.53,184.8,7.19,140000
2024-08-09,Store_02,Bengaluru - Indiranagar Tech Hub,Bengaluru,Karnataka,Home_Garden,244324.24,0.0,0,Regular_Week,31.5,99.53,184.8,7.19,140000
2024-08-09,Store_02,Bengaluru - Indiranagar Tech Hub,Bengaluru,Karnataka,Pharmacy,201617.11,0.0,0,Regular_Week,31.2,99.53,184.8,7.19,140000
2024-08-09,Store_03,New Delhi - Connaught Place Flagship,New Delhi,Delhi NCR,Grocery,473850.72,0.0,0,Regular_Week,28.7,99.53,184.8,7.19,150000
2024-08-09,Store_03,New Delhi - Connaught Place Flagship,New Delhi,Delhi NCR,Electronics,739991.32,0.05,0,Regular_Week,30.2,99.53,184.8,7.19,150000
2024-08-09,Store_03,New Delhi - Connaught Place Flagship,New Delhi,Delhi NCR,Apparel,351315.2,0.0,0,Regular_Week,30.3,99.53,184.8,7.19,150000
2024-08-09,Store_03,New Delhi - Connaught Place Flagship,New Delhi,Delhi NCR,Home_Garden,269691.27,0.0,0,Regular_Week,31.1,99.53,184.8,7.19,150000
2024-08-09,Store_03,New Delhi - Connaught Place Flagship,New Delhi,Delhi NCR,Pharmacy,232535.82,0.15,0,Regular_Week,30.4,99.53,184.8,7.19,150000
2024-08-09,Store_04,Chennai - T. Nagar Shopping Plaza,Chennai,Tamil Nadu,Grocery,500046.71,0.15,0,Regular_Week,33.6,99.53,184.8,7.19,125000
2024-08-09,Store_04,Chennai - T. Nagar Shopping Plaza,Chennai,Tamil Nadu,Electronics,638090.06,0.05,0,Regular_Week,34.2,99.53,184.8,7.19,125000
2024-08-09,Store_04,Chennai - T. Nagar Shopping Plaza,Chennai,Tamil Nadu,Apparel,316155.7,0.0,0,Regular_Week,32.0,99.53,184.8,7.19,125000
2024-08-09,Store_04,Chennai - T. Nagar Shopping Plaza,Chennai,Tamil Nadu,Home_Garden,214191.61,0.0,0,Regular_Week,32.9,99.53,184.8,7.19,125000
2024-08-09,Store_04,Chennai - T. Nagar Shopping Plaza,Chennai,Tamil Nadu,Pharmacy,173582.51,0.05,0,Regular_Week,33.1,99.53,184.8,7.19,125000
2024-08-09,Store_05,Hyderabad - Hitec City Cyber Towers,Hyderabad,Telangana,Grocery,396438.4,0.0,0,Regular_Week,23.2,99.53,184.8,7.19,130000
2024-08-09,Store_05,Hyderabad - Hitec City Cyber Towers,Hyderabad,Telangana,Electronics,597111.52,0.0,0,Regular_Week,21.3,99.53,184.8,7.19,130000
2024-08-09,Store_05,Hyderabad - Hitec City Cyber Towers,Hyderabad,Telangana,Apparel,359861.31,0.0,0,Regular_Week,21.8,99.53,184.8,7.19,130000
2024-08-09,Store_05,Hyderabad - Hitec City Cyber Towers,Hyderabad,Telangana,Home_Garden,236382.2,0.0,0,Regular_Week,21.8,99.53,184.8,7.19,130000
2024-08-09,Store_05,Hyderabad - Hitec City Cyber Towers,Hyderabad,Telangana,Pharmacy,173040.48,0.0,0,Regular_Week,22.6,99.53,184.8,7.19,130000
2024-08-09,Store_06,Kolkata - Park Street Cultural Mall,Kolkata,West Bengal,Grocery,376619.5,0.0,0,Regular_Week,23.2,99.53,184.8,7.19,110000
2024-08-09,Store_06,Kolkata - Park Street Cultural Mall,Kolkata,West Bengal,Electronics,553669.4,0.0,0,Regular_Week,26.1,99.53,184.8,7.19,110000
2024-08-09,Store_06,Kolkata - Park Street Cultural Mall,Kolkata,West Bengal,Apparel,299370.34,0.0,0,Regular_Week,25.7,99.53,184.8,7.19,110000
2024-08-09,Store_06,Kolkata - Park Street Cultural Mall,Kolkata,West Bengal,Home_Garden,232901.05,0.1,0,Regular_Week,25.2,99.53,184.8,7.19,110000
2024-08-09,Store_06,Kolkata - Park Street Cultural Mall,Kolkata,West Bengal,Pharmacy,167294.76,0.0,0,Regular_Week,24.4,99.53,184.8,7.19,110000
2024-08-09,Store_07,Pune - Kothrud Commercial Hub,Pune,Maharashtra,Grocery,418412.29,0.15,0,Regular_Week,25.1,99.53,184.8,7.19,95000
2024-08-09,Store_07,Pune - Kothrud Commercial Hub,Pune,Maharashtra,Electronics,611771.37,0.1,0,Regular_Week,25.7,99.53,184.8,7.19,95000
2024-08-09,Store_07,Pune - Kothrud Commercial Hub,Pune,Maharashtra,Apparel,342347.98,0.1,0,Regular_Week,25.9,99.53,184.8,7.19,95000
2024-08-09,Store_07,Pune - Kothrud Commercial Hub,Pune,Maharashtra,Home_Garden,221407.0,0.0,0,Regular_Week,25.1,99.53,184.8,7.19,95000
2024-08-09,Store_07,Pune - Kothrud Commercial Hub,Pune,Maharashtra,Pharmacy,138975.86,0.0,0,Regular_Week,25.1,99.53,184.8,7.19,95000
2024-08-09,Store_08,Ahmedabad - SG Highway Hypermarket,Ahmedabad,Gujarat,Grocery,449362.56,0.05,0,Regular_Week,26.7,99.53,184.8,7.19,120000
2024-08-09,Store_08,Ahmedabad - SG Highway Hypermarket,Ahmedabad,Gujarat,Electronics,568379.58,0.0,0,Regular_Week,27.6,99.53,184.8,7.19,120000
2024-08-09,Store_08,Ahmedabad - SG Highway Hypermarket,Ahmedabad,Gujarat,Apparel,378273.66,0.15,0,Regular_Week,27.6,99.53,184.8,7.19,120000
2024-08-09,Store_08,Ahmedabad - SG Highway Hypermarket,Ahmedabad,Gujarat,Home_Garden,246587.37,0.05,0,Regular_Week,28.3,99.53,184.8,7.19,120000
2024-08-09,Store_08,Ahmedabad - SG Highway Hypermarket,Ahmedabad,Gujarat,Pharmacy,194019.68,0.1,0,Regular_Week,28.0,99.53,184.8,7.19,120000
2024-08-09,Store_09,Jaipur - MI Road Heritage Store,Jaipur,Rajasthan,Grocery,373888.82,0.1,0,Regular_Week,29.2,99.53,184.8,7.19,85000
2024-08-09,Store_09,Jaipur - MI Road Heritage Store,Jaipur,Rajasthan,Electronics,498778.16,0.0,0,Regular_Week,29.9,99.53,184.8,7.19,85000
2024-08-09,Store_09,Jaipur - MI Road Heritage Store,Jaipur,Rajasthan,Apparel,274603.36,0.0,0,Regular_Week,29.4,99.53,184.8,7.19,85000
2024-08-09,Store_09,Jaipur - MI Road Heritage Store,Jaipur,Rajasthan,Home_Garden,203659.03,0.0,0,Regular_Week,30.3,99.53,184.8,7.19,85000
2024-08-09,Store_09,Jaipur - MI Road Heritage Store,Jaipur,Rajasthan,Pharmacy,164112.82,0.1,0,Regular_Week,30.5,99.53,184.8,7.19,85000
2024-08-09,Store_10,Kochi - Marine Drive Coastal Mall,Kochi,Kerala,Grocery,328481.0,0.0,0,Regular_Week,27.7,99.53,184.8,7.19,90000
2024-08-09,Store_10,Kochi - Marine Drive Coastal Mall,Kochi,Kerala,Electronics,500237.65,0.0,0,Regular_Week,26.9,99.53,184.8,7.19,90000
2024-08-09,Store_10,Kochi - Marine Drive Coastal Mall,Kochi,Kerala,Apparel,257070.98,0.0,0,Regular_Week,28.8,99.53,184.8,7.19,90000
2024-08-09,Store_10,Kochi - Marine Drive Coastal Mall,Kochi,Kerala,Home_Garden,245361.18,0.15,0,Regular_Week,28.1,99.53,184.8,7.19,90000
2024-08-09,Store_10,Kochi - Marine Drive Coastal Mall,Kochi,Kerala,Pharmacy,170399.7,0.15,0,Regular_Week,29.6,99.53,184.8,7.19,90000
2024-08-16,Store_01,Mumbai - Bandra Kurla Complex (BKC),Mumbai,Maharashtra,Grocery,845900.4,0.15,1,Independence_Day_Great_India_Sale,28.5,97.77,185.0,6.86,165000
2024-08-16,Store_01,Mumbai - Bandra Kurla Complex (BKC),Mumbai,Maharashtra,Electronics,1323351.56,0.2,1,Independence_Day_Great_India_Sale,29.8,97.77,185.0,6.86,165000
2024-08-16,Store_01,Mumbai - Bandra Kurla Complex (BKC),Mumbai,Maharashtra,Apparel,759077.28,0.2,1,Independence_Day_Great_India_Sale,29.1,97.77,185.0,6.86,165000
2024-08-16,Store_01,Mumbai - Bandra Kurla Complex (BKC),Mumbai,Maharashtra,Home_Garden,424208.5,0.15,1,Independence_Day_Great_India_Sale,29.9,97.77,185.0,6.86,165000
2024-08-16,Store_01,Mumbai - Bandra Kurla Complex (BKC),Mumbai,Maharashtra,Pharmacy,326670.3,0.15,1,Independence_Day_Great_India_Sale,28.3,97.77,185.0,6.86,165000
2024-08-16,Store_02,Bengaluru - Indiranagar Tech Hub,Bengaluru,Karnataka,Grocery,701762.55,0.15,1,Independence_Day_Great_India_Sale,24.3,97.77,185.0,6.86,140000
2024-08-16,Store_02,Bengaluru - Indiranagar Tech Hub,Bengaluru,Karnataka,Electronics,1260776.59,0.2,1,Independence_Day_Great_India_Sale,22.3,97.77,185.0,6.86,140000
2024-08-16,Store_02,Bengaluru - Indiranagar Tech Hub,Bengaluru,Karnataka,Apparel,636117.87,0.2,1,Independence_Day_Great_India_Sale,24.0,97.77,185.0,6.86,140000
2024-08-16,Store_02,Bengaluru - Indiranagar Tech Hub,Bengaluru,Karnataka,Home_Garden,433652.76,0.15,1,Independence_Day_Great_India_Sale,23.7,97.77,185.0,6.86,140000
2024-08-16,Store_02,Bengaluru - Indiranagar Tech Hub,Bengaluru,Karnataka,Pharmacy,306537.03,0.15,1,Independence_Day_Great_India_Sale,24.0,97.77,185.0,6.86,140000
2024-08-16,Store_03,New Delhi - Connaught Place Flagship,New Delhi,Delhi NCR,Grocery,731037.75,0.15,1,Independence_Day_Great_India_Sale,29.3,97.77,185.0,6.86,150000
2024-08-16,Store_03,New Delhi - Connaught Place Flagship,New Delhi,Delhi NCR,Electronics,1366359.73,0.2,1,Independence_Day_Great_India_Sale,29.7,97.77,185.0,6.86,150000
2024-08-16,Store_03,New Delhi - Connaught Place Flagship,New Delhi,Delhi NCR,Apparel,633346.52,0.2,1,Independence_Day_Great_India_Sale,29.7,97.77,185.0,6.86,150000
2024-08-16,Store_03,New Delhi - Connaught Place Flagship,New Delhi,Delhi NCR,Home_Garden,428406.5,0.15,1,Independence_Day_Great_India_Sale,31.1,97.77,185.0,6.86,150000
2024-08-16,Store_03,New Delhi - Connaught Place Flagship,New Delhi,Delhi NCR,Pharmacy,330589.81,0.15,1,Independence_Day_Great_India_Sale,31.4,97.77,185.0,6.86,150000
2024-08-16,Store_04,Chennai - T. Nagar Shopping Plaza,Chennai,Tamil Nadu,Grocery,607174.36,0.15,1,Independence_Day_Great_India_Sale,33.4,97.77,185.0,6.86,125000
2024-08-16,Store_04,Chennai - T. Nagar Shopping Plaza,Chennai,Tamil Nadu,Electronics,1014053.24,0.2,1,Independence_Day_Great_India_Sale,32.0,97.77,185.0,6.86,125000
2024-08-16,Store_04,Chennai - T. Nagar Shopping Plaza,Chennai,Tamil Nadu,Apparel,544715.0,0.2,1,Independence_Day_Great_India_Sale,31.1,97.77,185.0,6.86,125000
2024-08-16,Store_04,Chennai - T. Nagar Shopping Plaza,Chennai,Tamil Nadu,Home_Garden,388273.02,0.15,1,Independence_Day_Great_India_Sale,33.7,97.77,185.0,6.86,125000
2024-08-16,Store_04,Chennai - T. Nagar Shopping Plaza,Chennai,Tamil Nadu,Pharmacy,271375.06,0.15,1,Independence_Day_Great_India_Sale,32.3,97.77,185.0,6.86,125000
2024-08-16,Store_05,Hyderabad - Hitec City Cyber Towers,Hyderabad,Telangana,Grocery,616178.88,0.15,1,Independence_Day_Great_India_Sale,28.3,97.77,185.0,6.86,130000
2024-08-16,Store_05,Hyderabad - Hitec City Cyber Towers,Hyderabad,Telangana,Electronics,1065633.19,0.2,1,Independence_Day_Great_India_Sale,29.0,97.77,185.0,6.86,130000
2024-08-16,Store_05,Hyderabad - Hitec City Cyber Towers,Hyderabad,Telangana,Apparel,565786.67,0.2,1,Independence_Day_Great_India_Sale,27.5,97.77,185.0,6.86,130000
2024-08-16,Store_05,Hyderabad - Hitec City Cyber Towers,Hyderabad,Telangana,Home_Garden,398363.06,0.15,1,Independence_Day_Great_India_Sale,28.9,97.77,185.0,6.86,130000
2024-08-16,Store_05,Hyderabad - Hitec City Cyber Towers,Hyderabad,Telangana,Pharmacy,269812.28,0.15,1,Independence_Day_Great_India_Sale,28.0,97.77,185.0,6.86,130000
2024-08-16,Store_06,Kolkata - Park Street Cultural Mall,Kolkata,West Bengal,Grocery,663011.86,0.15,1,Independence_Day_Great_India_Sale,26.7,97.77,185.0,6.86,110000
2024-08-16,Store_06,Kolkata - Park Street Cultural Mall,Kolkata,West Bengal,Electronics,1122118.5,0.2,1,Independence_Day_Great_India_Sale,28.7,97.77,185.0,6.86,110000
2024-08-16,Store_06,Kolkata - Park Street Cultural Mall,Kolkata,West Bengal,Apparel,493070.72,0.2,1,Independence_Day_Great_India_Sale,26.7,97.77,185.0,6.86,110000
2024-08-16,Store_06,Kolkata - Park Street Cultural Mall,Kolkata,West Bengal,Home_Garden,382605.51,0.15,1,Independence_Day_Great_India_Sale,26.7,97.77,185.0,6.86,110000
2024-08-16,Store_06,Kolkata - Park Street Cultural Mall,Kolkata,West Bengal,Pharmacy,249398.22,0.15,1,Independence_Day_Great_India_Sale,28.7,97.77,185.0,6.86,110000
2024-08-16,Store_07,Pune - Kothrud Commercial Hub,Pune,Maharashtra,Grocery,585448.19,0.15,1,Independence_Day_Great_India_Sale,23.3,97.77,185.0,6.86,95000
2024-08-16,Store_07,Pune - Kothrud Commercial Hub,Pune,Maharashtra,Electronics,987840.9,0.2,1,Independence_Day_Great_India_Sale,21.7,97.77,185.0,6.86,95000
2024-08-16,Store_07,Pune - Kothrud Commercial Hub,Pune,Maharashtra,Apparel,520115.67,0.2,1,Independence_Day_Great_India_Sale,21.2,97.77,185.0,6.86,95000
2024-08-16,Store_07,Pune - Kothrud Commercial Hub,Pune,Maharashtra,Home_Garden,351016.85,0.15,1,Independence_Day_Great_India_Sale,22.5,97.77,185.0,6.86,95000
2024-08-16,Store_07,Pune - Kothrud Commercial Hub,Pune,Maharashtra,Pharmacy,257005.38,0.15,1,Independence_Day_Great_India_Sale,23.5,97.77,185.0,6.86,95000
2024-08-16,Store_08,Ahmedabad - SG Highway Hypermarket,Ahmedabad,Gujarat,Grocery,703269.82,0.15,1,Independence_Day_Great_India_Sale,32.4,97.77,185.0,6.86,120000
2024-08-16,Store_08,Ahmedabad - SG Highway Hypermarket,Ahmedabad,Gujarat,Electronics,1135070.0,0.2,1,Independence_Day_Great_India_Sale,30.5,97.77,185.0,6.86,120000
2024-08-16,Store_08,Ahmedabad - SG Highway Hypermarket,Ahmedabad,Gujarat,Apparel,585914.35,0.2,1,Independence_Day_Great_India_Sale,33.3,97.77,185.0,6.86,120000
2024-08-16,Store_08,Ahmedabad - SG Highway Hypermarket,Ahmedabad,Gujarat,Home_Garden,389474.03,0.15,1,Independence_Day_Great_India_Sale,33.3,97.77,185.0,6.86,120000
2024-08-16,Store_08,Ahmedabad - SG Highway Hypermarket,Ahmedabad,Gujarat,Pharmacy,277179.2,0.15,1,Independence_Day_Great_India_Sale,33.1,97.77,185.0,6.86,120000
2024-08-16,Store_09,Jaipur - MI Road Heritage Store,Jaipur,Rajasthan,Grocery,537640.39,0.15,1,Independence_Day_Great_India_Sale,28.6,97.77,185.0,6.86,85000
2024-08-16,Store_09,Jaipur - MI Road Heritage Store,Jaipur,Rajasthan,Electronics,986521.84,0.2,1,Independence_Day_Great_India_Sale,30.1,97.77,185.0,6.86,85000
2024-08-16,Store_09,Jaipur - MI Road Heritage Store,Jaipur,Rajasthan,Apparel,508648.67,0.2,1,Independence_Day_Great_India_Sale,30.6,97.77,185.0,6.86,85000
2024-08-16,Store_09,Jaipur - MI Road Heritage Store,Jaipur,Rajasthan,Home_Garden,351597.37,0.15,1,Independence_Day_Great_India_Sale,30.7,97.77,185.0,6.86,85000
2024-08-16,Store_09,Jaipur - MI Road Heritage Store,Jaipur,Rajasthan,Pharmacy,234551.38,0.15,1,Independence_Day_Great_India_Sale,30.7,97.77,185.0,6.86,85000
2024-08-16,Store_10,Kochi - Marine Drive Coastal Mall,Kochi,Kerala,Grocery,550655.77,0.15,1,Independence_Day_Great_India_Sale,28.6,97.77,185.0,6.86,90000
2024-08-16,Store_10,Kochi - Marine Drive Coastal Mall,Kochi,Kerala,Electronics,993909.95,0.2,1,Independence_Day_Great_India_Sale,30.1,97.77,185.0,6.86,90000
2024-08-16,Store_10,Kochi - Marine Drive Coastal Mall,Kochi,Kerala,Apparel,476311.15,0.2,1,Independence_Day_Great_India_Sale,29.3,97.77,185.0,6.86,90000
2024-08-16,Store_10,Kochi - Marine Drive Coastal Mall,Kochi,Kerala,Home_Garden,324142.88,0.15,1,Independence_Day_Great_India_Sale,29.1,97.77,185.0,6.86,90000
2024-08-16,Store_10,Kochi - Marine Drive Coastal Mall,Kochi,Kerala,Pharmacy,242543.65,0.15,1,Independence_Day_Great_India_Sale,29.6,97.77,185.0,6.86,90000
2024-08-23,Store_01,Mumbai - Bandra Kurla Complex (BKC),Mumbai,Maharashtra,Grocery,647620.45,0.15,1,Raksha_Bandhan_Special,30.5,101.97,184.7,7.3,165000
2024-08-23,Store_01,Mumbai - Bandra Kurla Complex (BKC),Mumbai,Maharashtra,Electronics,1177492.72,0.2,1,Raksha_Bandhan_Special,28.9,101.97,184.7,7.3,165000
2024-08-23,Store_01,Mumbai - Bandra Kurla Complex (BKC),Mumbai,Maharashtra,Apparel,632474.56,0.2,1,Raksha_Bandhan_Special,29.6,101.97,184.7,7.3,165000
2024-08-23,Store_01,Mumbai - Bandra Kurla Complex (BKC),Mumbai,Maharashtra,Home_Garden,389016.53,0.15,1,Raksha_Bandhan_Special,28.8,101.97,184.7,7.3,165000
2024-08-23,Store_01,Mumbai - Bandra Kurla Complex (BKC),Mumbai,Maharashtra,Pharmacy,263997.82,0.15,1,Raksha_Bandhan_Special,28.7,101.97,184.7,7.3,165000
2024-08-23,Store_02,Bengaluru - Indiranagar Tech Hub,Bengaluru,Karnataka,Grocery,614301.86,0.15,1,Raksha_Bandhan_Special,24.8,101.97,184.7,7.3,140000
2024-08-23,Store_02,Bengaluru - Indiranagar Tech Hub,Bengaluru,Karnataka,Electronics,1038114.36,0.2,1,Raksha_Bandhan_Special,24.2,101.97,184.7,7.3,140000
2024-08-23,Store_02,Bengaluru - Indiranagar Tech Hub,Bengaluru,Karnataka,Apparel,570298.1,0.2,1,Raksha_Bandhan_Special,24.9,101.97,184.7,7.3,140000
2024-08-23,Store_02,Bengaluru - Indiranagar Tech Hub,Bengaluru,Karnataka,Home_Garden,375741.22,0.15,1,Raksha_Bandhan_Special,22.8,101.97,184.7,7.3,140000
2024-08-23,Store_02,Bengaluru - Indiranagar Tech Hub,Bengaluru,Karnataka,Pharmacy,283814.39,0.15,1,Raksha_Bandhan_Special,24.7,101.97,184.7,7.3,140000
2024-08-23,Store_03,New Delhi - Connaught Place Flagship,New Delhi,Delhi NCR,Grocery,649348.2,0.15,1,Raksha_Bandhan_Special,28.6,101.97,184.7,7.3,150000
2024-08-23,Store_03,New Delhi - Connaught Place Flagship,New Delhi,Delhi NCR,Electronics,1154211.67,0.2,1,Raksha_Bandhan_Special,29.2,101.97,184.7,7.3,150000
2024-08-23,Store_03,New Delhi - Connaught Place Flagship,New Delhi,Delhi NCR,Apparel,576387.23,0.2,1,Raksha_Bandhan_Special,28.5,101.97,184.7,7.3,150000
2024-08-23,Store_03,New Delhi - Connaught Place Flagship,New Delhi,Delhi NCR,Home_Garden,369417.58,0.15,1,Raksha_Bandhan_Special,29.0,101.97,184.7,7.3,150000
2024-08-23,Store_03,New Delhi - Connaught Place Flagship,New Delhi,Delhi NCR,Pharmacy,268099.18,0.15,1,Raksha_Bandhan_Special,28.7,101.97,184.7,7.3,150000
2024-08-23,Store_04,Chennai - T. Nagar Shopping Plaza,Chennai,Tamil Nadu,Grocery,535662.37,0.15,1,Raksha_Bandhan_Special,34.5,101.97,184.7,7.3,125000
2024-08-23,Store_04,Chennai - T. Nagar Shopping Plaza,Chennai,Tamil Nadu,Electronics,960751.63,0.2,1,Raksha_Bandhan_Special,33.0,101.97,184.7,7.3,125000
2024-08-23,Store_04,Chennai - T. Nagar Shopping Plaza,Chennai,Tamil Nadu,Apparel,485549.49,0.2,1,Raksha_Bandhan_Special,35.4,101.97,184.7,7.3,125000
2024-08-23,Store_04,Chennai - T. Nagar Shopping Plaza,Chennai,Tamil Nadu,Home_Garden,312295.83,0.15,1,Raksha_Bandhan_Special,33.8,101.97,184.7,7.3,125000
2024-08-23,Store_04,Chennai - T. Nagar Shopping Plaza,Chennai,Tamil Nadu,Pharmacy,254902.52,0.15,1,Raksha_Bandhan_Special,34.2,101.97,184.7,7.3,125000
2024-08-23,Store_05,Hyderabad - Hitec City Cyber Towers,Hyderabad,Telangana,Grocery,610843.33,0.15,1,Raksha_Bandhan_Special,26.6,101.97,184.7,7.3,130000
2024-08-23,Store_05,Hyderabad - Hitec City Cyber Towers,Hyderabad,Telangana,Electronics,1007452.91,0.2,1,Raksha_Bandhan_Special,24.6,101.97,184.7,7.3,130000
2024-08-23,Store_05,Hyderabad - Hitec City Cyber Towers,Hyderabad,Telangana,Apparel,502183.62,0.2,1,Raksha_Bandhan_Special,25.9,101.97,184.7,7.3,130000
2024-08-23,Store_05,Hyderabad - Hitec City Cyber Towers,Hyderabad,Telangana,Home_Garden,357072.07,0.15,1,Raksha_Bandhan_Special,24.6,101.97,184.7,7.3,130000
2024-08-23,Store_05,Hyderabad - Hitec City Cyber Towers,Hyderabad,Telangana,Pharmacy,251612.19,0.15,1,Raksha_Bandhan_Special,25.3,101.97,184.7,7.3,130000
2024-08-23,Store_06,Kolkata - Park Street Cultural Mall,Kolkata,West Bengal,Grocery,533481.64,0.15,1,Raksha_Bandhan_Special,30.0,101.97,184.7,7.3,110000
2024-08-23,Store_06,Kolkata - Park Street Cultural Mall,Kolkata,West Bengal,Electronics,792030.67,0.2,1,Raksha_Bandhan_Special,28.5,101.97,184.7,7.3,110000
2024-08-23,Store_06,Kolkata - Park Street Cultural Mall,Kolkata,West Bengal,Apparel,466539.15,0.2,1,Raksha_Bandhan_Special,29.5,101.97,184.7,7.3,110000
2024-08-23,Store_06,Kolkata - Park Street Cultural Mall,Kolkata,West Bengal,Home_Garden,303055.35,0.15,1,Raksha_Bandhan_Special,30.8,101.97,184.7,7.3,110000
2024-08-23,Store_06,Kolkata - Park Street Cultural Mall,Kolkata,West Bengal,Pharmacy,207114.3,0.15,1,Raksha_Bandhan_Special,30.5,101.97,184.7,7.3,110000
2024-08-23,Store_07,Pune - Kothrud Commercial Hub,Pune,Maharashtra,Grocery,505519.23,0.15,1,Raksha_Bandhan_Special,23.9,101.97,184.7,7.3,95000
2024-08-23,Store_07,Pune - Kothrud Commercial Hub,Pune,Maharashtra,Electronics,847936.57,0.2,1,Raksha_Bandhan_Special,24.1,101.97,184.7,7.3,95000
2024-08-23,Store_07,Pune - Kothrud Commercial Hub,Pune,Maharashtra,Apparel,463229.9,0.2,1,Raksha_Bandhan_Special,23.7,101.97,184.7,7.3,95000
2024-08-23,Store_07,Pune - Kothrud Commercial Hub,Pune,Maharashtra,Home_Garden,309529.15,0.15,1,Raksha_Bandhan_Special,22.7,101.97,184.7,7.3,95000
2024-08-23,Store_07,Pune - Kothrud Commercial Hub,Pune,Maharashtra,Pharmacy,223110.48,0.15,1,Raksha_Bandhan_Special,22.5,101.97,184.7,7.3,95000
2024-08-23,Store_08,Ahmedabad - SG Highway Hypermarket,Ahmedabad,Gujarat,Grocery,533229.68,0.15,1,Raksha_Bandhan_Special,24.1,101.97,184.7,7.3,120000
2024-08-23,Store_08,Ahmedabad - SG Highway Hypermarket,Ahmedabad,Gujarat,Electronics,976591.72,0.2,1,Raksha_Bandhan_Special,24.6,101.97,184.7,7.3,120000
2024-08-23,Store_08,Ahmedabad - SG Highway Hypermarket,Ahmedabad,Gujarat,Apparel,484966.03,0.2,1,Raksha_Bandhan_Special,23.4,101.97,184.7,7.3,120000
2024-08-23,Store_08,Ahmedabad - SG Highway Hypermarket,Ahmedabad,Gujarat,Home_Garden,337769.92,0.15,1,Raksha_Bandhan_Special,22.9,101.97,184.7,7.3,120000
2024-08-23,Store_08,Ahmedabad - SG Highway Hypermarket,Ahmedabad,Gujarat,Pharmacy,233550.23,0.15,1,Raksha_Bandhan_Special,23.1,101.97,184.7,7.3,120000
2024-08-23,Store_09,Jaipur - MI Road Heritage Store,Jaipur,Rajasthan,Grocery,499115.15,0.15,1,Raksha_Bandhan_Special,30.9,101.97,184.7,7.3,85000
2024-08-23,Store_09,Jaipur - MI Road Heritage Store,Jaipur,Rajasthan,Electronics,804362.64,0.2,1,Raksha_Bandhan_Special,31.0,101.97,184.7,7.3,85000
2024-08-23,Store_09,Jaipur - MI Road Heritage Store,Jaipur,Rajasthan,Apparel,449026.13,0.2,1,Raksha_Bandhan_Special,30.3,101.97,184.7,7.3,85000
2024-08-23,Store_09,Jaipur - MI Road Heritage Store,Jaipur,Rajasthan,Home_Garden,310571.04,0.15,1,Raksha_Bandhan_Special,28.8,101.97,184.7,7.3,85000
2024-08-23,Store_09,Jaipur - MI Road Heritage Store,Jaipur,Rajasthan,Pharmacy,203768.84,0.15,1,Raksha_Bandhan_Special,31.0,101.97,184.7,7.3,85000
2024-08-23,Store_10,Kochi - Marine Drive Coastal Mall,Kochi,Kerala,Grocery,515374.14,0.15,1,Raksha_Bandhan_Special,28.1,101.97,184.7,7.3,90000
2024-08-23,Store_10,Kochi - Marine Drive Coastal Mall,Kochi,Kerala,Electronics,875811.11,0.2,1,Raksha_Bandhan_Special,29.0,101.97,184.7,7.3,90000
2024-08-23,Store_10,Kochi - Marine Drive Coastal Mall,Kochi,Kerala,Apparel,461716.84,0.2,1,Raksha_Bandhan_Special,29.4,101.97,184.7,7.3,90000
2024-08-23,Store_10,Kochi - Marine Drive Coastal Mall,Kochi,Kerala,Home_Garden,308122.94,0.15,1,Raksha_Bandhan_Special,29.2,101.97,184.7,7.3,90000
2024-08-23,Store_10,Kochi - Marine Drive Coastal Mall,Kochi,Kerala,Pharmacy,234722.9,0.15,1,Raksha_Bandhan_Special,26.7,101.97,184.7,7.3,90000
2024-08-30,Store_01,Mumbai - Bandra Kurla Complex (BKC),Mumbai,Maharashtra,Grocery,504010.01,0.0,0,Regular_Week,30.0,103.06,184.8,7.56,165000
2024-08-30,Store_01,Mumbai - Bandra Kurla Complex (BKC),Mumbai,Maharashtra,Electronics,700568.71,0.0,0,Regular_Week,31.2,103.06,184.8,7.56,165000
2024-08-30,Store_01,Mumbai - Bandra Kurla Complex (BKC),Mumbai,Maharashtra,Apparel,431188.66,0.15,0,Regular_Week,31.5,103.06,184.8,7.56,165000
2024-08-30,Store_01,Mumbai - Bandra Kurla Complex (BKC),Mumbai,Maharashtra,Home_Garden,342500.27,0.15,0,Regular_Week,32.3,103.06,184.8,7.56,165000
2024-08-30,Store_01,Mumbai - Bandra Kurla Complex (BKC),Mumbai,Maharashtra,Pharmacy,216514.59,0.0,0,Regular_Week,29.9,103.06,184.8,7.56,165000
2024-08-30,Store_02,Bengaluru - Indiranagar Tech Hub,Bengaluru,Karnataka,Grocery,395150.8,0.0,0,Regular_Week,26.1,103.06,184.8,7.56,140000
2024-08-30,Store_02,Bengaluru - Indiranagar Tech Hub,Bengaluru,Karnataka,Electronics,719053.9,0.1,0,Regular_Week,25.5,103.06,184.8,7.56,140000
2024-08-30,Store_02,Bengaluru - Indiranagar Tech Hub,Bengaluru,Karnataka,Apparel,375540.76,0.0,0,Regular_Week,27.5,103.06,184.8,7.56,140000
2024-08-30,Store_02,Bengaluru - Indiranagar Tech Hub,Bengaluru,Karnataka,Home_Garden,269983.73,0.05,0,Regular_Week,27.0,103.06,184.8,7.56,140000
2024-08-30,Store_02,Bengaluru - Indiranagar Tech Hub,Bengaluru,Karnataka,Pharmacy,197473.94,0.0,0,Regular_Week,27.3,103.06,184.8,7.56,140000
2024-08-30,Store_03,New Delhi - Connaught Place Flagship,New Delhi,Delhi NCR,Grocery,457890.55,0.0,0,Regular_Week,28.9,103.06,184.8,7.56,150000
2024-08-30,Store_03,New Delhi - Connaught Place Flagship,New Delhi,Delhi NCR,Electronics,635436.42,0.0,0,Regular_Week,30.1,103.06,184.8,7.56,150000
2024-08-30,Store_03,New Delhi - Connaught Place Flagship,New Delhi,Delhi NCR,Apparel,331285.03,0.0,0,Regular_Week,28.5,103.06,184.8,7.56,150000
2024-08-30,Store_03,New Delhi - Connaught Place Flagship,New Delhi,Delhi NCR,Home_Garden,295067.3,0.1,0,Regular_Week,30.3,103.06,184.8,7.56,150000
2024-08-30,Store_03,New Delhi - Connaught Place Flagship,New Delhi,Delhi NCR,Pharmacy,194224.62,0.0,0,Regular_Week,31.1,103.06,184.8,7.56,150000
2024-08-30,Store_04,Chennai - T. Nagar Shopping Plaza,Chennai,Tamil Nadu,Grocery,371864.34,0.0,0,Regular_Week,32.3,103.06,184.8,7.56,125000
2024-08-30,Store_04,Chennai - T. Nagar Shopping Plaza,Chennai,Tamil Nadu,Electronics,699030.62,0.15,0,Regular_Week,32.9,103.06,184.8,7.56,125000
2024-08-30,Store_04,Chennai - T. Nagar Shopping Plaza,Chennai,Tamil Nadu,Apparel,322834.44,0.0,0,Regular_Week,31.9,103.06,184.8,7.56,125000
2024-08-30,Store_04,Chennai - T. Nagar Shopping Plaza,Chennai,Tamil Nadu,Home_Garden,223120.42,0.0,0,Regular_Week,31.7,103.06,184.8,7.56,125000
2024-08-30,Store_04,Chennai - T. Nagar Shopping Plaza,Chennai,Tamil Nadu,Pharmacy,169791.69,0.0,0,Regular_Week,33.6,103.06,184.8,7.56,125000
2024-08-30,Store_05,Hyderabad - Hitec City Cyber Towers,Hyderabad,Telangana,Grocery,370876.89,0.0,0,Regular_Week,27.8,103.06,184.8,7.56,130000
2024-08-30,Store_05,Hyderabad - Hitec City Cyber Towers,Hyderabad,Telangana,Electronics,615119.05,0.0,0,Regular_Week,28.3,103.06,184.8,7.56,130000
2024-08-30,Store_05,Hyderabad - Hitec City Cyber Towers,Hyderabad,Telangana,Apparel,320571.37,0.0,0,Regular_Week,27.2,103.06,184.8,7.56,130000
2024-08-30,Store_05,Hyderabad - Hitec City Cyber Towers,Hyderabad,Telangana,Home_Garden,246167.82,0.0,0,Regular_Week,28.9,103.06,184.8,7.56,130000
2024-08-30,Store_05,Hyderabad - Hitec City Cyber Towers,Hyderabad,Telangana,Pharmacy,191740.41,0.1,0,Regular_Week,29.5,103.06,184.8,7.56,130000
2024-08-30,Store_06,Kolkata - Park Street Cultural Mall,Kolkata,West Bengal,Grocery,363137.83,0.0,0,Regular_Week,24.9,103.06,184.8,7.56,110000
2024-08-30,Store_06,Kolkata - Park Street Cultural Mall,Kolkata,West Bengal,Electronics,610905.41,0.05,0,Regular_Week,23.8,103.06,184.8,7.56,110000
2024-08-30,Store_06,Kolkata - Park Street Cultural Mall,Kolkata,West Bengal,Apparel,312495.87,0.05,0,Regular_Week,24.9,103.06,184.8,7.56,110000
2024-08-30,Store_06,Kolkata - Park Street Cultural Mall,Kolkata,West Bengal,Home_Garden,228746.04,0.0,0,Regular_Week,24.8,103.06,184.8,7.56,110000
2024-08-30,Store_06,Kolkata - Park Street Cultural Mall,Kolkata,West Bengal,Pharmacy,181428.63,0.1,0,Regular_Week,26.1,103.06,184.8,7.56,110000
2024-08-30,Store_07,Pune - Kothrud Commercial Hub,Pune,Maharashtra,Grocery,370113.73,0.0,0,Regular_Week,26.5,103.06,184.8,7.56,95000
2024-08-30,Store_07,Pune - Kothrud Commercial Hub,Pune,Maharashtra,Electronics,561033.31,0.05,0,Regular_Week,26.3,103.06,184.8,7.56,95000
2024-08-30,Store_07,Pune - Kothrud Commercial Hub,Pune,Maharashtra,Apparel,267677.36,0.0,0,Regular_Week,27.3,103.06,184.8,7.56,95000
2024-08-30,Store_07,Pune - Kothrud Commercial Hub,Pune,Maharashtra,Home_Garden,215452.59,0.0,0,Regular_Week,26.7,103.06,184.8,7.56,95000
2024-08-30,Store_07,Pune - Kothrud Commercial Hub,Pune,Maharashtra,Pharmacy,198992.96,0.15,0,Regular_Week,27.5,103.06,184.8,7.56,95000
2024-08-30,Store_08,Ahmedabad - SG Highway Hypermarket,Ahmedabad,Gujarat,Grocery,380101.43,0.05,0,Regular_Week,24.5,103.06,184.8,7.56,120000
2024-08-30,Store_08,Ahmedabad - SG Highway Hypermarket,Ahmedabad,Gujarat,Electronics,746745.88,0.15,0,Regular_Week,23.1,103.06,184.8,7.56,120000
2024-08-30,Store_08,Ahmedabad - SG Highway Hypermarket,Ahmedabad,Gujarat,Apparel,359300.56,0.05,0,Regular_Week,23.1,103.06,184.8,7.56,120000
2024-08-30,Store_08,Ahmedabad - SG Highway Hypermarket,Ahmedabad,Gujarat,Home_Garden,298479.71,0.15,0,Regular_Week,24.2,103.06,184.8,7.56,120000
2024-08-30,Store_08,Ahmedabad - SG Highway Hypermarket,Ahmedabad,Gujarat,Pharmacy,183838.47,0.05,0,Regular_Week,24.1,103.06,184.8,7.56,120000
2024-08-30,Store_09,Jaipur - MI Road Heritage Store,Jaipur,Rajasthan,Grocery,368807.3,0.0,0,Regular_Week,30.4,103.06,184.8,7.56,85000
2024-08-30,Store_09,Jaipur - MI Road Heritage Store,Jaipur,Rajasthan,Electronics,547464.13,0.0,0,Regular_Week,30.8,103.06,184.8,7.56,85000
2024-08-30,Store_09,Jaipur - MI Road Heritage Store,Jaipur,Rajasthan,Apparel,280740.73,0.05,0,Regular_Week,29.5,103.06,184.8,7.56,85000
2024-08-30,Store_09,Jaipur - MI Road Heritage Store,Jaipur,Rajasthan,Home_Garden,201681.25,0.0,0,Regular_Week,31.2,103.06,184.8,7.56,85000
2024-08-30,Store_09,Jaipur - MI Road Heritage Store,Jaipur,Rajasthan,Pharmacy,159623.84,0.1,0,Regular_Week,29.2,103.06,184.8,7.56,85000
2024-08-30,Store_10,Kochi - Marine Drive Coastal Mall,Kochi,Kerala,Grocery,376351.72,0.1,0,Regular_Week,32.9,103.06,184.8,7.56,90000
2024-08-30,Store_10,Kochi - Marine Drive Coastal Mall,Kochi,Kerala,Electronics,647430.62,0.15,0,Regular_Week,33.5,103.06,184.8,7.56,90000
2024-08-30,Store_10,Kochi - Marine Drive Coastal Mall,Kochi,Kerala,Apparel,331424.44,0.1,0,Regular_Week,34.4,103.06,184.8,7.56,90000
2024-08-30,Store_10,Kochi - Marine Drive Coastal Mall,Kochi,Kerala,Home_Garden,193352.68,0.0,0,Regular_Week,32.1,103.06,184.8,7.56,90000
2024-08-30,Store_10,Kochi - Marine Drive Coastal Mall,Kochi,Kerala,Pharmacy,158385.49,0.0,0,Regular_Week,33.2,103.06,184.8,7.56,90000
2024-09-06,Store_01,Mumbai - Bandra Kurla Complex (BKC),Mumbai,Maharashtra,Grocery,738036.44,0.15,1,Ganesh_Chaturthi_Utsav,32.1,97.04,185.3,7.52,165000
2024-09-06,Store_01,Mumbai - Bandra Kurla Complex (BKC),Mumbai,Maharashtra,Electronics,1219423.74,0.2,1,Ganesh_Chaturthi_Utsav,31.7,97.04,185.3,7.52,165000
2024-09-06,Store_01,Mumbai - Bandra Kurla Complex (BKC),Mumbai,Maharashtra,Apparel,668099.19,0.2,1,Ganesh_Chaturthi_Utsav,33.6,97.04,185.3,7.52,165000
2024-09-06,Store_01,Mumbai - Bandra Kurla Complex (BKC),Mumbai,Maharashtra,Home_Garden,435360.54,0.15,1,Ganesh_Chaturthi_Utsav,33.9,97.04,185.3,7.52,165000
2024-09-06,Store_01,Mumbai - Bandra Kurla Complex (BKC),Mumbai,Maharashtra,Pharmacy,313696.53,0.15,1,Ganesh_Chaturthi_Utsav,34.0,97.04,185.3,7.52,165000
2024-09-06,Store_02,Bengaluru - Indiranagar Tech Hub,Bengaluru,Karnataka,Grocery,704308.32,0.15,1,Ganesh_Chaturthi_Utsav,29.4,97.04,185.3,7.52,140000
2024-09-06,Store_02,Bengaluru - Indiranagar Tech Hub,Bengaluru,Karnataka,Electronics,1135946.04,0.2,1,Ganesh_Chaturthi_Utsav,29.6,97.04,185.3,7.52,140000
2024-09-06,Store_02,Bengaluru - Indiranagar Tech Hub,Bengaluru,Karnataka,Apparel,600401.0,0.2,1,Ganesh_Chaturthi_Utsav,28.5,97.04,185.3,7.52,140000
2024-09-06,Store_02,Bengaluru - Indiranagar Tech Hub,Bengaluru,Karnataka,Home_Garden,373452.68,0.15,1,Ganesh_Chaturthi_Utsav,30.3,97.04,185.3,7.52,140000
2024-09-06,Store_02,Bengaluru - Indiranagar Tech Hub,Bengaluru,Karnataka,Pharmacy,294447.41,0.15,1,Ganesh_Chaturthi_Utsav,29.6,97.04,185.3,7.52,140000
2024-09-06,Store_03,New Delhi - Connaught Place Flagship,New Delhi,Delhi NCR,Grocery,746390.61,0.15,1,Ganesh_Chaturthi_Utsav,30.9,97.04,185.3,7.52,150000
2024-09-06,Store_03,New Delhi - Connaught Place Flagship,New Delhi,Delhi NCR,Electronics,1087934.58,0.2,1,Ganesh_Chaturthi_Utsav,31.1,97.04,185.3,7.52,150000
2024-09-06,Store_03,New Delhi - Connaught Place Flagship,New Delhi,Delhi NCR,Apparel,694657.03,0.2,1,Ganesh_Chaturthi_Utsav,28.6,97.04,185.3,7.52,150000
2024-09-06,Store_03,New Delhi - Connaught Place Flagship,New Delhi,Delhi NCR,Home_Garden,440612.04,0.15,1,Ganesh_Chaturthi_Utsav,29.0,97.04,185.3,7.52,150000
2024-09-06,Store_03,New Delhi - Connaught Place Flagship,New Delhi,Delhi NCR,Pharmacy,299201.91,0.15,1,Ganesh_Chaturthi_Utsav,29.7,97.04,185.3,7.52,150000
2024-09-06,Store_04,Chennai - T. Nagar Shopping Plaza,Chennai,Tamil Nadu,Grocery,724171.0,0.15,1,Ganesh_Chaturthi_Utsav,32.1,97.04,185.3,7.52,125000
2024-09-06,Store_04,Chennai - T. Nagar Shopping Plaza,Chennai,Tamil Nadu,Electronics,1076438.69,0.2,1,Ganesh_Chaturthi_Utsav,32.8,97.04,185.3,7.52,125000
2024-09-06,Store_04,Chennai - T. Nagar Shopping Plaza,Chennai,Tamil Nadu,Apparel,558720.82,0.2,1,Ganesh_Chaturthi_Utsav,32.9,97.04,185.3,7.52,125000
2024-09-06,Store_04,Chennai - T. Nagar Shopping Plaza,Chennai,Tamil Nadu,Home_Garden,388393.54,0.15,1,Ganesh_Chaturthi_Utsav,30.6,97.04,185.3,7.52,125000
2024-09-06,Store_04,Chennai - T. Nagar Shopping Plaza,Chennai,Tamil Nadu,Pharmacy,270763.86,0.15,1,Ganesh_Chaturthi_Utsav,30.9,97.04,185.3,7.52,125000
2024-09-06,Store_05,Hyderabad - Hitec City Cyber Towers,Hyderabad,Telangana,Grocery,676762.84,0.15,1,Ganesh_Chaturthi_Utsav,26.0,97.04,185.3,7.52,130000
2024-09-06,Store_05,Hyderabad - Hitec City Cyber Towers,Hyderabad,Telangana,Electronics,1131913.52,0.2,1,Ganesh_Chaturthi_Utsav,26.1,97.04,185.3,7.52,130000
2024-09-06,Store_05,Hyderabad - Hitec City Cyber Towers,Hyderabad,Telangana,Apparel,529580.02,0.2,1,Ganesh_Chaturthi_Utsav,26.3,97.04,185.3,7.52,130000
2024-09-06,Store_05,Hyderabad - Hitec City Cyber Towers,Hyderabad,Telangana,Home_Garden,399851.46,0.15,1,Ganesh_Chaturthi_Utsav,25.3,97.04,185.3,7.52,130000
2024-09-06,Store_05,Hyderabad - Hitec City Cyber Towers,Hyderabad,Telangana,Pharmacy,280408.26,0.15,1,Ganesh_Chaturthi_Utsav,25.4,97.04,185.3,7.52,130000
2024-09-06,Store_06,Kolkata - Park Street Cultural Mall,Kolkata,West Bengal,Grocery,614406.94,0.15,1,Ganesh_Chaturthi_Utsav,23.8,97.04,185.3,7.52,110000
2024-09-06,Store_06,Kolkata - Park Street Cultural Mall,Kolkata,West Bengal,Electronics,1048917.47,0.2,1,Ganesh_Chaturthi_Utsav,25.9,97.04,185.3,7.52,110000
2024-09-06,Store_06,Kolkata - Park Street Cultural Mall,Kolkata,West Bengal,Apparel,554192.64,0.2,1,Ganesh_Chaturthi_Utsav,24.1,97.04,185.3,7.52,110000
2024-09-06,Store_06,Kolkata - Park Street Cultural Mall,Kolkata,West Bengal,Home_Garden,357086.58,0.15,1,Ganesh_Chaturthi_Utsav,24.6,97.04,185.3,7.52,110000
2024-09-06,Store_06,Kolkata - Park Street Cultural Mall,Kolkata,West Bengal,Pharmacy,264359.35,0.15,1,Ganesh_Chaturthi_Utsav,24.6,97.04,185.3,7.52,110000
2024-09-06,Store_07,Pune - Kothrud Commercial Hub,Pune,Maharashtra,Grocery,564138.97,0.15,1,Ganesh_Chaturthi_Utsav,25.6,97.04,185.3,7.52,95000
2024-09-06,Store_07,Pune - Kothrud Commercial Hub,Pune,Maharashtra,Electronics,903571.91,0.2,1,Ganesh_Chaturthi_Utsav,26.6,97.04,185.3,7.52,95000
2024-09-06,Store_07,Pune - Kothrud Commercial Hub,Pune,Maharashtra,Apparel,543842.72,0.2,1,Ganesh_Chaturthi_Utsav,25.2,97.04,185.3,7.52,95000
2024-09-06,Store_07,Pune - Kothrud Commercial Hub,Pune,Maharashtra,Home_Garden,365202.03,0.15,1,Ganesh_Chaturthi_Utsav,24.8,97.04,185.3,7.52,95000
2024-09-06,Store_07,Pune - Kothrud Commercial Hub,Pune,Maharashtra,Pharmacy,256541.67,0.15,1,Ganesh_Chaturthi_Utsav,27.3,97.04,185.3,7.52,95000
2024-09-06,Store_08,Ahmedabad - SG Highway Hypermarket,Ahmedabad,Gujarat,Grocery,649914.49,0.15,1,Ganesh_Chaturthi_Utsav,29.1,97.04,185.3,7.52,120000
2024-09-06,Store_08,Ahmedabad - SG Highway Hypermarket,Ahmedabad,Gujarat,Electronics,1009908.79,0.2,1,Ganesh_Chaturthi_Utsav,30.0,97.04,185.3,7.52,120000
2024-09-06,Store_08,Ahmedabad - SG Highway Hypermarket,Ahmedabad,Gujarat,Apparel,584829.93,0.2,1,Ganesh_Chaturthi_Utsav,30.3,97.04,185.3,7.52,120000
2024-09-06,Store_08,Ahmedabad - SG Highway Hypermarket,Ahmedabad,Gujarat,Home_Garden,377931.05,0.15,1,Ganesh_Chaturthi_Utsav,28.1,97.04,185.3,7.52,120000
2024-09-06,Store_08,Ahmedabad - SG Highway Hypermarket,Ahmedabad,Gujarat,Pharmacy,250785.7,0.15,1,Ganesh_Chaturthi_Utsav,28.1,97.04,185.3,7.52,120000
2024-09-06,Store_09,Jaipur - MI Road Heritage Store,Jaipur,Rajasthan,Grocery,548583.97,0.15,1,Ganesh_Chaturthi_Utsav,30.2,97.04,185.3,7.52,85000
2024-09-06,Store_09,Jaipur - MI Road Heritage Store,Jaipur,Rajasthan,Electronics,916444.02,0.2,1,Ganesh_Chaturthi_Utsav,28.9,97.04,185.3,7.52,85000
2024-09-06,Store_09,Jaipur - MI Road Heritage Store,Jaipur,Rajasthan,Apparel,483674.6,0.2,1,Ganesh_Chaturthi_Utsav,28.7,97.04,185.3,7.52,85000
2024-09-06,Store_09,Jaipur - MI Road Heritage Store,Jaipur,Rajasthan,Home_Garden,334551.72,0.15,1,Ganesh_Chaturthi_Utsav,30.1,97.04,185.3,7.52,85000
2024-09-06,Store_09,Jaipur - MI Road Heritage Store,Jaipur,Rajasthan,Pharmacy,225840.79,0.15,1,Ganesh_Chaturthi_Utsav,29.4,97.04,185.3,7.52,85000
2024-09-06,Store_10,Kochi - Marine Drive Coastal Mall,Kochi,Kerala,Grocery,546570.02,0.15,1,Ganesh_Chaturthi_Utsav,29.8,97.04,185.3,7.52,90000
2024-09-06,Store_10,Kochi - Marine Drive Coastal Mall,Kochi,Kerala,Electronics,921121.29,0.2,1,Ganesh_Chaturthi_Utsav,29.8,97.04,185.3,7.52,90000
2024-09-06,Store_10,Kochi - Marine Drive Coastal Mall,Kochi,Kerala,Apparel,514416.75,0.2,1,Ganesh_Chaturthi_Utsav,28.6,97.04,185.3,7.52,90000
2024-09-06,Store_10,Kochi - Marine Drive Coastal Mall,Kochi,Kerala,Home_Garden,347002.26,0.15,1,Ganesh_Chaturthi_Utsav,29.4,97.04,185.3,7.52,90000
2024-09-06,Store_10,Kochi - Marine Drive Coastal Mall,Kochi,Kerala,Pharmacy,234874.51,0.15,1,Ganesh_Chaturthi_Utsav,27.5,97.04,185.3,7.52,90000
2024-09-13,Store_01,Mumbai - Bandra Kurla Complex (BKC),Mumbai,Maharashtra,Grocery,471235.17,0.0,0,Regular_Week,34.4,98.75,185.1,6.9,165000
2024-09-13,Store_01,Mumbai - Bandra Kurla Complex (BKC),Mumbai,Maharashtra,Electronics,660116.04,0.0,0,Regular_Week,33.6,98.75,185.1,6.9,165000
2024-09-13,Store_01,Mumbai - Bandra Kurla Complex (BKC),Mumbai,Maharashtra,Apparel,376319.65,0.0,0,Regular_Week,34.1,98.75,185.1,6.9,165000
2024-09-13,Store_01,Mumbai - Bandra Kurla Complex (BKC),Mumbai,Maharashtra,Home_Garden,267810.81,0.0,0,Regular_Week,33.0,98.75,185.1,6.9,165000
2024-09-13,Store_01,Mumbai - Bandra Kurla Complex (BKC),Mumbai,Maharashtra,Pharmacy,221989.29,0.05,0,Regular_Week,34.3,98.75,185.1,6.9,165000
2024-09-13,Store_02,Bengaluru - Indiranagar Tech Hub,Bengaluru,Karnataka,Grocery,444067.9,0.0,0,Regular_Week,31.4,98.75,185.1,6.9,140000
2024-09-13,Store_02,Bengaluru - Indiranagar Tech Hub,Bengaluru,Karnataka,Electronics,681795.0,0.0,0,Regular_Week,31.0,98.75,185.1,6.9,140000
2024-09-13,Store_02,Bengaluru - Indiranagar Tech Hub,Bengaluru,Karnataka,Apparel,436292.71,0.15,0,Regular_Week,31.9,98.75,185.1,6.9,140000
2024-09-13,Store_02,Bengaluru - Indiranagar Tech Hub,Bengaluru,Karnataka,Home_Garden,301517.28,0.15,0,Regular_Week,31.9,98.75,185.1,6.9,140000
2024-09-13,Store_02,Bengaluru - Indiranagar Tech Hub,Bengaluru,Karnataka,Pharmacy,209010.66,0.1,0,Regular_Week,30.6,98.75,185.1,6.9,140000
2024-09-13,Store_03,New Delhi - Connaught Place Flagship,New Delhi,Delhi NCR,Grocery,410860.31,0.05,0,Regular_Week,29.7,98.75,185.1,6.9,150000
2024-09-13,Store_03,New Delhi - Connaught Place Flagship,New Delhi,Delhi NCR,Electronics,673408.24,0.0,0,Regular_Week,29.1,98.75,185.1,6.9,150000
2024-09-13,Store_03,New Delhi - Connaught Place Flagship,New Delhi,Delhi NCR,Apparel,483232.83,0.15,0,Regular_Week,29.8,98.75,185.1,6.9,150000
2024-09-13,Store_03,New Delhi - Connaught Place Flagship,New Delhi,Delhi NCR,Home_Garden,292153.5,0.1,0,Regular_Week,29.1,98.75,185.1,6.9,150000
2024-09-13,Store_03,New Delhi - Connaught Place Flagship,New Delhi,Delhi NCR,Pharmacy,199820.85,0.0,0,Regular_Week,31.0,98.75,185.1,6.9,150000
2024-09-13,Store_04,Chennai - T. Nagar Shopping Plaza,Chennai,Tamil Nadu,Grocery,371915.61,0.0,0,Regular_Week,29.7,98.75,185.1,6.9,125000
2024-09-13,Store_04,Chennai - T. Nagar Shopping Plaza,Chennai,Tamil Nadu,Electronics,592459.52,0.0,0,Regular_Week,30.5,98.75,185.1,6.9,125000
2024-09-13,Store_04,Chennai - T. Nagar Shopping Plaza,Chennai,Tamil Nadu,Apparel,361406.98,0.1,0,Regular_Week,30.4,98.75,185.1,6.9,125000
2024-09-13,Store_04,Chennai - T. Nagar Shopping Plaza,Chennai,Tamil Nadu,Home_Garden,209320.77,0.0,0,Regular_Week,30.5,98.75,185.1,6.9,125000
2024-09-13,Store_04,Chennai - T. Nagar Shopping Plaza,Chennai,Tamil Nadu,Pharmacy,182434.36,0.05,0,Regular_Week,30.5,98.75,185.1,6.9,125000
2024-09-13,Store_05,Hyderabad - Hitec City Cyber Towers,Hyderabad,Telangana,Grocery,415745.74,0.0,0,Regular_Week,29.6,98.75,185.1,6.9,130000
2024-09-13,Store_05,Hyderabad - Hitec City Cyber Towers,Hyderabad,Telangana,Electronics,665972.57,0.05,0,Regular_Week,29.8,98.75,185.1,6.9,130000
2024-09-13,Store_05,Hyderabad - Hitec City Cyber Towers,Hyderabad,Telangana,Apparel,320556.21,0.0,0,Regular_Week,31.4,98.75,185.1,6.9,130000
2024-09-13,Store_05,Hyderabad - Hitec City Cyber Towers,Hyderabad,Telangana,Home_Garden,243966.88,0.0,0,Regular_Week,30.2,98.75,185.1,6.9,130000
2024-09-13,Store_05,Hyderabad - Hitec City Cyber Towers,Hyderabad,Telangana,Pharmacy,194134.38,0.0,0,Regular_Week,29.3,98.75,185.1,6.9,130000
2024-09-13,Store_06,Kolkata - Park Street Cultural Mall,Kolkata,West Bengal,Grocery,363964.85,0.0,0,Regular_Week,22.1,98.75,185.1,6.9,110000
2024-09-13,Store_06,Kolkata - Park Street Cultural Mall,Kolkata,West Bengal,Electronics,671583.18,0.15,0,Regular_Week,20.9,98.75,185.1,6.9,110000
2024-09-13,Store_06,Kolkata - Park Street Cultural Mall,Kolkata,West Bengal,Apparel,373776.93,0.15,0,Regular_Week,23.0,98.75,185.1,6.9,110000
2024-09-13,Store_06,Kolkata - Park Street Cultural Mall,Kolkata,West Bengal,Home_Garden,224240.66,0.0,0,Regular_Week,23.7,98.75,185.1,6.9,110000
2024-09-13,Store_06,Kolkata - Park Street Cultural Mall,Kolkata,West Bengal,Pharmacy,157604.98,0.0,0,Regular_Week,20.9,98.75,185.1,6.9,110000
2024-09-13,Store_07,Pune - Kothrud Commercial Hub,Pune,Maharashtra,Grocery,361040.25,0.0,0,Regular_Week,27.3,98.75,185.1,6.9,95000
2024-09-13,Store_07,Pune - Kothrud Commercial Hub,Pune,Maharashtra,Electronics,503975.82,0.0,0,Regular_Week,25.7,98.75,185.1,6.9,95000
2024-09-13,Store_07,Pune - Kothrud Commercial Hub,Pune,Maharashtra,Apparel,292877.11,0.0,0,Regular_Week,25.8,98.75,185.1,6.9,95000
2024-09-13,Store_07,Pune - Kothrud Commercial Hub,Pune,Maharashtra,Home_Garden,198886.7,0.0,0,Regular_Week,25.7,98.75,185.1,6.9,95000
2024-09-13,Store_07,Pune - Kothrud Commercial Hub,Pune,Maharashtra,Pharmacy,167327.73,0.0,0,Regular_Week,27.9,98.75,185.1,6.9,95000
2024-09-13,Store_08,Ahmedabad - SG Highway Hypermarket,Ahmedabad,Gujarat,Grocery,410078.65,0.0,0,Regular_Week,27.5,98.75,185.1,6.9,120000
2024-09-13,Store_08,Ahmedabad - SG Highway Hypermarket,Ahmedabad,Gujarat,Electronics,603429.32,0.0,0,Regular_Week,26.2,98.75,185.1,6.9,120000
2024-09-13,Store_08,Ahmedabad - SG Highway Hypermarket,Ahmedabad,Gujarat,Apparel,305318.62,0.0,0,Regular_Week,27.6,98.75,185.1,6.9,120000
2024-09-13,Store_08,Ahmedabad - SG Highway Hypermarket,Ahmedabad,Gujarat,Home_Garden,260745.99,0.1,0,Regular_Week,27.9,98.75,185.1,6.9,120000
2024-09-13,Store_08,Ahmedabad - SG Highway Hypermarket,Ahmedabad,Gujarat,Pharmacy,171833.93,0.0,0,Regular_Week,26.4,98.75,185.1,6.9,120000
2024-09-13,Store_09,Jaipur - MI Road Heritage Store,Jaipur,Rajasthan,Grocery,344542.11,0.0,0,Regular_Week,29.0,98.75,185.1,6.9,85000
2024-09-13,Store_09,Jaipur - MI Road Heritage Store,Jaipur,Rajasthan,Electronics,527688.24,0.0,0,Regular_Week,28.6,98.75,185.1,6.9,85000
2024-09-13,Store_09,Jaipur - MI Road Heritage Store,Jaipur,Rajasthan,Apparel,331412.88,0.15,0,Regular_Week,29.9,98.75,185.1,6.9,85000
2024-09-13,Store_09,Jaipur - MI Road Heritage Store,Jaipur,Rajasthan,Home_Garden,200075.23,0.0,0,Regular_Week,29.0,98.75,185.1,6.9,85000
2024-09-13,Store_09,Jaipur - MI Road Heritage Store,Jaipur,Rajasthan,Pharmacy,172312.11,0.1,0,Regular_Week,30.0,98.75,185.1,6.9,85000
2024-09-13,Store_10,Kochi - Marine Drive Coastal Mall,Kochi,Kerala,Grocery,329229.79,0.0,0,Regular_Week,31.7,98.75,185.1,6.9,90000
2024-09-13,Store_10,Kochi - Marine Drive Coastal Mall,Kochi,Kerala,Electronics,477446.92,0.0,0,Regular_Week,32.3,98.75,185.1,6.9,90000
2024-09-13,Store_10,Kochi - Marine Drive Coastal Mall,Kochi,Kerala,Apparel,256975.53,0.0,0,Regular_Week,32.9,98.75,185.1,6.9,90000
2024-09-13,Store_10,Kochi - Marine Drive Coastal Mall,Kochi,Kerala,Home_Garden,201780.06,0.0,0,Regular_Week,34.4,98.75,185.1,6.9,90000
2024-09-13,Store_10,Kochi - Marine Drive Coastal Mall,Kochi,Kerala,Pharmacy,140464.48,0.05,0,Regular_Week,32.9,98.75,185.1,6.9,90000
2024-09-20,Store_01,Mumbai - Bandra Kurla Complex (BKC),Mumbai,Maharashtra,Grocery,478931.19,0.0,0,Regular_Week,33.8,97.01,185.4,6.83,165000
2024-09-20,Store_01,Mumbai - Bandra Kurla Complex (BKC),Mumbai,Maharashtra,Electronics,722946.35,0.0,0,Regular_Week,33.7,97.01,185.4,6.83,165000
2024-09-20,Store_01,Mumbai - Bandra Kurla Complex (BKC),Mumbai,Maharashtra,Apparel,452278.91,0.1,0,Regular_Week,32.0,97.01,185.4,6.83,165000
2024-09-20,Store_01,Mumbai - Bandra Kurla Complex (BKC),Mumbai,Maharashtra,Home_Garden,269208.12,0.0,0,Regular_Week,32.9,97.01,185.4,6.83,165000
2024-09-20,Store_01,Mumbai - Bandra Kurla Complex (BKC),Mumbai,Maharashtra,Pharmacy,243267.71,0.1,0,Regular_Week,34.9,97.01,185.4,6.83,165000
2024-09-20,Store_02,Bengaluru - Indiranagar Tech Hub,Bengaluru,Karnataka,Grocery,517320.9,0.15,0,Regular_Week,25.2,97.01,185.4,6.83,140000
2024-09-20,Store_02,Bengaluru - Indiranagar Tech Hub,Bengaluru,Karnataka,Electronics,632763.6,0.0,0,Regular_Week,25.2,97.01,185.4,6.83,140000
2024-09-20,Store_02,Bengaluru - Indiranagar Tech Hub,Bengaluru,Karnataka,Apparel,320510.89,0.0,0,Regular_Week,27.5,97.01,185.4,6.83,140000
2024-09-20,Store_02,Bengaluru - Indiranagar Tech Hub,Bengaluru,Karnataka,Home_Garden,271192.63,0.0,0,Regular_Week,26.0,97.01,185.4,6.83,140000
2024-09-20,Store_02,Bengaluru - Indiranagar Tech Hub,Bengaluru,Karnataka,Pharmacy,180820.95,0.0,0,Regular_Week,26.8,97.01,185.4,6.83,140000
2024-09-20,Store_03,New Delhi - Connaught Place Flagship,New Delhi,Delhi NCR,Grocery,465932.21,0.0,0,Regular_Week,29.2,97.01,185.4,6.83,150000
2024-09-20,Store_03,New Delhi - Connaught Place Flagship,New Delhi,Delhi NCR,Electronics,682812.61,0.0,0,Regular_Week,31.2,97.01,185.4,6.83,150000
2024-09-20,Store_03,New Delhi - Connaught Place Flagship,New Delhi,Delhi NCR,Apparel,360182.35,0.0,0,Regular_Week,29.6,97.01,185.4,6.83,150000
2024-09-20,Store_03,New Delhi - Connaught Place Flagship,New Delhi,Delhi NCR,Home_Garden,295054.93,0.1,0,Regular_Week,30.7,97.01,185.4,6.83,150000
2024-09-20,Store_03,New Delhi - Connaught Place Flagship,New Delhi,Delhi NCR,Pharmacy,216118.43,0.1,0,Regular_Week,31.1,97.01,185.4,6.83,150000
2024-09-20,Store_04,Chennai - T. Nagar Shopping Plaza,Chennai,Tamil Nadu,Grocery,385122.23,0.0,0,Regular_Week,26.9,97.01,185.4,6.83,125000
2024-09-20,Store_04,Chennai - T. Nagar Shopping Plaza,Chennai,Tamil Nadu,Electronics,633010.82,0.0,0,Regular_Week,26.5,97.01,185.4,6.83,125000
2024-09-20,Store_04,Chennai - T. Nagar Shopping Plaza,Chennai,Tamil Nadu,Apparel,340538.92,0.0,0,Regular_Week,29.2,97.01,185.4,6.83,125000
2024-09-20,Store_04,Chennai - T. Nagar Shopping Plaza,Chennai,Tamil Nadu,Home_Garden,245793.17,0.15,0,Regular_Week,29.0,97.01,185.4,6.83,125000
2024-09-20,Store_04,Chennai - T. Nagar Shopping Plaza,Chennai,Tamil Nadu,Pharmacy,217294.57,0.15,0,Regular_Week,26.7,97.01,185.4,6.83,125000
2024-09-20,Store_05,Hyderabad - Hitec City Cyber Towers,Hyderabad,Telangana,Grocery,406509.25,0.0,0,Regular_Week,30.2,97.01,185.4,6.83,130000
2024-09-20,Store_05,Hyderabad - Hitec City Cyber Towers,Hyderabad,Telangana,Electronics,624965.29,0.0,0,Regular_Week,31.0,97.01,185.4,6.83,130000
2024-09-20,Store_05,Hyderabad - Hitec City Cyber Towers,Hyderabad,Telangana,Apparel,342592.44,0.05,0,Regular_Week,32.0,97.01,185.4,6.83,130000
2024-09-20,Store_05,Hyderabad - Hitec City Cyber Towers,Hyderabad,Telangana,Home_Garden,226028.81,0.0,0,Regular_Week,31.9,97.01,185.4,6.83,130000
2024-09-20,Store_05,Hyderabad - Hitec City Cyber Towers,Hyderabad,Telangana,Pharmacy,162499.11,0.0,0,Regular_Week,31.0,97.01,185.4,6.83,130000
2024-09-20,Store_06,Kolkata - Park Street Cultural Mall,Kolkata,West Bengal,Grocery,396268.08,0.0,0,Regular_Week,26.4,97.01,185.4,6.83,110000
2024-09-20,Store_06,Kolkata - Park Street Cultural Mall,Kolkata,West Bengal,Electronics,562693.62,0.0,0,Regular_Week,28.7,97.01,185.4,6.83,110000
2024-09-20,Store_06,Kolkata - Park Street Cultural Mall,Kolkata,West Bengal,Apparel,376492.71,0.15,0,Regular_Week,27.1,97.01,185.4,6.83,110000
2024-09-20,Store_06,Kolkata - Park Street Cultural Mall,Kolkata,West Bengal,Home_Garden,229700.43,0.0,0,Regular_Week,26.9,97.01,185.4,6.83,110000
2024-09-20,Store_06,Kolkata - Park Street Cultural Mall,Kolkata,West Bengal,Pharmacy,158734.74,0.05,0,Regular_Week,28.6,97.01,185.4,6.83,110000
2024-09-20,Store_07,Pune - Kothrud Commercial Hub,Pune,Maharashtra,Grocery,348711.69,0.0,0,Regular_Week,30.9,97.01,185.4,6.83,95000
2024-09-20,Store_07,Pune - Kothrud Commercial Hub,Pune,Maharashtra,Electronics,687658.82,0.1,0,Regular_Week,29.9,97.01,185.4,6.83,95000
2024-09-20,Store_07,Pune - Kothrud Commercial Hub,Pune,Maharashtra,Apparel,298594.79,0.05,0,Regular_Week,31.5,97.01,185.4,6.83,95000
2024-09-20,Store_07,Pune - Kothrud Commercial Hub,Pune,Maharashtra,Home_Garden,263490.63,0.15,0,Regular_Week,30.8,97.01,185.4,6.83,95000
2024-09-20,Store_07,Pune - Kothrud Commercial Hub,Pune,Maharashtra,Pharmacy,193221.06,0.15,0,Regular_Week,31.9,97.01,185.4,6.83,95000
2024-09-20,Store_08,Ahmedabad - SG Highway Hypermarket,Ahmedabad,Gujarat,Grocery,416364.29,0.0,0,Regular_Week,30.3,97.01,185.4,6.83,120000
2024-09-20,Store_08,Ahmedabad - SG Highway Hypermarket,Ahmedabad,Gujarat,Electronics,680992.98,0.1,0,Regular_Week,29.5,97.01,185.4,6.83,120000
2024-09-20,Store_08,Ahmedabad - SG Highway Hypermarket,Ahmedabad,Gujarat,Apparel,302518.31,0.0,0,Regular_Week,28.2,97.01,185.4,6.83,120000
2024-09-20,Store_08,Ahmedabad - SG Highway Hypermarket,Ahmedabad,Gujarat,Home_Garden,222707.36,0.0,0,Regular_Week,29.9,97.01,185.4,6.83,120000
2024-09-20,Store_08,Ahmedabad - SG Highway Hypermarket,Ahmedabad,Gujarat,Pharmacy,163786.52,0.05,0,Regular_Week,29.2,97.01,185.4,6.83,120000
2024-09-20,Store_09,Jaipur - MI Road Heritage Store,Jaipur,Rajasthan,Grocery,329649.8,0.0,0,Regular_Week,31.1,97.01,185.4,6.83,85000
2024-09-20,Store_09,Jaipur - MI Road Heritage Store,Jaipur,Rajasthan,Electronics,537053.82,0.0,0,Regular_Week,31.3,97.01,185.4,6.83,85000
2024-09-20,Store_09,Jaipur - MI Road Heritage Store,Jaipur,Rajasthan,Apparel,268078.48,0.0,0,Regular_Week,29.9,97.01,185.4,6.83,85000
2024-09-20,Store_09,Jaipur - MI Road Heritage Store,Jaipur,Rajasthan,Home_Garden,218447.55,0.05,0,Regular_Week,30.5,97.01,185.4,6.83,85000
2024-09-20,Store_09,Jaipur - MI Road Heritage Store,Jaipur,Rajasthan,Pharmacy,144588.74,0.1,0,Regular_Week,29.3,97.01,185.4,6.83,85000
2024-09-20,Store_10,Kochi - Marine Drive Coastal Mall,Kochi,Kerala,Grocery,362404.9,0.0,0,Regular_Week,30.2,97.01,185.4,6.83,90000
2024-09-20,Store_10,Kochi - Marine Drive Coastal Mall,Kochi,Kerala,Electronics,679749.69,0.15,0,Regular_Week,31.0,97.01,185.4,6.83,90000
2024-09-20,Store_10,Kochi - Marine Drive Coastal Mall,Kochi,Kerala,Apparel,290702.53,0.05,0,Regular_Week,31.9,97.01,185.4,6.83,90000
2024-09-20,Store_10,Kochi - Marine Drive Coastal Mall,Kochi,Kerala,Home_Garden,202903.98,0.0,0,Regular_Week,32.1,97.01,185.4,6.83,90000
2024-09-20,Store_10,Kochi - Marine Drive Coastal Mall,Kochi,Kerala,Pharmacy,145697.96,0.0,0,Regular_Week,30.8,97.01,185.4,6.83,90000
2024-09-27,Store_01,Mumbai - Bandra Kurla Complex (BKC),Mumbai,Maharashtra,Grocery,466984.69,0.0,0,Regular_Week,28.5,96.7,185.4,7.07,165000
2024-09-27,Store_01,Mumbai - Bandra Kurla Complex (BKC),Mumbai,Maharashtra,Electronics,987206.49,0.15,0,Regular_Week,27.9,96.7,185.4,7.07,165000
2024-09-27,Store_01,Mumbai - Bandra Kurla Complex (BKC),Mumbai,Maharashtra,Apparel,379653.14,0.0,0,Regular_Week,29.6,96.7,185.4,7.07,165000
2024-09-27,Store_01,Mumbai - Bandra Kurla Complex (BKC),Mumbai,Maharashtra,Home_Garden,307527.88,0.0,0,Regular_Week,29.1,96.7,185.4,7.07,165000
2024-09-27,Store_01,Mumbai - Bandra Kurla Complex (BKC),Mumbai,Maharashtra,Pharmacy,228868.37,0.1,0,Regular_Week,29.2,96.7,185.4,7.07,165000
2024-09-27,Store_02,Bengaluru - Indiranagar Tech Hub,Bengaluru,Karnataka,Grocery,533515.21,0.15,0,Regular_Week,26.6,96.7,185.4,7.07,140000
2024-09-27,Store_02,Bengaluru - Indiranagar Tech Hub,Bengaluru,Karnataka,Electronics,824859.21,0.15,0,Regular_Week,24.4,96.7,185.4,7.07,140000
2024-09-27,Store_02,Bengaluru - Indiranagar Tech Hub,Bengaluru,Karnataka,Apparel,301664.68,0.0,0,Regular_Week,27.0,96.7,185.4,7.07,140000
2024-09-27,Store_02,Bengaluru - Indiranagar Tech Hub,Bengaluru,Karnataka,Home_Garden,247014.02,0.0,0,Regular_Week,25.0,96.7,185.4,7.07,140000
2024-09-27,Store_02,Bengaluru - Indiranagar Tech Hub,Bengaluru,Karnataka,Pharmacy,207580.24,0.0,0,Regular_Week,26.2,96.7,185.4,7.07,140000
2024-09-27,Store_03,New Delhi - Connaught Place Flagship,New Delhi,Delhi NCR,Grocery,431136.64,0.0,0,Regular_Week,28.8,96.7,185.4,7.07,150000
2024-09-27,Store_03,New Delhi - Connaught Place Flagship,New Delhi,Delhi NCR,Electronics,638610.67,0.0,0,Regular_Week,30.2,96.7,185.4,7.07,150000
2024-09-27,Store_03,New Delhi - Connaught Place Flagship,New Delhi,Delhi NCR,Apparel,342403.83,0.0,0,Regular_Week,30.1,96.7,185.4,7.07,150000
2024-09-27,Store_03,New Delhi - Connaught Place Flagship,New Delhi,Delhi NCR,Home_Garden,251981.56,0.0,0,Regular_Week,30.3,96.7,185.4,7.07,150000
2024-09-27,Store_03,New Delhi - Connaught Place Flagship,New Delhi,Delhi NCR,Pharmacy,183309.2,0.0,0,Regular_Week,30.5,96.7,185.4,7.07,150000
2024-09-27,Store_04,Chennai - T. Nagar Shopping Plaza,Chennai,Tamil Nadu,Grocery,382310.51,0.0,0,Regular_Week,32.7,96.7,185.4,7.07,125000
2024-09-27,Store_04,Chennai - T. Nagar Shopping Plaza,Chennai,Tamil Nadu,Electronics,638338.72,0.0,0,Regular_Week,32.5,96.7,185.4,7.07,125000
2024-09-27,Store_04,Chennai - T. Nagar Shopping Plaza,Chennai,Tamil Nadu,Apparel,307168.83,0.0,0,Regular_Week,32.7,96.7,185.4,7.07,125000
2024-09-27,Store_04,Chennai - T. Nagar Shopping Plaza,Chennai,Tamil Nadu,Home_Garden,226890.0,0.0,0,Regular_Week,31.7,96.7,185.4,7.07,125000
2024-09-27,Store_04,Chennai - T. Nagar Shopping Plaza,Chennai,Tamil Nadu,Pharmacy,171416.46,0.0,0,Regular_Week,32.1,96.7,185.4,7.07,125000
2024-09-27,Store_05,Hyderabad - Hitec City Cyber Towers,Hyderabad,Telangana,Grocery,405447.79,0.0,0,Regular_Week,30.7,96.7,185.4,7.07,130000
2024-09-27,Store_05,Hyderabad - Hitec City Cyber Towers,Hyderabad,Telangana,Electronics,753386.0,0.15,0,Regular_Week,30.7,96.7,185.4,7.07,130000
2024-09-27,Store_05,Hyderabad - Hitec City Cyber Towers,Hyderabad,Telangana,Apparel,370282.26,0.1,0,Regular_Week,30.7,96.7,185.4,7.07,130000
2024-09-27,Store_05,Hyderabad - Hitec City Cyber Towers,Hyderabad,Telangana,Home_Garden,230697.85,0.0,0,Regular_Week,32.9,96.7,185.4,7.07,130000
2024-09-27,Store_05,Hyderabad - Hitec City Cyber Towers,Hyderabad,Telangana,Pharmacy,179059.9,0.0,0,Regular_Week,30.3,96.7,185.4,7.07,130000
2024-09-27,Store_06,Kolkata - Park Street Cultural Mall,Kolkata,West Bengal,Grocery,376305.62,0.05,0,Regular_Week,27.0,96.7,185.4,7.07,110000
2024-09-27,Store_06,Kolkata - Park Street Cultural Mall,Kolkata,West Bengal,Electronics,557875.28,0.0,0,Regular_Week,28.2,96.7,185.4,7.07,110000
2024-09-27,Store_06,Kolkata - Park Street Cultural Mall,Kolkata,West Bengal,Apparel,293991.37,0.0,0,Regular_Week,26.7,96.7,185.4,7.07,110000
2024-09-27,Store_06,Kolkata - Park Street Cultural Mall,Kolkata,West Bengal,Home_Garden,224438.32,0.0,0,Regular_Week,26.3,96.7,185.4,7.07,110000
2024-09-27,Store_06,Kolkata - Park Street Cultural Mall,Kolkata,West Bengal,Pharmacy,178326.39,0.1,0,Regular_Week,25.7,96.7,185.4,7.07,110000
2024-09-27,Store_07,Pune - Kothrud Commercial Hub,Pune,Maharashtra,Grocery,364933.14,0.0,0,Regular_Week,30.7,96.7,185.4,7.07,95000
2024-09-27,Store_07,Pune - Kothrud Commercial Hub,Pune,Maharashtra,Electronics,534089.7,0.0,0,Regular_Week,30.4,96.7,185.4,7.07,95000
2024-09-27,Store_07,Pune - Kothrud Commercial Hub,Pune,Maharashtra,Apparel,321610.66,0.1,0,Regular_Week,30.8,96.7,185.4,7.07,95000
2024-09-27,Store_07,Pune - Kothrud Commercial Hub,Pune,Maharashtra,Home_Garden,219350.81,0.0,0,Regular_Week,30.2,96.7,185.4,7.07,95000
2024-09-27,Store_07,Pune - Kothrud Commercial Hub,Pune,Maharashtra,Pharmacy,171377.48,0.15,0,Regular_Week,30.6,96.7,185.4,7.07,95000
2024-09-27,Store_08,Ahmedabad - SG Highway Hypermarket,Ahmedabad,Gujarat,Grocery,463513.8,0.1,0,Regular_Week,32.1,96.7,185.4,7.07,120000
2024-09-27,Store_08,Ahmedabad - SG Highway Hypermarket,Ahmedabad,Gujarat,Electronics,647520.65,0.1,0,Regular_Week,30.4,96.7,185.4,7.07,120000
2024-09-27,Store_08,Ahmedabad - SG Highway Hypermarket,Ahmedabad,Gujarat,Apparel,361424.17,0.1,0,Regular_Week,30.7,96.7,185.4,7.07,120000
2024-09-27,Store_08,Ahmedabad - SG Highway Hypermarket,Ahmedabad,Gujarat,Home_Garden,248419.35,0.0,0,Regular_Week,30.8,96.7,185.4,7.07,120000
2024-09-27,Store_08,Ahmedabad - SG Highway Hypermarket,Ahmedabad,Gujarat,Pharmacy,211049.12,0.15,0,Regular_Week,31.9,96.7,185.4,7.07,120000
2024-09-27,Store_09,Jaipur - MI Road Heritage Store,Jaipur,Rajasthan,Grocery,330752.94,0.0,0,Regular_Week,30.1,96.7,185.4,7.07,85000
2024-09-27,Store_09,Jaipur - MI Road Heritage Store,Jaipur,Rajasthan,Electronics,499791.64,0.0,0,Regular_Week,31.3,96.7,185.4,7.07,85000
2024-09-27,Store_09,Jaipur - MI Road Heritage Store,Jaipur,Rajasthan,Apparel,297162.48,0.0,0,Regular_Week,30.7,96.7,185.4,7.07,85000
2024-09-27,Store_09,Jaipur - MI Road Heritage Store,Jaipur,Rajasthan,Home_Garden,242994.75,0.15,0,Regular_Week,29.4,96.7,185.4,7.07,85000
2024-09-27,Store_09,Jaipur - MI Road Heritage Store,Jaipur,Rajasthan,Pharmacy,135806.35,0.0,0,Regular_Week,29.0,96.7,185.4,7.07,85000
2024-09-27,Store_10,Kochi - Marine Drive Coastal Mall,Kochi,Kerala,Grocery,360989.17,0.0,0,Regular_Week,31.3,96.7,185.4,7.07,90000
2024-09-27,Store_10,Kochi - Marine Drive Coastal Mall,Kochi,Kerala,Electronics,603280.46,0.15,0,Regular_Week,31.5,96.7,185.4,7.07,90000
2024-09-27,Store_10,Kochi - Marine Drive Coastal Mall,Kochi,Kerala,Apparel,274076.7,0.0,0,Regular_Week,31.4,96.7,185.4,7.07,90000
2024-09-27,Store_10,Kochi - Marine Drive Coastal Mall,Kochi,Kerala,Home_Garden,244761.14,0.15,0,Regular_Week,30.4,96.7,185.4,7.07,90000
2024-09-27,Store_10,Kochi - Marine Drive Coastal Mall,Kochi,Kerala,Pharmacy,180963.25,0.1,0,Regular_Week,30.4,96.7,185.4,7.07,90000
2024-10-04,Store_01,Mumbai - Bandra Kurla Complex (BKC),Mumbai,Maharashtra,Grocery,508693.15,0.1,0,Regular_Week,32.1,100.7,185.6,7.41,165000
2024-10-04,Store_01,Mumbai - Bandra Kurla Complex (BKC),Mumbai,Maharashtra,Electronics,793537.98,0.1,0,Regular_Week,31.8,100.7,185.6,7.41,165000
2024-10-04,Store_01,Mumbai - Bandra Kurla Complex (BKC),Mumbai,Maharashtra,Apparel,385148.65,0.0,0,Regular_Week,31.4,100.7,185.6,7.41,165000
2024-10-04,Store_01,Mumbai - Bandra Kurla Complex (BKC),Mumbai,Maharashtra,Home_Garden,309028.37,0.1,0,Regular_Week,31.8,100.7,185.6,7.41,165000
2024-10-04,Store_01,Mumbai - Bandra Kurla Complex (BKC),Mumbai,Maharashtra,Pharmacy,203808.67,0.0,0,Regular_Week,31.9,100.7,185.6,7.41,165000
2024-10-04,Store_02,Bengaluru - Indiranagar Tech Hub,Bengaluru,Karnataka,Grocery,423216.32,0.0,0,Regular_Week,29.0,100.7,185.6,7.41,140000
2024-10-04,Store_02,Bengaluru - Indiranagar Tech Hub,Bengaluru,Karnataka,Electronics,657334.23,0.0,0,Regular_Week,30.6,100.7,185.6,7.41,140000
2024-10-04,Store_02,Bengaluru - Indiranagar Tech Hub,Bengaluru,Karnataka,Apparel,357387.05,0.0,0,Regular_Week,27.7,100.7,185.6,7.41,140000
2024-10-04,Store_02,Bengaluru - Indiranagar Tech Hub,Bengaluru,Karnataka,Home_Garden,278223.58,0.0,0,Regular_Week,30.5,100.7,185.6,7.41,140000
2024-10-04,Store_02,Bengaluru - Indiranagar Tech Hub,Bengaluru,Karnataka,Pharmacy,181552.81,0.0,0,Regular_Week,30.5,100.7,185.6,7.41,140000
2024-10-04,Store_03,New Delhi - Connaught Place Flagship,New Delhi,Delhi NCR,Grocery,438960.99,0.0,0,Regular_Week,31.4,100.7,185.6,7.41,150000
2024-10-04,Store_03,New Delhi - Connaught Place Flagship,New Delhi,Delhi NCR,Electronics,683825.73,0.0,0,Regular_Week,30.8,100.7,185.6,7.41,150000
2024-10-04,Store_03,New Delhi - Connaught Place Flagship,New Delhi,Delhi NCR,Apparel,423784.25,0.05,0,Regular_Week,28.5,100.7,185.6,7.41,150000
2024-10-04,Store_03,New Delhi - Connaught Place Flagship,New Delhi,Delhi NCR,Home_Garden,283854.16,0.0,0,Regular_Week,29.2,100.7,185.6,7.41,150000
2024-10-04,Store_03,New Delhi - Connaught Place Flagship,New Delhi,Delhi NCR,Pharmacy,186672.1,0.0,0,Regular_Week,30.2,100.7,185.6,7.41,150000
2024-10-04,Store_04,Chennai - T. Nagar Shopping Plaza,Chennai,Tamil Nadu,Grocery,419932.83,0.1,0,Regular_Week,28.0,100.7,185.6,7.41,125000
2024-10-04,Store_04,Chennai - T. Nagar Shopping Plaza,Chennai,Tamil Nadu,Electronics,565209.31,0.05,0,Regular_Week,27.8,100.7,185.6,7.41,125000
2024-10-04,Store_04,Chennai - T. Nagar Shopping Plaza,Chennai,Tamil Nadu,Apparel,319437.6,0.0,0,Regular_Week,28.8,100.7,185.6,7.41,125000
2024-10-04,Store_04,Chennai - T. Nagar Shopping Plaza,Chennai,Tamil Nadu,Home_Garden,226150.84,0.0,0,Regular_Week,28.0,100.7,185.6,7.41,125000
2024-10-04,Store_04,Chennai - T. Nagar Shopping Plaza,Chennai,Tamil Nadu,Pharmacy,202051.98,0.1,0,Regular_Week,28.4,100.7,185.6,7.41,125000
2024-10-04,Store_05,Hyderabad - Hitec City Cyber Towers,Hyderabad,Telangana,Grocery,472708.3,0.15,0,Regular_Week,28.1,100.7,185.6,7.41,130000
2024-10-04,Store_05,Hyderabad - Hitec City Cyber Towers,Hyderabad,Telangana,Electronics,583964.63,0.0,0,Regular_Week,27.5,100.7,185.6,7.41,130000
2024-10-04,Store_05,Hyderabad - Hitec City Cyber Towers,Hyderabad,Telangana,Apparel,416392.79,0.15,0,Regular_Week,29.4,100.7,185.6,7.41,130000
2024-10-04,Store_05,Hyderabad - Hitec City Cyber Towers,Hyderabad,Telangana,Home_Garden,297024.07,0.15,0,Regular_Week,29.2,100.7,185.6,7.41,130000
2024-10-04,Store_05,Hyderabad - Hitec City Cyber Towers,Hyderabad,Telangana,Pharmacy,200638.44,0.1,0,Regular_Week,27.8,100.7,185.6,7.41,130000
2024-10-04,Store_06,Kolkata - Park Street Cultural Mall,Kolkata,West Bengal,Grocery,368150.2,0.0,0,Regular_Week,30.1,100.7,185.6,7.41,110000
2024-10-04,Store_06,Kolkata - Park Street Cultural Mall,Kolkata,West Bengal,Electronics,587286.9,0.0,0,Regular_Week,30.6,100.7,185.6,7.41,110000
2024-10-04,Store_06,Kolkata - Park Street Cultural Mall,Kolkata,West Bengal,Apparel,332046.5,0.05,0,Regular_Week,30.5,100.7,185.6,7.41,110000
2024-10-04,Store_06,Kolkata - Park Street Cultural Mall,Kolkata,West Bengal,Home_Garden,279207.18,0.15,0,Regular_Week,29.2,100.7,185.6,7.41,110000
2024-10-04,Store_06,Kolkata - Park Street Cultural Mall,Kolkata,West Bengal,Pharmacy,163792.77,0.0,0,Regular_Week,30.1,100.7,185.6,7.41,110000
2024-10-04,Store_07,Pune - Kothrud Commercial Hub,Pune,Maharashtra,Grocery,345484.23,0.0,0,Regular_Week,22.4,100.7,185.6,7.41,95000
2024-10-04,Store_07,Pune - Kothrud Commercial Hub,Pune,Maharashtra,Electronics,524816.61,0.0,0,Regular_Week,21.8,100.7,185.6,7.41,95000
2024-10-04,Store_07,Pune - Kothrud Commercial Hub,Pune,Maharashtra,Apparel,345236.22,0.1,0,Regular_Week,23.6,100.7,185.6,7.41,95000
2024-10-04,Store_07,Pune - Kothrud Commercial Hub,Pune,Maharashtra,Home_Garden,210656.7,0.0,0,Regular_Week,23.7,100.7,185.6,7.41,95000
2024-10-04,Store_07,Pune - Kothrud Commercial Hub,Pune,Maharashtra,Pharmacy,151716.21,0.0,0,Regular_Week,22.2,100.7,185.6,7.41,95000
2024-10-04,Store_08,Ahmedabad - SG Highway Hypermarket,Ahmedabad,Gujarat,Grocery,423587.32,0.1,0,Regular_Week,25.5,100.7,185.6,7.41,120000
2024-10-04,Store_08,Ahmedabad - SG Highway Hypermarket,Ahmedabad,Gujarat,Electronics,684189.1,0.15,0,Regular_Week,24.5,100.7,185.6,7.41,120000
2024-10-04,Store_08,Ahmedabad - SG Highway Hypermarket,Ahmedabad,Gujarat,Apparel,412320.76,0.15,0,Regular_Week,23.7,100.7,185.6,7.41,120000
2024-10-04,Store_08,Ahmedabad - SG Highway Hypermarket,Ahmedabad,Gujarat,Home_Garden,221181.5,0.0,0,Regular_Week,25.1,100.7,185.6,7.41,120000
2024-10-04,Store_08,Ahmedabad - SG Highway Hypermarket,Ahmedabad,Gujarat,Pharmacy,185157.87,0.15,0,Regular_Week,25.2,100.7,185.6,7.41,120000
2024-10-04,Store_09,Jaipur - MI Road Heritage Store,Jaipur,Rajasthan,Grocery,425027.51,0.1,0,Regular_Week,29.8,100.7,185.6,7.41,85000
2024-10-04,Store_09,Jaipur - MI Road Heritage Store,Jaipur,Rajasthan,Electronics,532958.06,0.05,0,Regular_Week,28.9,100.7,185.6,7.41,85000
2024-10-04,Store_09,Jaipur - MI Road Heritage Store,Jaipur,Rajasthan,Apparel,311741.77,0.15,0,Regular_Week,29.4,100.7,185.6,7.41,85000
2024-10-04,Store_09,Jaipur - MI Road Heritage Store,Jaipur,Rajasthan,Home_Garden,204196.31,0.0,0,Regular_Week,31.2,100.7,185.6,7.41,85000
2024-10-04,Store_09,Jaipur - MI Road Heritage Store,Jaipur,Rajasthan,Pharmacy,135713.07,0.0,0,Regular_Week,28.6,100.7,185.6,7.41,85000
2024-10-04,Store_10,Kochi - Marine Drive Coastal Mall,Kochi,Kerala,Grocery,370925.78,0.05,0,Regular_Week,30.6,100.7,185.6,7.41,90000
2024-10-04,Store_10,Kochi - Marine Drive Coastal Mall,Kochi,Kerala,Electronics,517666.95,0.0,0,Regular_Week,29.8,100.7,185.6,7.41,90000
2024-10-04,Store_10,Kochi - Marine Drive Coastal Mall,Kochi,Kerala,Apparel,299728.52,0.05,0,Regular_Week,31.2,100.7,185.6,7.41,90000
2024-10-04,Store_10,Kochi - Marine Drive Coastal Mall,Kochi,Kerala,Home_Garden,231917.23,0.15,0,Regular_Week,30.6,100.7,185.6,7.41,90000
2024-10-04,Store_10,Kochi - Marine Drive Coastal Mall,Kochi,Kerala,Pharmacy,149059.45,0.0,0,Regular_Week,31.7,100.7,185.6,7.41,90000
2024-10-11,Store_01,Mumbai - Bandra Kurla Complex (BKC),Mumbai,Maharashtra,Grocery,1084831.51,0.15,1,Navratri_Dussehra_Super_Shopping,28.6,102.92,185.5,7.58,165000
2024-10-11,Store_01,Mumbai - Bandra Kurla Complex (BKC),Mumbai,Maharashtra,Electronics,1310465.95,0.2,1,Navratri_Dussehra_Super_Shopping,29.5,102.92,185.5,7.58,165000
2024-10-11,Store_01,Mumbai - Bandra Kurla Complex (BKC),Mumbai,Maharashtra,Apparel,977564.44,0.2,1,Navratri_Dussehra_Super_Shopping,28.6,102.92,185.5,7.58,165000
2024-10-11,Store_01,Mumbai - Bandra Kurla Complex (BKC),Mumbai,Maharashtra,Home_Garden,510982.14,0.15,1,Navratri_Dussehra_Super_Shopping,29.6,102.92,185.5,7.58,165000
2024-10-11,Store_01,Mumbai - Bandra Kurla Complex (BKC),Mumbai,Maharashtra,Pharmacy,328898.41,0.15,1,Navratri_Dussehra_Super_Shopping,28.7,102.92,185.5,7.58,165000
2024-10-11,Store_02,Bengaluru - Indiranagar Tech Hub,Bengaluru,Karnataka,Grocery,862494.78,0.15,1,Navratri_Dussehra_Super_Shopping,28.5,102.92,185.5,7.58,140000
2024-10-11,Store_02,Bengaluru - Indiranagar Tech Hub,Bengaluru,Karnataka,Electronics,1303132.37,0.2,1,Navratri_Dussehra_Super_Shopping,27.5,102.92,185.5,7.58,140000
2024-10-11,Store_02,Bengaluru - Indiranagar Tech Hub,Bengaluru,Karnataka,Apparel,790823.39,0.2,1,Navratri_Dussehra_Super_Shopping,28.6,102.92,185.5,7.58,140000
2024-10-11,Store_02,Bengaluru - Indiranagar Tech Hub,Bengaluru,Karnataka,Home_Garden,468439.69,0.15,1,Navratri_Dussehra_Super_Shopping,27.7,102.92,185.5,7.58,140000
2024-10-11,Store_02,Bengaluru - Indiranagar Tech Hub,Bengaluru,Karnataka,Pharmacy,315053.5,0.15,1,Navratri_Dussehra_Super_Shopping,25.8,102.92,185.5,7.58,140000
2024-10-11,Store_03,New Delhi - Connaught Place Flagship,New Delhi,Delhi NCR,Grocery,1077186.47,0.15,1,Navratri_Dussehra_Super_Shopping,30.9,102.92,185.5,7.58,150000
2024-10-11,Store_03,New Delhi - Connaught Place Flagship,New Delhi,Delhi NCR,Electronics,1329863.66,0.2,1,Navratri_Dussehra_Super_Shopping,31.4,102.92,185.5,7.58,150000
2024-10-11,Store_03,New Delhi - Connaught Place Flagship,New Delhi,Delhi NCR,Apparel,947101.94,0.2,1,Navratri_Dussehra_Super_Shopping,30.7,102.92,185.5,7.58,150000
2024-10-11,Store_03,New Delhi - Connaught Place Flagship,New Delhi,Delhi NCR,Home_Garden,475691.16,0.15,1,Navratri_Dussehra_Super_Shopping,29.7,102.92,185.5,7.58,150000
2024-10-11,Store_03,New Delhi - Connaught Place Flagship,New Delhi,Delhi NCR,Pharmacy,350511.83,0.15,1,Navratri_Dussehra_Super_Shopping,29.1,102.92,185.5,7.58,150000
2024-10-11,Store_04,Chennai - T. Nagar Shopping Plaza,Chennai,Tamil Nadu,Grocery,906918.09,0.15,1,Navratri_Dussehra_Super_Shopping,28.1,102.92,185.5,7.58,125000
2024-10-11,Store_04,Chennai - T. Nagar Shopping Plaza,Chennai,Tamil Nadu,Electronics,1092203.96,0.2,1,Navratri_Dussehra_Super_Shopping,30.4,102.92,185.5,7.58,125000
2024-10-11,Store_04,Chennai - T. Nagar Shopping Plaza,Chennai,Tamil Nadu,Apparel,790925.98,0.2,1,Navratri_Dussehra_Super_Shopping,29.8,102.92,185.5,7.58,125000
2024-10-11,Store_04,Chennai - T. Nagar Shopping Plaza,Chennai,Tamil Nadu,Home_Garden,389517.4,0.15,1,Navratri_Dussehra_Super_Shopping,29.8,102.92,185.5,7.58,125000
2024-10-11,Store_04,Chennai - T. Nagar Shopping Plaza,Chennai,Tamil Nadu,Pharmacy,271431.76,0.15,1,Navratri_Dussehra_Super_Shopping,30.0,102.92,185.5,7.58,125000
2024-10-11,Store_05,Hyderabad - Hitec City Cyber Towers,Hyderabad,Telangana,Grocery,923441.36,0.15,1,Navratri_Dussehra_Super_Shopping,20.7,102.92,185.5,7.58,130000
2024-10-11,Store_05,Hyderabad - Hitec City Cyber Towers,Hyderabad,Telangana,Electronics,1186040.88,0.2,1,Navratri_Dussehra_Super_Shopping,23.2,102.92,185.5,7.58,130000
2024-10-11,Store_05,Hyderabad - Hitec City Cyber Towers,Hyderabad,Telangana,Apparel,809675.17,0.2,1,Navratri_Dussehra_Super_Shopping,21.7,102.92,185.5,7.58,130000
2024-10-11,Store_05,Hyderabad - Hitec City Cyber Towers,Hyderabad,Telangana,Home_Garden,401473.95,0.15,1,Navratri_Dussehra_Super_Shopping,22.9,102.92,185.5,7.58,130000
2024-10-11,Store_05,Hyderabad - Hitec City Cyber Towers,Hyderabad,Telangana,Pharmacy,296784.66,0.15,1,Navratri_Dussehra_Super_Shopping,22.5,102.92,185.5,7.58,130000
2024-10-11,Store_06,Kolkata - Park Street Cultural Mall,Kolkata,West Bengal,Grocery,923751.9,0.15,1,Navratri_Dussehra_Super_Shopping,28.6,102.92,185.5,7.58,110000
2024-10-11,Store_06,Kolkata - Park Street Cultural Mall,Kolkata,West Bengal,Electronics,1110303.02,0.2,1,Navratri_Dussehra_Super_Shopping,28.6,102.92,185.5,7.58,110000
2024-10-11,Store_06,Kolkata - Park Street Cultural Mall,Kolkata,West Bengal,Apparel,689621.55,0.2,1,Navratri_Dussehra_Super_Shopping,29.6,102.92,185.5,7.58,110000
2024-10-11,Store_06,Kolkata - Park Street Cultural Mall,Kolkata,West Bengal,Home_Garden,382516.52,0.15,1,Navratri_Dussehra_Super_Shopping,28.8,102.92,185.5,7.58,110000
2024-10-11,Store_06,Kolkata - Park Street Cultural Mall,Kolkata,West Bengal,Pharmacy,282036.04,0.15,1,Navratri_Dussehra_Super_Shopping,28.0,102.92,185.5,7.58,110000
2024-10-11,Store_07,Pune - Kothrud Commercial Hub,Pune,Maharashtra,Grocery,812422.36,0.15,1,Navratri_Dussehra_Super_Shopping,25.1,102.92,185.5,7.58,95000
2024-10-11,Store_07,Pune - Kothrud Commercial Hub,Pune,Maharashtra,Electronics,1088095.25,0.2,1,Navratri_Dussehra_Super_Shopping,25.4,102.92,185.5,7.58,95000
2024-10-11,Store_07,Pune - Kothrud Commercial Hub,Pune,Maharashtra,Apparel,669599.73,0.2,1,Navratri_Dussehra_Super_Shopping,25.4,102.92,185.5,7.58,95000
2024-10-11,Store_07,Pune - Kothrud Commercial Hub,Pune,Maharashtra,Home_Garden,365205.68,0.15,1,Navratri_Dussehra_Super_Shopping,26.8,102.92,185.5,7.58,95000
2024-10-11,Store_07,Pune - Kothrud Commercial Hub,Pune,Maharashtra,Pharmacy,283888.57,0.15,1,Navratri_Dussehra_Super_Shopping,24.7,102.92,185.5,7.58,95000
2024-10-11,Store_08,Ahmedabad - SG Highway Hypermarket,Ahmedabad,Gujarat,Grocery,813551.72,0.15,1,Navratri_Dussehra_Super_Shopping,25.3,102.92,185.5,7.58,120000
2024-10-11,Store_08,Ahmedabad - SG Highway Hypermarket,Ahmedabad,Gujarat,Electronics,1187728.05,0.2,1,Navratri_Dussehra_Super_Shopping,24.6,102.92,185.5,7.58,120000
2024-10-11,Store_08,Ahmedabad - SG Highway Hypermarket,Ahmedabad,Gujarat,Apparel,808543.77,0.2,1,Navratri_Dussehra_Super_Shopping,24.0,102.92,185.5,7.58,120000
2024-10-11,Store_08,Ahmedabad - SG Highway Hypermarket,Ahmedabad,Gujarat,Home_Garden,422141.07,0.15,1,Navratri_Dussehra_Super_Shopping,24.4,102.92,185.5,7.58,120000
2024-10-11,Store_08,Ahmedabad - SG Highway Hypermarket,Ahmedabad,Gujarat,Pharmacy,307370.6,0.15,1,Navratri_Dussehra_Super_Shopping,24.5,102.92,185.5,7.58,120000
2024-10-11,Store_09,Jaipur - MI Road Heritage Store,Jaipur,Rajasthan,Grocery,649559.73,0.15,1,Navratri_Dussehra_Super_Shopping,30.8,102.92,185.5,7.58,85000
2024-10-11,Store_09,Jaipur - MI Road Heritage Store,Jaipur,Rajasthan,Electronics,1013593.01,0.2,1,Navratri_Dussehra_Super_Shopping,29.4,102.92,185.5,7.58,85000
2024-10-11,Store_09,Jaipur - MI Road Heritage Store,Jaipur,Rajasthan,Apparel,697246.44,0.2,1,Navratri_Dussehra_Super_Shopping,31.1,102.92,185.5,7.58,85000
2024-10-11,Store_09,Jaipur - MI Road Heritage Store,Jaipur,Rajasthan,Home_Garden,370251.24,0.15,1,Navratri_Dussehra_Super_Shopping,31.1,102.92,185.5,7.58,85000
2024-10-11,Store_09,Jaipur - MI Road Heritage Store,Jaipur,Rajasthan,Pharmacy,246376.15,0.15,1,Navratri_Dussehra_Super_Shopping,29.9,102.92,185.5,7.58,85000
2024-10-11,Store_10,Kochi - Marine Drive Coastal Mall,Kochi,Kerala,Grocery,727514.68,0.15,1,Navratri_Dussehra_Super_Shopping,30.4,102.92,185.5,7.58,90000
2024-10-11,Store_10,Kochi - Marine Drive Coastal Mall,Kochi,Kerala,Electronics,1013771.33,0.2,1,Navratri_Dussehra_Super_Shopping,31.0,102.92,185.5,7.58,90000
2024-10-11,Store_10,Kochi - Marine Drive Coastal Mall,Kochi,Kerala,Apparel,638163.38,0.2,1,Navratri_Dussehra_Super_Shopping,30.0,102.92,185.5,7.58,90000
2024-10-11,Store_10,Kochi - Marine Drive Coastal Mall,Kochi,Kerala,Home_Garden,371700.56,0.15,1,Navratri_Dussehra_Super_Shopping,31.1,102.92,185.5,7.58,90000
2024-10-11,Store_10,Kochi - Marine Drive Coastal Mall,Kochi,Kerala,Pharmacy,246835.67,0.15,1,Navratri_Dussehra_Super_Shopping,32.0,102.92,185.5,7.58,90000
2024-10-18,Store_01,Mumbai - Bandra Kurla Complex (BKC),Mumbai,Maharashtra,Grocery,480963.79,0.05,0,Regular_Week,30.3,98.85,185.8,7.54,165000
2024-10-18,Store_01,Mumbai - Bandra Kurla Complex (BKC),Mumbai,Maharashtra,Electronics,748388.25,0.0,0,Regular_Week,28.8,98.85,185.8,7.54,165000
2024-10-18,Store_01,Mumbai - Bandra Kurla Complex (BKC),Mumbai,Maharashtra,Apparel,372933.17,0.0,0,Regular_Week,29.5,98.85,185.8,7.54,165000
2024-10-18,Store_01,Mumbai - Bandra Kurla Complex (BKC),Mumbai,Maharashtra,Home_Garden,325464.32,0.15,0,Regular_Week,30.2,98.85,185.8,7.54,165000
2024-10-18,Store_01,Mumbai - Bandra Kurla Complex (BKC),Mumbai,Maharashtra,Pharmacy,203901.84,0.0,0,Regular_Week,30.2,98.85,185.8,7.54,165000
2024-10-18,Store_02,Bengaluru - Indiranagar Tech Hub,Bengaluru,Karnataka,Grocery,466935.24,0.05,0,Regular_Week,27.5,98.85,185.8,7.54,140000
2024-10-18,Store_02,Bengaluru - Indiranagar Tech Hub,Bengaluru,Karnataka,Electronics,694415.4,0.0,0,Regular_Week,25.4,98.85,185.8,7.54,140000
2024-10-18,Store_02,Bengaluru - Indiranagar Tech Hub,Bengaluru,Karnataka,Apparel,382936.16,0.1,0,Regular_Week,28.0,98.85,185.8,7.54,140000
2024-10-18,Store_02,Bengaluru - Indiranagar Tech Hub,Bengaluru,Karnataka,Home_Garden,296296.4,0.05,0,Regular_Week,25.6,98.85,185.8,7.54,140000
2024-10-18,Store_02,Bengaluru - Indiranagar Tech Hub,Bengaluru,Karnataka,Pharmacy,208261.0,0.1,0,Regular_Week,27.8,98.85,185.8,7.54,140000
2024-10-18,Store_03,New Delhi - Connaught Place Flagship,New Delhi,Delhi NCR,Grocery,446215.47,0.0,0,Regular_Week,31.0,98.85,185.8,7.54,150000
2024-10-18,Store_03,New Delhi - Connaught Place Flagship,New Delhi,Delhi NCR,Electronics,840090.43,0.15,0,Regular_Week,28.6,98.85,185.8,7.54,150000
2024-10-18,Store_03,New Delhi - Connaught Place Flagship,New Delhi,Delhi NCR,Apparel,392952.26,0.0,0,Regular_Week,29.9,98.85,185.8,7.54,150000
2024-10-18,Store_03,New Delhi - Connaught Place Flagship,New Delhi,Delhi NCR,Home_Garden,267847.8,0.0,0,Regular_Week,31.3,98.85,185.8,7.54,150000
2024-10-18,Store_03,New Delhi - Connaught Place Flagship,New Delhi,Delhi NCR,Pharmacy,192889.81,0.0,0,Regular_Week,28.7,98.85,185.8,7.54,150000
2024-10-18,Store_04,Chennai - T. Nagar Shopping Plaza,Chennai,Tamil Nadu,Grocery,382463.75,0.0,0,Regular_Week,32.3,98.85,185.8,7.54,125000
2024-10-18,Store_04,Chennai - T. Nagar Shopping Plaza,Chennai,Tamil Nadu,Electronics,543718.39,0.0,0,Regular_Week,29.9,98.85,185.8,7.54,125000
2024-10-18,Store_04,Chennai - T. Nagar Shopping Plaza,Chennai,Tamil Nadu,Apparel,388095.16,0.1,0,Regular_Week,32.2,98.85,185.8,7.54,125000
2024-10-18,Store_04,Chennai - T. Nagar Shopping Plaza,Chennai,Tamil Nadu,Home_Garden,241297.95,0.0,0,Regular_Week,32.0,98.85,185.8,7.54,125000
2024-10-18,Store_04,Chennai - T. Nagar Shopping Plaza,Chennai,Tamil Nadu,Pharmacy,170245.0,0.0,0,Regular_Week,32.1,98.85,185.8,7.54,125000
2024-10-18,Store_05,Hyderabad - Hitec City Cyber Towers,Hyderabad,Telangana,Grocery,415046.42,0.0,0,Regular_Week,31.0,98.85,185.8,7.54,130000
2024-10-18,Store_05,Hyderabad - Hitec City Cyber Towers,Hyderabad,Telangana,Electronics,576729.41,0.0,0,Regular_Week,29.2,98.85,185.8,7.54,130000
2024-10-18,Store_05,Hyderabad - Hitec City Cyber Towers,Hyderabad,Telangana,Apparel,329401.58,0.0,0,Regular_Week,29.7,98.85,185.8,7.54,130000
2024-10-18,Store_05,Hyderabad - Hitec City Cyber Towers,Hyderabad,Telangana,Home_Garden,245134.7,0.05,0,Regular_Week,29.0,98.85,185.8,7.54,130000
2024-10-18,Store_05,Hyderabad - Hitec City Cyber Towers,Hyderabad,Telangana,Pharmacy,189521.09,0.0,0,Regular_Week,30.0,98.85,185.8,7.54,130000
2024-10-18,Store_06,Kolkata - Park Street Cultural Mall,Kolkata,West Bengal,Grocery,443858.97,0.1,0,Regular_Week,27.2,98.85,185.8,7.54,110000
2024-10-18,Store_06,Kolkata - Park Street Cultural Mall,Kolkata,West Bengal,Electronics,578331.29,0.0,0,Regular_Week,24.5,98.85,185.8,7.54,110000
2024-10-18,Store_06,Kolkata - Park Street Cultural Mall,Kolkata,West Bengal,Apparel,330189.5,0.05,0,Regular_Week,27.2,98.85,185.8,7.54,110000
2024-10-18,Store_06,Kolkata - Park Street Cultural Mall,Kolkata,West Bengal,Home_Garden,239286.18,0.0,0,Regular_Week,24.4,98.85,185.8,7.54,110000
2024-10-18,Store_06,Kolkata - Park Street Cultural Mall,Kolkata,West Bengal,Pharmacy,167253.82,0.0,0,Regular_Week,26.0,98.85,185.8,7.54,110000
2024-10-18,Store_07,Pune - Kothrud Commercial Hub,Pune,Maharashtra,Grocery,335605.45,0.0,0,Regular_Week,24.7,98.85,185.8,7.54,95000
2024-10-18,Store_07,Pune - Kothrud Commercial Hub,Pune,Maharashtra,Electronics,523627.53,0.0,0,Regular_Week,23.7,98.85,185.8,7.54,95000
2024-10-18,Store_07,Pune - Kothrud Commercial Hub,Pune,Maharashtra,Apparel,314400.41,0.0,0,Regular_Week,24.2,98.85,185.8,7.54,95000
2024-10-18,Store_07,Pune - Kothrud Commercial Hub,Pune,Maharashtra,Home_Garden,208704.35,0.0,0,Regular_Week,23.3,98.85,185.8,7.54,95000
2024-10-18,Store_07,Pune - Kothrud Commercial Hub,Pune,Maharashtra,Pharmacy,152157.57,0.0,0,Regular_Week,24.6,98.85,185.8,7.54,95000
2024-10-18,Store_08,Ahmedabad - SG Highway Hypermarket,Ahmedabad,Gujarat,Grocery,403423.54,0.0,0,Regular_Week,28.8,98.85,185.8,7.54,120000
2024-10-18,Store_08,Ahmedabad - SG Highway Hypermarket,Ahmedabad,Gujarat,Electronics,613882.86,0.0,0,Regular_Week,27.9,98.85,185.8,7.54,120000
2024-10-18,Store_08,Ahmedabad - SG Highway Hypermarket,Ahmedabad,Gujarat,Apparel,334117.99,0.0,0,Regular_Week,30.2,98.85,185.8,7.54,120000
2024-10-18,Store_08,Ahmedabad - SG Highway Hypermarket,Ahmedabad,Gujarat,Home_Garden,273627.1,0.05,0,Regular_Week,28.3,98.85,185.8,7.54,120000
2024-10-18,Store_08,Ahmedabad - SG Highway Hypermarket,Ahmedabad,Gujarat,Pharmacy,174221.61,0.0,0,Regular_Week,28.4,98.85,185.8,7.54,120000
2024-10-18,Store_09,Jaipur - MI Road Heritage Store,Jaipur,Rajasthan,Grocery,330072.26,0.0,0,Regular_Week,29.6,98.85,185.8,7.54,85000
2024-10-18,Store_09,Jaipur - MI Road Heritage Store,Jaipur,Rajasthan,Electronics,493461.19,0.05,0,Regular_Week,29.8,98.85,185.8,7.54,85000
2024-10-18,Store_09,Jaipur - MI Road Heritage Store,Jaipur,Rajasthan,Apparel,304388.57,0.1,0,Regular_Week,29.9,98.85,185.8,7.54,85000
2024-10-18,Store_09,Jaipur - MI Road Heritage Store,Jaipur,Rajasthan,Home_Garden,203105.85,0.0,0,Regular_Week,29.6,98.85,185.8,7.54,85000
2024-10-18,Store_09,Jaipur - MI Road Heritage Store,Jaipur,Rajasthan,Pharmacy,146574.2,0.0,0,Regular_Week,28.7,98.85,185.8,7.54,85000
2024-10-18,Store_10,Kochi - Marine Drive Coastal Mall,Kochi,Kerala,Grocery,344140.1,0.0,0,Regular_Week,32.2,98.85,185.8,7.54,90000
2024-10-18,Store_10,Kochi - Marine Drive Coastal Mall,Kochi,Kerala,Electronics,507356.86,0.0,0,Regular_Week,33.1,98.85,185.8,7.54,90000
2024-10-18,Store_10,Kochi - Marine Drive Coastal Mall,Kochi,Kerala,Apparel,290855.29,0.0,0,Regular_Week,34.3,98.85,185.8,7.54,90000
2024-10-18,Store_10,Kochi - Marine Drive Coastal Mall,Kochi,Kerala,Home_Garden,207455.54,0.0,0,Regular_Week,32.5,98.85,185.8,7.54,90000
2024-10-18,Store_10,Kochi - Marine Drive Coastal Mall,Kochi,Kerala,Pharmacy,155393.04,0.0,0,Regular_Week,32.7,98.85,185.8,7.54,90000
2024-10-25,Store_01,Mumbai - Bandra Kurla Complex (BKC),Mumbai,Maharashtra,Grocery,955779.32,0.15,1,Diwali_Dhanteras_Grand_Festive_Sale,30.3,102.64,185.3,6.94,165000
2024-10-25,Store_01,Mumbai - Bandra Kurla Complex (BKC),Mumbai,Maharashtra,Electronics,2460279.98,0.2,1,Diwali_Dhanteras_Grand_Festive_Sale,32.4,102.64,185.3,6.94,165000
2024-10-25,Store_01,Mumbai - Bandra Kurla Complex (BKC),Mumbai,Maharashtra,Apparel,1293502.17,0.2,1,Diwali_Dhanteras_Grand_Festive_Sale,30.4,102.64,185.3,6.94,165000
2024-10-25,Store_01,Mumbai - Bandra Kurla Complex (BKC),Mumbai,Maharashtra,Home_Garden,893267.58,0.15,1,Diwali_Dhanteras_Grand_Festive_Sale,30.7,102.64,185.3,6.94,165000
2024-10-25,Store_01,Mumbai - Bandra Kurla Complex (BKC),Mumbai,Maharashtra,Pharmacy,466782.61,0.15,1,Diwali_Dhanteras_Grand_Festive_Sale,32.1,102.64,185.3,6.94,165000
2024-10-25,Store_02,Bengaluru - Indiranagar Tech Hub,Bengaluru,Karnataka,Grocery,976869.69,0.15,1,Diwali_Dhanteras_Grand_Festive_Sale,27.4,102.64,185.3,6.94,140000
2024-10-25,Store_02,Bengaluru - Indiranagar Tech Hub,Bengaluru,Karnataka,Electronics,2129557.09,0.2,1,Diwali_Dhanteras_Grand_Festive_Sale,26.6,102.64,185.3,6.94,140000
2024-10-25,Store_02,Bengaluru - Indiranagar Tech Hub,Bengaluru,Karnataka,Apparel,1125146.23,0.2,1,Diwali_Dhanteras_Grand_Festive_Sale,27.4,102.64,185.3,6.94,140000
2024-10-25,Store_02,Bengaluru - Indiranagar Tech Hub,Bengaluru,Karnataka,Home_Garden,800906.93,0.15,1,Diwali_Dhanteras_Grand_Festive_Sale,26.8,102.64,185.3,6.94,140000
2024-10-25,Store_02,Bengaluru - Indiranagar Tech Hub,Bengaluru,Karnataka,Pharmacy,401734.73,0.15,1,Diwali_Dhanteras_Grand_Festive_Sale,27.2,102.64,185.3,6.94,140000
2024-10-25,Store_03,New Delhi - Connaught Place Flagship,New Delhi,Delhi NCR,Grocery,1002078.76,0.15,1,Diwali_Dhanteras_Grand_Festive_Sale,30.7,102.64,185.3,6.94,150000
2024-10-25,Store_03,New Delhi - Connaught Place Flagship,New Delhi,Delhi NCR,Electronics,2448188.6,0.2,1,Diwali_Dhanteras_Grand_Festive_Sale,30.4,102.64,185.3,6.94,150000
2024-10-25,Store_03,New Delhi - Connaught Place Flagship,New Delhi,Delhi NCR,Apparel,1299287.71,0.2,1,Diwali_Dhanteras_Grand_Festive_Sale,31.1,102.64,185.3,6.94,150000
2024-10-25,Store_03,New Delhi - Connaught Place Flagship,New Delhi,Delhi NCR,Home_Garden,826596.88,0.15,1,Diwali_Dhanteras_Grand_Festive_Sale,30.9,102.64,185.3,6.94,150000
2024-10-25,Store_03,New Delhi - Connaught Place Flagship,New Delhi,Delhi NCR,Pharmacy,401692.24,0.15,1,Diwali_Dhanteras_Grand_Festive_Sale,31.2,102.64,185.3,6.94,150000
2024-10-25,Store_04,Chennai - T. Nagar Shopping Plaza,Chennai,Tamil Nadu,Grocery,805692.98,0.15,1,Diwali_Dhanteras_Grand_Festive_Sale,32.2,102.64,185.3,6.94,125000
2024-10-25,Store_04,Chennai - T. Nagar Shopping Plaza,Chennai,Tamil Nadu,Electronics,1879262.27,0.2,1,Diwali_Dhanteras_Grand_Festive_Sale,31.5,102.64,185.3,6.94,125000
2024-10-25,Store_04,Chennai - T. Nagar Shopping Plaza,Chennai,Tamil Nadu,Apparel,1093705.49,0.2,1,Diwali_Dhanteras_Grand_Festive_Sale,32.3,102.64,185.3,6.94,125000
2024-10-25,Store_04,Chennai - T. Nagar Shopping Plaza,Chennai,Tamil Nadu,Home_Garden,754735.37,0.15,1,Diwali_Dhanteras_Grand_Festive_Sale,31.1,102.64,185.3,6.94,125000
2024-10-25,Store_04,Chennai - T. Nagar Shopping Plaza,Chennai,Tamil Nadu,Pharmacy,364848.92,0.15,1,Diwali_Dhanteras_Grand_Festive_Sale,32.6,102.64,185.3,6.94,125000
2024-10-25,Store_05,Hyderabad - Hitec City Cyber Towers,Hyderabad,Telangana,Grocery,824161.18,0.15,1,Diwali_Dhanteras_Grand_Festive_Sale,23.4,102.64,185.3,6.94,130000
2024-10-25,Store_05,Hyderabad - Hitec City Cyber Towers,Hyderabad,Telangana,Electronics,1911438.87,0.2,1,Diwali_Dhanteras_Grand_Festive_Sale,24.3,102.64,185.3,6.94,130000
2024-10-25,Store_05,Hyderabad - Hitec City Cyber Towers,Hyderabad,Telangana,Apparel,1161835.83,0.2,1,Diwali_Dhanteras_Grand_Festive_Sale,22.6,102.64,185.3,6.94,130000
2024-10-25,Store_05,Hyderabad - Hitec City Cyber Towers,Hyderabad,Telangana,Home_Garden,688338.7,0.15,1,Diwali_Dhanteras_Grand_Festive_Sale,23.4,102.64,185.3,6.94,130000
2024-10-25,Store_05,Hyderabad - Hitec City Cyber Towers,Hyderabad,Telangana,Pharmacy,392238.66,0.15,1,Diwali_Dhanteras_Grand_Festive_Sale,22.9,102.64,185.3,6.94,130000
2024-10-25,Store_06,Kolkata - Park Street Cultural Mall,Kolkata,West Bengal,Grocery,749196.78,0.15,1,Diwali_Dhanteras_Grand_Festive_Sale,28.2,102.64,185.3,6.94,110000
2024-10-25,Store_06,Kolkata - Park Street Cultural Mall,Kolkata,West Bengal,Electronics,1934294.14,0.2,1,Diwali_Dhanteras_Grand_Festive_Sale,27.3,102.64,185.3,6.94,110000
2024-10-25,Store_06,Kolkata - Park Street Cultural Mall,Kolkata,West Bengal,Apparel,937537.33,0.2,1,Diwali_Dhanteras_Grand_Festive_Sale,29.9,102.64,185.3,6.94,110000
2024-10-25,Store_06,Kolkata - Park Street Cultural Mall,Kolkata,West Bengal,Home_Garden,609240.52,0.15,1,Diwali_Dhanteras_Grand_Festive_Sale,27.3,102.64,185.3,6.94,110000
2024-10-25,Store_06,Kolkata - Park Street Cultural Mall,Kolkata,West Bengal,Pharmacy,347144.3,0.15,1,Diwali_Dhanteras_Grand_Festive_Sale,28.5,102.64,185.3,6.94,110000
2024-10-25,Store_07,Pune - Kothrud Commercial Hub,Pune,Maharashtra,Grocery,829772.16,0.15,1,Diwali_Dhanteras_Grand_Festive_Sale,29.1,102.64,185.3,6.94,95000
2024-10-25,Store_07,Pune - Kothrud Commercial Hub,Pune,Maharashtra,Electronics,1697254.82,0.2,1,Diwali_Dhanteras_Grand_Festive_Sale,29.6,102.64,185.3,6.94,95000
2024-10-25,Store_07,Pune - Kothrud Commercial Hub,Pune,Maharashtra,Apparel,921495.54,0.2,1,Diwali_Dhanteras_Grand_Festive_Sale,29.7,102.64,185.3,6.94,95000
2024-10-25,Store_07,Pune - Kothrud Commercial Hub,Pune,Maharashtra,Home_Garden,590222.0,0.15,1,Diwali_Dhanteras_Grand_Festive_Sale,29.3,102.64,185.3,6.94,95000
2024-10-25,Store_07,Pune - Kothrud Commercial Hub,Pune,Maharashtra,Pharmacy,330952.44,0.15,1,Diwali_Dhanteras_Grand_Festive_Sale,28.7,102.64,185.3,6.94,95000
2024-10-25,Store_08,Ahmedabad - SG Highway Hypermarket,Ahmedabad,Gujarat,Grocery,903103.19,0.15,1,Diwali_Dhanteras_Grand_Festive_Sale,29.6,102.64,185.3,6.94,120000
2024-10-25,Store_08,Ahmedabad - SG Highway Hypermarket,Ahmedabad,Gujarat,Electronics,2000224.56,0.2,1,Diwali_Dhanteras_Grand_Festive_Sale,30.0,102.64,185.3,6.94,120000
2024-10-25,Store_08,Ahmedabad - SG Highway Hypermarket,Ahmedabad,Gujarat,Apparel,1062260.26,0.2,1,Diwali_Dhanteras_Grand_Festive_Sale,30.1,102.64,185.3,6.94,120000
2024-10-25,Store_08,Ahmedabad - SG Highway Hypermarket,Ahmedabad,Gujarat,Home_Garden,718644.22,0.15,1,Diwali_Dhanteras_Grand_Festive_Sale,28.4,102.64,185.3,6.94,120000
2024-10-25,Store_08,Ahmedabad - SG Highway Hypermarket,Ahmedabad,Gujarat,Pharmacy,394229.82,0.15,1,Diwali_Dhanteras_Grand_Festive_Sale,29.1,102.64,185.3,6.94,120000
2024-10-25,Store_09,Jaipur - MI Road Heritage Store,Jaipur,Rajasthan,Grocery,686630.46,0.15,1,Diwali_Dhanteras_Grand_Festive_Sale,28.9,102.64,185.3,6.94,85000
2024-10-25,Store_09,Jaipur - MI Road Heritage Store,Jaipur,Rajasthan,Electronics,1606504.99,0.2,1,Diwali_Dhanteras_Grand_Festive_Sale,29.2,102.64,185.3,6.94,85000
2024-10-25,Store_09,Jaipur - MI Road Heritage Store,Jaipur,Rajasthan,Apparel,881098.95,0.2,1,Diwali_Dhanteras_Grand_Festive_Sale,28.9,102.64,185.3,6.94,85000
2024-10-25,Store_09,Jaipur - MI Road Heritage Store,Jaipur,Rajasthan,Home_Garden,617109.73,0.15,1,Diwali_Dhanteras_Grand_Festive_Sale,29.3,102.64,185.3,6.94,85000
2024-10-25,Store_09,Jaipur - MI Road Heritage Store,Jaipur,Rajasthan,Pharmacy,327776.27,0.15,1,Diwali_Dhanteras_Grand_Festive_Sale,30.4,102.64,185.3,6.94,85000
2024-10-25,Store_10,Kochi - Marine Drive Coastal Mall,Kochi,Kerala,Grocery,775324.83,0.15,1,Diwali_Dhanteras_Grand_Festive_Sale,30.3,102.64,185.3,6.94,90000
2024-10-25,Store_10,Kochi - Marine Drive Coastal Mall,Kochi,Kerala,Electronics,1737113.4,0.2,1,Diwali_Dhanteras_Grand_Festive_Sale,30.7,102.64,185.3,6.94,90000
2024-10-25,Store_10,Kochi - Marine Drive Coastal Mall,Kochi,Kerala,Apparel,895089.07,0.2,1,Diwali_Dhanteras_Grand_Festive_Sale,30.0,102.64,185.3,6.94,90000
2024-10-25,Store_10,Kochi - Marine Drive Coastal Mall,Kochi,Kerala,Home_Garden,658848.38,0.15,1,Diwali_Dhanteras_Grand_Festive_Sale,30.2,102.64,185.3,6.94,90000
2024-10-25,Store_10,Kochi - Marine Drive Coastal Mall,Kochi,Kerala,Pharmacy,320820.48,0.15,1,Diwali_Dhanteras_Grand_Festive_Sale,29.2,102.64,185.3,6.94,90000
2024-11-01,Store_01,Mumbai - Bandra Kurla Complex (BKC),Mumbai,Maharashtra,Grocery,1113547.76,0.15,1,Diwali_Dhanteras_Grand_Festive_Sale,28.7,97.42,185.8,6.96,165000
2024-11-01,Store_01,Mumbai - Bandra Kurla Complex (BKC),Mumbai,Maharashtra,Electronics,2444307.98,0.2,1,Diwali_Dhanteras_Grand_Festive_Sale,29.5,97.42,185.8,6.96,165000
2024-11-01,Store_01,Mumbai - Bandra Kurla Complex (BKC),Mumbai,Maharashtra,Apparel,1139876.71,0.2,1,Diwali_Dhanteras_Grand_Festive_Sale,28.6,97.42,185.8,6.96,165000
2024-11-01,Store_01,Mumbai - Bandra Kurla Complex (BKC),Mumbai,Maharashtra,Home_Garden,885516.29,0.15,1,Diwali_Dhanteras_Grand_Festive_Sale,30.8,97.42,185.8,6.96,165000
2024-11-01,Store_01,Mumbai - Bandra Kurla Complex (BKC),Mumbai,Maharashtra,Pharmacy,423759.55,0.15,1,Diwali_Dhanteras_Grand_Festive_Sale,31.1,97.42,185.8,6.96,165000
2024-11-01,Store_02,Bengaluru - Indiranagar Tech Hub,Bengaluru,Karnataka,Grocery,998386.93,0.15,1,Diwali_Dhanteras_Grand_Festive_Sale,26.6,97.42,185.8,6.96,140000
2024-11-01,Store_02,Bengaluru - Indiranagar Tech Hub,Bengaluru,Karnataka,Electronics,2101590.43,0.2,1,Diwali_Dhanteras_Grand_Festive_Sale,25.8,97.42,185.8,6.96,140000
2024-11-01,Store_02,Bengaluru - Indiranagar Tech Hub,Bengaluru,Karnataka,Apparel,1116667.53,0.2,1,Diwali_Dhanteras_Grand_Festive_Sale,26.2,97.42,185.8,6.96,140000
2024-11-01,Store_02,Bengaluru - Indiranagar Tech Hub,Bengaluru,Karnataka,Home_Garden,750862.25,0.15,1,Diwali_Dhanteras_Grand_Festive_Sale,26.6,97.42,185.8,6.96,140000
2024-11-01,Store_02,Bengaluru - Indiranagar Tech Hub,Bengaluru,Karnataka,Pharmacy,388516.29,0.15,1,Diwali_Dhanteras_Grand_Festive_Sale,25.9,97.42,185.8,6.96,140000
2024-11-01,Store_03,New Delhi - Connaught Place Flagship,New Delhi,Delhi NCR,Grocery,942875.69,0.15,1,Diwali_Dhanteras_Grand_Festive_Sale,28.9,97.42,185.8,6.96,150000
2024-11-01,Store_03,New Delhi - Connaught Place Flagship,New Delhi,Delhi NCR,Electronics,2164841.08,0.2,1,Diwali_Dhanteras_Grand_Festive_Sale,30.8,97.42,185.8,6.96,150000
2024-11-01,Store_03,New Delhi - Connaught Place Flagship,New Delhi,Delhi NCR,Apparel,1065836.87,0.2,1,Diwali_Dhanteras_Grand_Festive_Sale,31.1,97.42,185.8,6.96,150000
2024-11-01,Store_03,New Delhi - Connaught Place Flagship,New Delhi,Delhi NCR,Home_Garden,726369.41,0.15,1,Diwali_Dhanteras_Grand_Festive_Sale,28.7,97.42,185.8,6.96,150000
2024-11-01,Store_03,New Delhi - Connaught Place Flagship,New Delhi,Delhi NCR,Pharmacy,429683.87,0.15,1,Diwali_Dhanteras_Grand_Festive_Sale,30.3,97.42,185.8,6.96,150000
2024-11-01,Store_04,Chennai - T. Nagar Shopping Plaza,Chennai,Tamil Nadu,Grocery,879130.85,0.15,1,Diwali_Dhanteras_Grand_Festive_Sale,34.1,97.42,185.8,6.96,125000
2024-11-01,Store_04,Chennai - T. Nagar Shopping Plaza,Chennai,Tamil Nadu,Electronics,2109304.89,0.2,1,Diwali_Dhanteras_Grand_Festive_Sale,32.5,97.42,185.8,6.96,125000
2024-11-01,Store_04,Chennai - T. Nagar Shopping Plaza,Chennai,Tamil Nadu,Apparel,1030687.18,0.2,1,Diwali_Dhanteras_Grand_Festive_Sale,31.6,97.42,185.8,6.96,125000
2024-11-01,Store_04,Chennai - T. Nagar Shopping Plaza,Chennai,Tamil Nadu,Home_Garden,588103.54,0.15,1,Diwali_Dhanteras_Grand_Festive_Sale,34.0,97.42,185.8,6.96,125000
2024-11-01,Store_04,Chennai - T. Nagar Shopping Plaza,Chennai,Tamil Nadu,Pharmacy,394572.86,0.15,1,Diwali_Dhanteras_Grand_Festive_Sale,33.8,97.42,185.8,6.96,125000
2024-11-01,Store_05,Hyderabad - Hitec City Cyber Towers,Hyderabad,Telangana,Grocery,756157.32,0.15,1,Diwali_Dhanteras_Grand_Festive_Sale,22.2,97.42,185.8,6.96,130000
2024-11-01,Store_05,Hyderabad - Hitec City Cyber Towers,Hyderabad,Telangana,Electronics,1868224.28,0.2,1,Diwali_Dhanteras_Grand_Festive_Sale,22.3,97.42,185.8,6.96,130000
2024-11-01,Store_05,Hyderabad - Hitec City Cyber Towers,Hyderabad,Telangana,Apparel,1069656.57,0.2,1,Diwali_Dhanteras_Grand_Festive_Sale,20.9,97.42,185.8,6.96,130000
2024-11-01,Store_05,Hyderabad - Hitec City Cyber Towers,Hyderabad,Telangana,Home_Garden,641619.51,0.15,1,Diwali_Dhanteras_Grand_Festive_Sale,22.8,97.42,185.8,6.96,130000
2024-11-01,Store_05,Hyderabad - Hitec City Cyber Towers,Hyderabad,Telangana,Pharmacy,374253.96,0.15,1,Diwali_Dhanteras_Grand_Festive_Sale,22.3,97.42,185.8,6.96,130000
2024-11-01,Store_06,Kolkata - Park Street Cultural Mall,Kolkata,West Bengal,Grocery,830774.41,0.15,1,Diwali_Dhanteras_Grand_Festive_Sale,27.6,97.42,185.8,6.96,110000
2024-11-01,Store_06,Kolkata - Park Street Cultural Mall,Kolkata,West Bengal,Electronics,1698491.57,0.2,1,Diwali_Dhanteras_Grand_Festive_Sale,28.1,97.42,185.8,6.96,110000
2024-11-01,Store_06,Kolkata - Park Street Cultural Mall,Kolkata,West Bengal,Apparel,1010417.65,0.2,1,Diwali_Dhanteras_Grand_Festive_Sale,28.2,97.42,185.8,6.96,110000
2024-11-01,Store_06,Kolkata - Park Street Cultural Mall,Kolkata,West Bengal,Home_Garden,606119.08,0.15,1,Diwali_Dhanteras_Grand_Festive_Sale,29.1,97.42,185.8,6.96,110000
2024-11-01,Store_06,Kolkata - Park Street Cultural Mall,Kolkata,West Bengal,Pharmacy,355866.39,0.15,1,Diwali_Dhanteras_Grand_Festive_Sale,27.7,97.42,185.8,6.96,110000
2024-11-01,Store_07,Pune - Kothrud Commercial Hub,Pune,Maharashtra,Grocery,688543.44,0.15,1,Diwali_Dhanteras_Grand_Festive_Sale,24.3,97.42,185.8,6.96,95000
2024-11-01,Store_07,Pune - Kothrud Commercial Hub,Pune,Maharashtra,Electronics,1688786.64,0.2,1,Diwali_Dhanteras_Grand_Festive_Sale,25.1,97.42,185.8,6.96,95000
2024-11-01,Store_07,Pune - Kothrud Commercial Hub,Pune,Maharashtra,Apparel,942078.65,0.2,1,Diwali_Dhanteras_Grand_Festive_Sale,23.6,97.42,185.8,6.96,95000
2024-11-01,Store_07,Pune - Kothrud Commercial Hub,Pune,Maharashtra,Home_Garden,603775.56,0.15,1,Diwali_Dhanteras_Grand_Festive_Sale,24.8,97.42,185.8,6.96,95000
2024-11-01,Store_07,Pune - Kothrud Commercial Hub,Pune,Maharashtra,Pharmacy,302956.08,0.15,1,Diwali_Dhanteras_Grand_Festive_Sale,25.2,97.42,185.8,6.96,95000
2024-11-01,Store_08,Ahmedabad - SG Highway Hypermarket,Ahmedabad,Gujarat,Grocery,819482.88,0.15,1,Diwali_Dhanteras_Grand_Festive_Sale,26.9,97.42,185.8,6.96,120000
2024-11-01,Store_08,Ahmedabad - SG Highway Hypermarket,Ahmedabad,Gujarat,Electronics,1937737.04,0.2,1,Diwali_Dhanteras_Grand_Festive_Sale,28.6,97.42,185.8,6.96,120000
2024-11-01,Store_08,Ahmedabad - SG Highway Hypermarket,Ahmedabad,Gujarat,Apparel,1046010.01,0.2,1,Diwali_Dhanteras_Grand_Festive_Sale,27.0,97.42,185.8,6.96,120000
2024-11-01,Store_08,Ahmedabad - SG Highway Hypermarket,Ahmedabad,Gujarat,Home_Garden,687685.47,0.15,1,Diwali_Dhanteras_Grand_Festive_Sale,27.0,97.42,185.8,6.96,120000
2024-11-01,Store_08,Ahmedabad - SG Highway Hypermarket,Ahmedabad,Gujarat,Pharmacy,353835.88,0.15,1,Diwali_Dhanteras_Grand_Festive_Sale,26.9,97.42,185.8,6.96,120000
2024-11-01,Store_09,Jaipur - MI Road Heritage Store,Jaipur,Rajasthan,Grocery,807378.98,0.15,1,Diwali_Dhanteras_Grand_Festive_Sale,30.5,97.42,185.8,6.96,85000
2024-11-01,Store_09,Jaipur - MI Road Heritage Store,Jaipur,Rajasthan,Electronics,1647423.92,0.2,1,Diwali_Dhanteras_Grand_Festive_Sale,29.5,97.42,185.8,6.96,85000
2024-11-01,Store_09,Jaipur - MI Road Heritage Store,Jaipur,Rajasthan,Apparel,960605.53,0.2,1,Diwali_Dhanteras_Grand_Festive_Sale,30.8,97.42,185.8,6.96,85000
2024-11-01,Store_09,Jaipur - MI Road Heritage Store,Jaipur,Rajasthan,Home_Garden,577897.1,0.15,1,Diwali_Dhanteras_Grand_Festive_Sale,29.8,97.42,185.8,6.96,85000
2024-11-01,Store_09,Jaipur - MI Road Heritage Store,Jaipur,Rajasthan,Pharmacy,318096.19,0.15,1,Diwali_Dhanteras_Grand_Festive_Sale,29.3,97.42,185.8,6.96,85000
2024-11-01,Store_10,Kochi - Marine Drive Coastal Mall,Kochi,Kerala,Grocery,738984.2,0.15,1,Diwali_Dhanteras_Grand_Festive_Sale,31.7,97.42,185.8,6.96,90000
2024-11-01,Store_10,Kochi - Marine Drive Coastal Mall,Kochi,Kerala,Electronics,1703800.54,0.2,1,Diwali_Dhanteras_Grand_Festive_Sale,33.4,97.42,185.8,6.96,90000
2024-11-01,Store_10,Kochi - Marine Drive Coastal Mall,Kochi,Kerala,Apparel,940841.08,0.2,1,Diwali_Dhanteras_Grand_Festive_Sale,31.6,97.42,185.8,6.96,90000
2024-11-01,Store_10,Kochi - Marine Drive Coastal Mall,Kochi,Kerala,Home_Garden,614761.97,0.15,1,Diwali_Dhanteras_Grand_Festive_Sale,31.3,97.42,185.8,6.96,90000
2024-11-01,Store_10,Kochi - Marine Drive Coastal Mall,Kochi,Kerala,Pharmacy,343350.0,0.15,1,Diwali_Dhanteras_Grand_Festive_Sale,31.3,97.42,185.8,6.96,90000
2024-11-08,Store_01,Mumbai - Bandra Kurla Complex (BKC),Mumbai,Maharashtra,Grocery,449426.09,0.0,0,Regular_Week,31.6,101.6,185.6,7.19,165000
2024-11-08,Store_01,Mumbai - Bandra Kurla Complex (BKC),Mumbai,Maharashtra,Electronics,784645.49,0.1,0,Regular_Week,30.8,101.6,185.6,7.19,165000
2024-11-08,Store_01,Mumbai - Bandra Kurla Complex (BKC),Mumbai,Maharashtra,Apparel,422620.77,0.1,0,Regular_Week,30.6,101.6,185.6,7.19,165000
2024-11-08,Store_01,Mumbai - Bandra Kurla Complex (BKC),Mumbai,Maharashtra,Home_Garden,269277.78,0.0,0,Regular_Week,30.4,101.6,185.6,7.19,165000
2024-11-08,Store_01,Mumbai - Bandra Kurla Complex (BKC),Mumbai,Maharashtra,Pharmacy,227487.44,0.0,0,Regular_Week,31.8,101.6,185.6,7.19,165000
2024-11-08,Store_02,Bengaluru - Indiranagar Tech Hub,Bengaluru,Karnataka,Grocery,410601.86,0.0,0,Regular_Week,27.9,101.6,185.6,7.19,140000
2024-11-08,Store_02,Bengaluru - Indiranagar Tech Hub,Bengaluru,Karnataka,Electronics,640586.84,0.0,0,Regular_Week,28.1,101.6,185.6,7.19,140000
2024-11-08,Store_02,Bengaluru - Indiranagar Tech Hub,Bengaluru,Karnataka,Apparel,370908.77,0.0,0,Regular_Week,28.6,101.6,185.6,7.19,140000
2024-11-08,Store_02,Bengaluru - Indiranagar Tech Hub,Bengaluru,Karnataka,Home_Garden,308366.4,0.1,0,Regular_Week,29.5,101.6,185.6,7.19,140000
2024-11-08,Store_02,Bengaluru - Indiranagar Tech Hub,Bengaluru,Karnataka,Pharmacy,199539.14,0.05,0,Regular_Week,28.3,101.6,185.6,7.19,140000
2024-11-08,Store_03,New Delhi - Connaught Place Flagship,New Delhi,Delhi NCR,Grocery,480726.82,0.1,0,Regular_Week,29.3,101.6,185.6,7.19,150000
2024-11-08,Store_03,New Delhi - Connaught Place Flagship,New Delhi,Delhi NCR,Electronics,649120.52,0.0,0,Regular_Week,31.4,101.6,185.6,7.19,150000
2024-11-08,Store_03,New Delhi - Connaught Place Flagship,New Delhi,Delhi NCR,Apparel,450689.14,0.15,0,Regular_Week,29.8,101.6,185.6,7.19,150000
2024-11-08,Store_03,New Delhi - Connaught Place Flagship,New Delhi,Delhi NCR,Home_Garden,261237.12,0.0,0,Regular_Week,29.4,101.6,185.6,7.19,150000
2024-11-08,Store_03,New Delhi - Connaught Place Flagship,New Delhi,Delhi NCR,Pharmacy,224637.47,0.15,0,Regular_Week,30.0,101.6,185.6,7.19,150000
2024-11-08,Store_04,Chennai - T. Nagar Shopping Plaza,Chennai,Tamil Nadu,Grocery,400072.03,0.1,0,Regular_Week,29.0,101.6,185.6,7.19,125000
2024-11-08,Store_04,Chennai - T. Nagar Shopping Plaza,Chennai,Tamil Nadu,Electronics,691381.81,0.1,0,Regular_Week,29.2,101.6,185.6,7.19,125000
2024-11-08,Store_04,Chennai - T. Nagar Shopping Plaza,Chennai,Tamil Nadu,Apparel,287384.12,0.0,0,Regular_Week,28.6,101.6,185.6,7.19,125000
2024-11-08,Store_04,Chennai - T. Nagar Shopping Plaza,Chennai,Tamil Nadu,Home_Garden,216813.93,0.0,0,Regular_Week,29.1,101.6,185.6,7.19,125000
2024-11-08,Store_04,Chennai - T. Nagar Shopping Plaza,Chennai,Tamil Nadu,Pharmacy,176565.21,0.0,0,Regular_Week,27.7,101.6,185.6,7.19,125000
2024-11-08,Store_05,Hyderabad - Hitec City Cyber Towers,Hyderabad,Telangana,Grocery,501407.44,0.15,0,Regular_Week,26.6,101.6,185.6,7.19,130000
2024-11-08,Store_05,Hyderabad - Hitec City Cyber Towers,Hyderabad,Telangana,Electronics,619370.25,0.0,0,Regular_Week,24.9,101.6,185.6,7.19,130000
2024-11-08,Store_05,Hyderabad - Hitec City Cyber Towers,Hyderabad,Telangana,Apparel,294119.3,0.0,0,Regular_Week,24.5,101.6,185.6,7.19,130000
2024-11-08,Store_05,Hyderabad - Hitec City Cyber Towers,Hyderabad,Telangana,Home_Garden,317292.77,0.15,0,Regular_Week,26.0,101.6,185.6,7.19,130000
2024-11-08,Store_05,Hyderabad - Hitec City Cyber Towers,Hyderabad,Telangana,Pharmacy,161885.04,0.0,0,Regular_Week,26.3,101.6,185.6,7.19,130000
2024-11-08,Store_06,Kolkata - Park Street Cultural Mall,Kolkata,West Bengal,Grocery,351818.09,0.0,0,Regular_Week,29.6,101.6,185.6,7.19,110000
2024-11-08,Store_06,Kolkata - Park Street Cultural Mall,Kolkata,West Bengal,Electronics,702585.94,0.1,0,Regular_Week,28.4,101.6,185.6,7.19,110000
2024-11-08,Store_06,Kolkata - Park Street Cultural Mall,Kolkata,West Bengal,Apparel,296783.24,0.0,0,Regular_Week,28.8,101.6,185.6,7.19,110000
2024-11-08,Store_06,Kolkata - Park Street Cultural Mall,Kolkata,West Bengal,Home_Garden,228015.61,0.0,0,Regular_Week,29.7,101.6,185.6,7.19,110000
2024-11-08,Store_06,Kolkata - Park Street Cultural Mall,Kolkata,West Bengal,Pharmacy,165859.25,0.0,0,Regular_Week,28.6,101.6,185.6,7.19,110000
2024-11-08,Store_07,Pune - Kothrud Commercial Hub,Pune,Maharashtra,Grocery,356612.11,0.0,0,Regular_Week,27.4,101.6,185.6,7.19,95000
2024-11-08,Store_07,Pune - Kothrud Commercial Hub,Pune,Maharashtra,Electronics,502854.36,0.0,0,Regular_Week,25.4,101.6,185.6,7.19,95000
2024-11-08,Store_07,Pune - Kothrud Commercial Hub,Pune,Maharashtra,Apparel,279653.46,0.0,0,Regular_Week,26.3,101.6,185.6,7.19,95000
2024-11-08,Store_07,Pune - Kothrud Commercial Hub,Pune,Maharashtra,Home_Garden,208820.47,0.0,0,Regular_Week,25.9,101.6,185.6,7.19,95000
2024-11-08,Store_07,Pune - Kothrud Commercial Hub,Pune,Maharashtra,Pharmacy,163934.86,0.05,0,Regular_Week,27.9,101.6,185.6,7.19,95000
2024-11-08,Store_08,Ahmedabad - SG Highway Hypermarket,Ahmedabad,Gujarat,Grocery,397410.4,0.0,0,Regular_Week,26.7,101.6,185.6,7.19,120000
2024-11-08,Store_08,Ahmedabad - SG Highway Hypermarket,Ahmedabad,Gujarat,Electronics,579786.83,0.0,0,Regular_Week,25.7,101.6,185.6,7.19,120000
2024-11-08,Store_08,Ahmedabad - SG Highway Hypermarket,Ahmedabad,Gujarat,Apparel,380513.18,0.15,0,Regular_Week,25.3,101.6,185.6,7.19,120000
2024-11-08,Store_08,Ahmedabad - SG Highway Hypermarket,Ahmedabad,Gujarat,Home_Garden,266326.44,0.0,0,Regular_Week,25.2,101.6,185.6,7.19,120000
2024-11-08,Store_08,Ahmedabad - SG Highway Hypermarket,Ahmedabad,Gujarat,Pharmacy,179457.23,0.0,0,Regular_Week,26.2,101.6,185.6,7.19,120000
2024-11-08,Store_09,Jaipur - MI Road Heritage Store,Jaipur,Rajasthan,Grocery,337997.45,0.0,0,Regular_Week,30.5,101.6,185.6,7.19,85000
2024-11-08,Store_09,Jaipur - MI Road Heritage Store,Jaipur,Rajasthan,Electronics,512092.43,0.05,0,Regular_Week,28.8,101.6,185.6,7.19,85000
2024-11-08,Store_09,Jaipur - MI Road Heritage Store,Jaipur,Rajasthan,Apparel,287523.46,0.0,0,Regular_Week,30.6,101.6,185.6,7.19,85000
2024-11-08,Store_09,Jaipur - MI Road Heritage Store,Jaipur,Rajasthan,Home_Garden,191142.28,0.0,0,Regular_Week,30.4,101.6,185.6,7.19,85000
2024-11-08,Store_09,Jaipur - MI Road Heritage Store,Jaipur,Rajasthan,Pharmacy,166908.49,0.1,0,Regular_Week,29.2,101.6,185.6,7.19,85000
2024-11-08,Store_10,Kochi - Marine Drive Coastal Mall,Kochi,Kerala,Grocery,325233.07,0.0,0,Regular_Week,33.2,101.6,185.6,7.19,90000
2024-11-08,Store_10,Kochi - Marine Drive Coastal Mall,Kochi,Kerala,Electronics,532666.71,0.0,0,Regular_Week,33.6,101.6,185.6,7.19,90000
2024-11-08,Store_10,Kochi - Marine Drive Coastal Mall,Kochi,Kerala,Apparel,276400.04,0.0,0,Regular_Week,32.9,101.6,185.6,7.19,90000
2024-11-08,Store_10,Kochi - Marine Drive Coastal Mall,Kochi,Kerala,Home_Garden,217007.3,0.0,0,Regular_Week,34.0,101.6,185.6,7.19,90000
2024-11-08,Store_10,Kochi - Marine Drive Coastal Mall,Kochi,Kerala,Pharmacy,170230.78,0.15,0,Regular_Week,32.0,101.6,185.6,7.19,90000
2024-11-15,Store_01,Mumbai - Bandra Kurla Complex (BKC),Mumbai,Maharashtra,Grocery,432114.98,0.0,0,Regular_Week,32.7,103.81,185.5,7.3,165000
2024-11-15,Store_01,Mumbai - Bandra Kurla Complex (BKC),Mumbai,Maharashtra,Electronics,824001.95,0.1,0,Regular_Week,31.7,103.81,185.5,7.3,165000
2024-11-15,Store_01,Mumbai - Bandra Kurla Complex (BKC),Mumbai,Maharashtra,Apparel,401041.53,0.0,0,Regular_Week,31.9,103.81,185.5,7.3,165000
2024-11-15,Store_01,Mumbai - Bandra Kurla Complex (BKC),Mumbai,Maharashtra,Home_Garden,251446.56,0.0,0,Regular_Week,31.1,103.81,185.5,7.3,165000
2024-11-15,Store_01,Mumbai - Bandra Kurla Complex (BKC),Mumbai,Maharashtra,Pharmacy,227590.37,0.1,0,Regular_Week,30.6,103.81,185.5,7.3,165000
2024-11-15,Store_02,Bengaluru - Indiranagar Tech Hub,Bengaluru,Karnataka,Grocery,436829.72,0.0,0,Regular_Week,30.1,103.81,185.5,7.3,140000
2024-11-15,Store_02,Bengaluru - Indiranagar Tech Hub,Bengaluru,Karnataka,Electronics,637345.19,0.0,0,Regular_Week,30.7,103.81,185.5,7.3,140000
2024-11-15,Store_02,Bengaluru - Indiranagar Tech Hub,Bengaluru,Karnataka,Apparel,343016.9,0.0,0,Regular_Week,28.9,103.81,185.5,7.3,140000
2024-11-15,Store_02,Bengaluru - Indiranagar Tech Hub,Bengaluru,Karnataka,Home_Garden,287014.19,0.0,0,Regular_Week,28.0,103.81,185.5,7.3,140000
2024-11-15,Store_02,Bengaluru - Indiranagar Tech Hub,Bengaluru,Karnataka,Pharmacy,193153.87,0.05,0,Regular_Week,30.6,103.81,185.5,7.3,140000
2024-11-15,Store_03,New Delhi - Connaught Place Flagship,New Delhi,Delhi NCR,Grocery,448126.09,0.0,0,Regular_Week,28.8,103.81,185.5,7.3,150000
2024-11-15,Store_03,New Delhi - Connaught Place Flagship,New Delhi,Delhi NCR,Electronics,795996.76,0.1,0,Regular_Week,31.3,103.81,185.5,7.3,150000
2024-11-15,Store_03,New Delhi - Connaught Place Flagship,New Delhi,Delhi NCR,Apparel,378113.37,0.05,0,Regular_Week,29.5,103.81,185.5,7.3,150000
2024-11-15,Store_03,New Delhi - Connaught Place Flagship,New Delhi,Delhi NCR,Home_Garden,262121.04,0.0,0,Regular_Week,29.7,103.81,185.5,7.3,150000
2024-11-15,Store_03,New Delhi - Connaught Place Flagship,New Delhi,Delhi NCR,Pharmacy,198965.17,0.05,0,Regular_Week,31.2,103.81,185.5,7.3,150000
2024-11-15,Store_04,Chennai - T. Nagar Shopping Plaza,Chennai,Tamil Nadu,Grocery,402852.8,0.0,0,Regular_Week,30.4,103.81,185.5,7.3,125000
2024-11-15,Store_04,Chennai - T. Nagar Shopping Plaza,Chennai,Tamil Nadu,Electronics,660555.11,0.05,0,Regular_Week,30.7,103.81,185.5,7.3,125000
2024-11-15,Store_04,Chennai - T. Nagar Shopping Plaza,Chennai,Tamil Nadu,Apparel,293679.74,0.0,0,Regular_Week,28.4,103.81,185.5,7.3,125000
2024-11-15,Store_04,Chennai - T. Nagar Shopping Plaza,Chennai,Tamil Nadu,Home_Garden,266030.7,0.1,0,Regular_Week,29.0,103.81,185.5,7.3,125000
2024-11-15,Store_04,Chennai - T. Nagar Shopping Plaza,Chennai,Tamil Nadu,Pharmacy,178323.65,0.0,0,Regular_Week,30.1,103.81,185.5,7.3,125000
2024-11-15,Store_05,Hyderabad - Hitec City Cyber Towers,Hyderabad,Telangana,Grocery,431242.31,0.05,0,Regular_Week,32.0,103.81,185.5,7.3,130000
2024-11-15,Store_05,Hyderabad - Hitec City Cyber Towers,Hyderabad,Telangana,Electronics,570163.94,0.0,0,Regular_Week,29.7,103.81,185.5,7.3,130000
2024-11-15,Store_05,Hyderabad - Hitec City Cyber Towers,Hyderabad,Telangana,Apparel,333939.26,0.05,0,Regular_Week,32.0,103.81,185.5,7.3,130000
2024-11-15,Store_05,Hyderabad - Hitec City Cyber Towers,Hyderabad,Telangana,Home_Garden,223842.96,0.0,0,Regular_Week,32.0,103.81,185.5,7.3,130000
2024-11-15,Store_05,Hyderabad - Hitec City Cyber Towers,Hyderabad,Telangana,Pharmacy,164097.61,0.0,0,Regular_Week,29.5,103.81,185.5,7.3,130000
2024-11-15,Store_06,Kolkata - Park Street Cultural Mall,Kolkata,West Bengal,Grocery,453416.57,0.15,0,Regular_Week,24.5,103.81,185.5,7.3,110000
2024-11-15,Store_06,Kolkata - Park Street Cultural Mall,Kolkata,West Bengal,Electronics,604188.52,0.0,0,Regular_Week,24.5,103.81,185.5,7.3,110000
2024-11-15,Store_06,Kolkata - Park Street Cultural Mall,Kolkata,West Bengal,Apparel,348666.7,0.1,0,Regular_Week,24.0,103.81,185.5,7.3,110000
2024-11-15,Store_06,Kolkata - Park Street Cultural Mall,Kolkata,West Bengal,Home_Garden,217247.52,0.05,0,Regular_Week,23.5,103.81,185.5,7.3,110000
2024-11-15,Store_06,Kolkata - Park Street Cultural Mall,Kolkata,West Bengal,Pharmacy,166398.16,0.0,0,Regular_Week,24.9,103.81,185.5,7.3,110000
2024-11-15,Store_07,Pune - Kothrud Commercial Hub,Pune,Maharashtra,Grocery,351234.08,0.0,0,Regular_Week,23.3,103.81,185.5,7.3,95000
2024-11-15,Store_07,Pune - Kothrud Commercial Hub,Pune,Maharashtra,Electronics,557167.95,0.05,0,Regular_Week,22.7,103.81,185.5,7.3,95000
2024-11-15,Store_07,Pune - Kothrud Commercial Hub,Pune,Maharashtra,Apparel,277174.42,0.0,0,Regular_Week,22.5,103.81,185.5,7.3,95000
2024-11-15,Store_07,Pune - Kothrud Commercial Hub,Pune,Maharashtra,Home_Garden,239269.85,0.05,0,Regular_Week,23.3,103.81,185.5,7.3,95000
2024-11-15,Store_07,Pune - Kothrud Commercial Hub,Pune,Maharashtra,Pharmacy,149346.13,0.0,0,Regular_Week,21.5,103.81,185.5,7.3,95000
2024-11-15,Store_08,Ahmedabad - SG Highway Hypermarket,Ahmedabad,Gujarat,Grocery,366087.03,0.0,0,Regular_Week,30.9,103.81,185.5,7.3,120000
2024-11-15,Store_08,Ahmedabad - SG Highway Hypermarket,Ahmedabad,Gujarat,Electronics,649893.24,0.05,0,Regular_Week,29.5,103.81,185.5,7.3,120000
2024-11-15,Store_08,Ahmedabad - SG Highway Hypermarket,Ahmedabad,Gujarat,Apparel,372289.61,0.1,0,Regular_Week,28.5,103.81,185.5,7.3,120000
2024-11-15,Store_08,Ahmedabad - SG Highway Hypermarket,Ahmedabad,Gujarat,Home_Garden,244414.0,0.1,0,Regular_Week,28.2,103.81,185.5,7.3,120000
2024-11-15,Store_08,Ahmedabad - SG Highway Hypermarket,Ahmedabad,Gujarat,Pharmacy,197257.72,0.15,0,Regular_Week,28.9,103.81,185.5,7.3,120000
2024-11-15,Store_09,Jaipur - MI Road Heritage Store,Jaipur,Rajasthan,Grocery,336179.39,0.0,0,Regular_Week,29.5,103.81,185.5,7.3,85000
2024-11-15,Store_09,Jaipur - MI Road Heritage Store,Jaipur,Rajasthan,Electronics,606895.35,0.1,0,Regular_Week,30.3,103.81,185.5,7.3,85000
2024-11-15,Store_09,Jaipur - MI Road Heritage Store,Jaipur,Rajasthan,Apparel,269627.3,0.0,0,Regular_Week,31.0,103.81,185.5,7.3,85000
2024-11-15,Store_09,Jaipur - MI Road Heritage Store,Jaipur,Rajasthan,Home_Garden,192220.27,0.0,0,Regular_Week,30.0,103.81,185.5,7.3,85000
2024-11-15,Store_09,Jaipur - MI Road Heritage Store,Jaipur,Rajasthan,Pharmacy,186114.55,0.15,0,Regular_Week,29.9,103.81,185.5,7.3,85000
2024-11-15,Store_10,Kochi - Marine Drive Coastal Mall,Kochi,Kerala,Grocery,322350.28,0.0,0,Regular_Week,30.1,103.81,185.5,7.3,90000
2024-11-15,Store_10,Kochi - Marine Drive Coastal Mall,Kochi,Kerala,Electronics,561458.78,0.0,0,Regular_Week,27.9,103.81,185.5,7.3,90000
2024-11-15,Store_10,Kochi - Marine Drive Coastal Mall,Kochi,Kerala,Apparel,290585.14,0.0,0,Regular_Week,28.1,103.81,185.5,7.3,90000
2024-11-15,Store_10,Kochi - Marine Drive Coastal Mall,Kochi,Kerala,Home_Garden,210890.24,0.0,0,Regular_Week,30.0,103.81,185.5,7.3,90000
2024-11-15,Store_10,Kochi - Marine Drive Coastal Mall,Kochi,Kerala,Pharmacy,167880.7,0.05,0,Regular_Week,30.5,103.81,185.5,7.3,90000
2024-11-22,Store_01,Mumbai - Bandra Kurla Complex (BKC),Mumbai,Maharashtra,Grocery,515094.87,0.1,0,Regular_Week,28.5,100.97,185.5,6.73,165000
2024-11-22,Store_01,Mumbai - Bandra Kurla Complex (BKC),Mumbai,Maharashtra,Electronics,683059.07,0.0,0,Regular_Week,27.8,100.97,185.5,6.73,165000
2024-11-22,Store_01,Mumbai - Bandra Kurla Complex (BKC),Mumbai,Maharashtra,Apparel,339230.9,0.0,0,Regular_Week,27.1,100.97,185.5,6.73,165000
2024-11-22,Store_01,Mumbai - Bandra Kurla Complex (BKC),Mumbai,Maharashtra,Home_Garden,272418.61,0.0,0,Regular_Week,29.6,100.97,185.5,6.73,165000
2024-11-22,Store_01,Mumbai - Bandra Kurla Complex (BKC),Mumbai,Maharashtra,Pharmacy,206104.4,0.0,0,Regular_Week,28.7,100.97,185.5,6.73,165000
2024-11-22,Store_02,Bengaluru - Indiranagar Tech Hub,Bengaluru,Karnataka,Grocery,405265.85,0.0,0,Regular_Week,29.1,100.97,185.5,6.73,140000
2024-11-22,Store_02,Bengaluru - Indiranagar Tech Hub,Bengaluru,Karnataka,Electronics,648917.0,0.0,0,Regular_Week,30.8,100.97,185.5,6.73,140000
2024-11-22,Store_02,Bengaluru - Indiranagar Tech Hub,Bengaluru,Karnataka,Apparel,336258.67,0.0,0,Regular_Week,30.1,100.97,185.5,6.73,140000
2024-11-22,Store_02,Bengaluru - Indiranagar Tech Hub,Bengaluru,Karnataka,Home_Garden,284455.28,0.05,0,Regular_Week,30.0,100.97,185.5,6.73,140000
2024-11-22,Store_02,Bengaluru - Indiranagar Tech Hub,Bengaluru,Karnataka,Pharmacy,198715.27,0.1,0,Regular_Week,30.6,100.97,185.5,6.73,140000
2024-11-22,Store_03,New Delhi - Connaught Place Flagship,New Delhi,Delhi NCR,Grocery,468497.5,0.0,0,Regular_Week,31.4,100.97,185.5,6.73,150000
2024-11-22,Store_03,New Delhi - Connaught Place Flagship,New Delhi,Delhi NCR,Electronics,651210.38,0.0,0,Regular_Week,29.1,100.97,185.5,6.73,150000
2024-11-22,Store_03,New Delhi - Connaught Place Flagship,New Delhi,Delhi NCR,Apparel,367617.05,0.0,0,Regular_Week,29.9,100.97,185.5,6.73,150000
2024-11-22,Store_03,New Delhi - Connaught Place Flagship,New Delhi,Delhi NCR,Home_Garden,289723.41,0.0,0,Regular_Week,30.4,100.97,185.5,6.73,150000
2024-11-22,Store_03,New Delhi - Connaught Place Flagship,New Delhi,Delhi NCR,Pharmacy,197098.62,0.0,0,Regular_Week,30.9,100.97,185.5,6.73,150000
2024-11-22,Store_04,Chennai - T. Nagar Shopping Plaza,Chennai,Tamil Nadu,Grocery,443833.27,0.15,0,Regular_Week,29.5,100.97,185.5,6.73,125000
2024-11-22,Store_04,Chennai - T. Nagar Shopping Plaza,Chennai,Tamil Nadu,Electronics,683425.34,0.15,0,Regular_Week,29.9,100.97,185.5,6.73,125000
2024-11-22,Store_04,Chennai - T. Nagar Shopping Plaza,Chennai,Tamil Nadu,Apparel,410792.99,0.15,0,Regular_Week,29.8,100.97,185.5,6.73,125000
2024-11-22,Store_04,Chennai - T. Nagar Shopping Plaza,Chennai,Tamil Nadu,Home_Garden,259715.53,0.1,0,Regular_Week,32.0,100.97,185.5,6.73,125000
2024-11-22,Store_04,Chennai - T. Nagar Shopping Plaza,Chennai,Tamil Nadu,Pharmacy,183343.69,0.15,0,Regular_Week,29.4,100.97,185.5,6.73,125000
2024-11-22,Store_05,Hyderabad - Hitec City Cyber Towers,Hyderabad,Telangana,Grocery,424946.32,0.0,0,Regular_Week,25.7,100.97,185.5,6.73,130000
2024-11-22,Store_05,Hyderabad - Hitec City Cyber Towers,Hyderabad,Telangana,Electronics,621321.9,0.0,0,Regular_Week,26.2,100.97,185.5,6.73,130000
2024-11-22,Store_05,Hyderabad - Hitec City Cyber Towers,Hyderabad,Telangana,Apparel,349876.77,0.05,0,Regular_Week,25.0,100.97,185.5,6.73,130000
2024-11-22,Store_05,Hyderabad - Hitec City Cyber Towers,Hyderabad,Telangana,Home_Garden,248503.12,0.0,0,Regular_Week,24.1,100.97,185.5,6.73,130000
2024-11-22,Store_05,Hyderabad - Hitec City Cyber Towers,Hyderabad,Telangana,Pharmacy,177660.03,0.0,0,Regular_Week,23.9,100.97,185.5,6.73,130000
2024-11-22,Store_06,Kolkata - Park Street Cultural Mall,Kolkata,West Bengal,Grocery,346821.4,0.0,0,Regular_Week,28.2,100.97,185.5,6.73,110000
2024-11-22,Store_06,Kolkata - Park Street Cultural Mall,Kolkata,West Bengal,Electronics,525880.01,0.0,0,Regular_Week,28.8,100.97,185.5,6.73,110000
2024-11-22,Store_06,Kolkata - Park Street Cultural Mall,Kolkata,West Bengal,Apparel,370741.58,0.15,0,Regular_Week,28.9,100.97,185.5,6.73,110000
2024-11-22,Store_06,Kolkata - Park Street Cultural Mall,Kolkata,West Bengal,Home_Garden,220316.77,0.0,0,Regular_Week,29.2,100.97,185.5,6.73,110000
2024-11-22,Store_06,Kolkata - Park Street Cultural Mall,Kolkata,West Bengal,Pharmacy,157356.29,0.0,0,Regular_Week,28.1,100.97,185.5,6.73,110000
2024-11-22,Store_07,Pune - Kothrud Commercial Hub,Pune,Maharashtra,Grocery,330008.62,0.0,0,Regular_Week,24.3,100.97,185.5,6.73,95000
2024-11-22,Store_07,Pune - Kothrud Commercial Hub,Pune,Maharashtra,Electronics,570632.8,0.05,0,Regular_Week,25.9,100.97,185.5,6.73,95000
2024-11-22,Store_07,Pune - Kothrud Commercial Hub,Pune,Maharashtra,Apparel,282679.16,0.0,0,Regular_Week,24.1,100.97,185.5,6.73,95000
2024-11-22,Store_07,Pune - Kothrud Commercial Hub,Pune,Maharashtra,Home_Garden,254244.54,0.15,0,Regular_Week,26.8,100.97,185.5,6.73,95000
2024-11-22,Store_07,Pune - Kothrud Commercial Hub,Pune,Maharashtra,Pharmacy,137333.68,0.0,0,Regular_Week,23.9,100.97,185.5,6.73,95000
2024-11-22,Store_08,Ahmedabad - SG Highway Hypermarket,Ahmedabad,Gujarat,Grocery,390405.76,0.0,0,Regular_Week,22.0,100.97,185.5,6.73,120000
2024-11-22,Store_08,Ahmedabad - SG Highway Hypermarket,Ahmedabad,Gujarat,Electronics,644671.58,0.0,0,Regular_Week,23.3,100.97,185.5,6.73,120000
2024-11-22,Store_08,Ahmedabad - SG Highway Hypermarket,Ahmedabad,Gujarat,Apparel,365703.82,0.0,0,Regular_Week,23.0,100.97,185.5,6.73,120000
2024-11-22,Store_08,Ahmedabad - SG Highway Hypermarket,Ahmedabad,Gujarat,Home_Garden,239850.78,0.0,0,Regular_Week,22.6,100.97,185.5,6.73,120000
2024-11-22,Store_08,Ahmedabad - SG Highway Hypermarket,Ahmedabad,Gujarat,Pharmacy,156052.75,0.0,0,Regular_Week,22.5,100.97,185.5,6.73,120000
2024-11-22,Store_09,Jaipur - MI Road Heritage Store,Jaipur,Rajasthan,Grocery,365544.47,0.0,0,Regular_Week,31.2,100.97,185.5,6.73,85000
2024-11-22,Store_09,Jaipur - MI Road Heritage Store,Jaipur,Rajasthan,Electronics,504764.1,0.0,0,Regular_Week,29.8,100.97,185.5,6.73,85000
2024-11-22,Store_09,Jaipur - MI Road Heritage Store,Jaipur,Rajasthan,Apparel,279238.5,0.0,0,Regular_Week,31.1,100.97,185.5,6.73,85000
2024-11-22,Store_09,Jaipur - MI Road Heritage Store,Jaipur,Rajasthan,Home_Garden,218552.12,0.15,0,Regular_Week,28.6,100.97,185.5,6.73,85000
2024-11-22,Store_09,Jaipur - MI Road Heritage Store,Jaipur,Rajasthan,Pharmacy,164973.37,0.05,0,Regular_Week,30.6,100.97,185.5,6.73,85000
2024-11-22,Store_10,Kochi - Marine Drive Coastal Mall,Kochi,Kerala,Grocery,362941.3,0.0,0,Regular_Week,28.6,100.97,185.5,6.73,90000
2024-11-22,Store_10,Kochi - Marine Drive Coastal Mall,Kochi,Kerala,Electronics,554228.22,0.0,0,Regular_Week,29.9,100.97,185.5,6.73,90000
2024-11-22,Store_10,Kochi - Marine Drive Coastal Mall,Kochi,Kerala,Apparel,277427.31,0.0,0,Regular_Week,28.3,100.97,185.5,6.73,90000
2024-11-22,Store_10,Kochi - Marine Drive Coastal Mall,Kochi,Kerala,Home_Garden,215893.26,0.0,0,Regular_Week,28.4,100.97,185.5,6.73,90000
2024-11-22,Store_10,Kochi - Marine Drive Coastal Mall,Kochi,Kerala,Pharmacy,154792.04,0.0,0,Regular_Week,29.7,100.97,185.5,6.73,90000
2024-11-29,Store_01,Mumbai - Bandra Kurla Complex (BKC),Mumbai,Maharashtra,Grocery,474615.86,0.0,0,Regular_Week,30.4,96.58,185.6,7.44,165000
2024-11-29,Store_01,Mumbai - Bandra Kurla Complex (BKC),Mumbai,Maharashtra,Electronics,682633.34,0.0,0,Regular_Week,31.3,96.58,185.6,7.44,165000
2024-11-29,Store_01,Mumbai - Bandra Kurla Complex (BKC),Mumbai,Maharashtra,Apparel,371463.33,0.0,0,Regular_Week,31.7,96.58,185.6,7.44,165000
2024-11-29,Store_01,Mumbai - Bandra Kurla Complex (BKC),Mumbai,Maharashtra,Home_Garden,299184.31,0.1,0,Regular_Week,32.5,96.58,185.6,7.44,165000
2024-11-29,Store_01,Mumbai - Bandra Kurla Complex (BKC),Mumbai,Maharashtra,Pharmacy,238893.54,0.1,0,Regular_Week,31.2,96.58,185.6,7.44,165000
2024-11-29,Store_02,Bengaluru - Indiranagar Tech Hub,Bengaluru,Karnataka,Grocery,445460.17,0.0,0,Regular_Week,24.4,96.58,185.6,7.44,140000
2024-11-29,Store_02,Bengaluru - Indiranagar Tech Hub,Bengaluru,Karnataka,Electronics,636159.82,0.0,0,Regular_Week,23.2,96.58,185.6,7.44,140000
2024-11-29,Store_02,Bengaluru - Indiranagar Tech Hub,Bengaluru,Karnataka,Apparel,357592.81,0.0,0,Regular_Week,23.1,96.58,185.6,7.44,140000
2024-11-29,Store_02,Bengaluru - Indiranagar Tech Hub,Bengaluru,Karnataka,Home_Garden,261703.01,0.0,0,Regular_Week,24.3,96.58,185.6,7.44,140000
2024-11-29,Store_02,Bengaluru - Indiranagar Tech Hub,Bengaluru,Karnataka,Pharmacy,193073.89,0.0,0,Regular_Week,23.6,96.58,185.6,7.44,140000
2024-11-29,Store_03,New Delhi - Connaught Place Flagship,New Delhi,Delhi NCR,Grocery,471640.91,0.0,0,Regular_Week,30.1,96.58,185.6,7.44,150000
2024-11-29,Store_03,New Delhi - Connaught Place Flagship,New Delhi,Delhi NCR,Electronics,732279.46,0.05,0,Regular_Week,30.3,96.58,185.6,7.44,150000
2024-11-29,Store_03,New Delhi - Connaught Place Flagship,New Delhi,Delhi NCR,Apparel,338515.63,0.0,0,Regular_Week,29.3,96.58,185.6,7.44,150000
2024-11-29,Store_03,New Delhi - Connaught Place Flagship,New Delhi,Delhi NCR,Home_Garden,268024.56,0.0,0,Regular_Week,29.4,96.58,185.6,7.44,150000
2024-11-29,Store_03,New Delhi - Connaught Place Flagship,New Delhi,Delhi NCR,Pharmacy,224833.34,0.15,0,Regular_Week,30.1,96.58,185.6,7.44,150000
2024-11-29,Store_04,Chennai - T. Nagar Shopping Plaza,Chennai,Tamil Nadu,Grocery,431603.74,0.05,0,Regular_Week,28.3,96.58,185.6,7.44,125000
2024-11-29,Store_04,Chennai - T. Nagar Shopping Plaza,Chennai,Tamil Nadu,Electronics,536253.25,0.0,0,Regular_Week,28.2,96.58,185.6,7.44,125000
2024-11-29,Store_04,Chennai - T. Nagar Shopping Plaza,Chennai,Tamil Nadu,Apparel,306400.13,0.0,0,Regular_Week,30.7,96.58,185.6,7.44,125000
2024-11-29,Store_04,Chennai - T. Nagar Shopping Plaza,Chennai,Tamil Nadu,Home_Garden,262421.9,0.1,0,Regular_Week,30.9,96.58,185.6,7.44,125000
2024-11-29,Store_04,Chennai - T. Nagar Shopping Plaza,Chennai,Tamil Nadu,Pharmacy,169015.58,0.0,0,Regular_Week,29.7,96.58,185.6,7.44,125000
2024-11-29,Store_05,Hyderabad - Hitec City Cyber Towers,Hyderabad,Telangana,Grocery,494308.03,0.15,0,Regular_Week,25.1,96.58,185.6,7.44,130000
2024-11-29,Store_05,Hyderabad - Hitec City Cyber Towers,Hyderabad,Telangana,Electronics,544233.14,0.0,0,Regular_Week,24.6,96.58,185.6,7.44,130000
2024-11-29,Store_05,Hyderabad - Hitec City Cyber Towers,Hyderabad,Telangana,Apparel,321046.73,0.0,0,Regular_Week,23.4,96.58,185.6,7.44,130000
2024-11-29,Store_05,Hyderabad - Hitec City Cyber Towers,Hyderabad,Telangana,Home_Garden,247828.13,0.0,0,Regular_Week,24.2,96.58,185.6,7.44,130000
2024-11-29,Store_05,Hyderabad - Hitec City Cyber Towers,Hyderabad,Telangana,Pharmacy,196671.61,0.15,0,Regular_Week,23.3,96.58,185.6,7.44,130000
2024-11-29,Store_06,Kolkata - Park Street Cultural Mall,Kolkata,West Bengal,Grocery,451766.2,0.15,0,Regular_Week,26.0,96.58,185.6,7.44,110000
2024-11-29,Store_06,Kolkata - Park Street Cultural Mall,Kolkata,West Bengal,Electronics,677044.07,0.1,0,Regular_Week,27.2,96.58,185.6,7.44,110000
2024-11-29,Store_06,Kolkata - Park Street Cultural Mall,Kolkata,West Bengal,Apparel,321591.51,0.0,0,Regular_Week,25.0,96.58,185.6,7.44,110000
2024-11-29,Store_06,Kolkata - Park Street Cultural Mall,Kolkata,West Bengal,Home_Garden,217500.34,0.0,0,Regular_Week,25.5,96.58,185.6,7.44,110000
2024-11-29,Store_06,Kolkata - Park Street Cultural Mall,Kolkata,West Bengal,Pharmacy,163069.27,0.0,0,Regular_Week,25.0,96.58,185.6,7.44,110000
2024-11-29,Store_07,Pune - Kothrud Commercial Hub,Pune,Maharashtra,Grocery,387362.99,0.1,0,Regular_Week,30.9,96.58,185.6,7.44,95000
2024-11-29,Store_07,Pune - Kothrud Commercial Hub,Pune,Maharashtra,Electronics,517862.6,0.0,0,Regular_Week,32.5,96.58,185.6,7.44,95000
2024-11-29,Store_07,Pune - Kothrud Commercial Hub,Pune,Maharashtra,Apparel,283070.3,0.0,0,Regular_Week,31.2,96.58,185.6,7.44,95000
2024-11-29,Store_07,Pune - Kothrud Commercial Hub,Pune,Maharashtra,Home_Garden,216349.28,0.15,0,Regular_Week,31.6,96.58,185.6,7.44,95000
2024-11-29,Store_07,Pune - Kothrud Commercial Hub,Pune,Maharashtra,Pharmacy,173270.37,0.05,0,Regular_Week,33.0,96.58,185.6,7.44,95000
2024-11-29,Store_08,Ahmedabad - SG Highway Hypermarket,Ahmedabad,Gujarat,Grocery,409105.18,0.0,0,Regular_Week,31.1,96.58,185.6,7.44,120000
2024-11-29,Store_08,Ahmedabad - SG Highway Hypermarket,Ahmedabad,Gujarat,Electronics,631803.63,0.0,0,Regular_Week,30.0,96.58,185.6,7.44,120000
2024-11-29,Store_08,Ahmedabad - SG Highway Hypermarket,Ahmedabad,Gujarat,Apparel,325299.38,0.0,0,Regular_Week,29.8,96.58,185.6,7.44,120000
2024-11-29,Store_08,Ahmedabad - SG Highway Hypermarket,Ahmedabad,Gujarat,Home_Garden,229220.83,0.0,0,Regular_Week,30.9,96.58,185.6,7.44,120000
2024-11-29,Store_08,Ahmedabad - SG Highway Hypermarket,Ahmedabad,Gujarat,Pharmacy,173872.87,0.0,0,Regular_Week,31.9,96.58,185.6,7.44,120000
2024-11-29,Store_09,Jaipur - MI Road Heritage Store,Jaipur,Rajasthan,Grocery,343739.37,0.0,0,Regular_Week,30.2,96.58,185.6,7.44,85000
2024-11-29,Store_09,Jaipur - MI Road Heritage Store,Jaipur,Rajasthan,Electronics,557920.24,0.0,0,Regular_Week,30.9,96.58,185.6,7.44,85000
2024-11-29,Store_09,Jaipur - MI Road Heritage Store,Jaipur,Rajasthan,Apparel,327448.36,0.15,0,Regular_Week,30.6,96.58,185.6,7.44,85000
2024-11-29,Store_09,Jaipur - MI Road Heritage Store,Jaipur,Rajasthan,Home_Garden,239341.02,0.15,0,Regular_Week,31.2,96.58,185.6,7.44,85000
2024-11-29,Store_09,Jaipur - MI Road Heritage Store,Jaipur,Rajasthan,Pharmacy,155637.66,0.0,0,Regular_Week,29.0,96.58,185.6,7.44,85000
2024-11-29,Store_10,Kochi - Marine Drive Coastal Mall,Kochi,Kerala,Grocery,395678.28,0.05,0,Regular_Week,27.9,96.58,185.6,7.44,90000
2024-11-29,Store_10,Kochi - Marine Drive Coastal Mall,Kochi,Kerala,Electronics,530878.7,0.0,0,Regular_Week,28.9,96.58,185.6,7.44,90000
2024-11-29,Store_10,Kochi - Marine Drive Coastal Mall,Kochi,Kerala,Apparel,274337.2,0.0,0,Regular_Week,28.3,96.58,185.6,7.44,90000
2024-11-29,Store_10,Kochi - Marine Drive Coastal Mall,Kochi,Kerala,Home_Garden,234132.17,0.1,0,Regular_Week,29.5,96.58,185.6,7.44,90000
2024-11-29,Store_10,Kochi - Marine Drive Coastal Mall,Kochi,Kerala,Pharmacy,176831.85,0.15,0,Regular_Week,28.7,96.58,185.6,7.44,90000
2024-12-06,Store_01,Mumbai - Bandra Kurla Complex (BKC),Mumbai,Maharashtra,Grocery,441176.97,0.0,0,Regular_Week,30.8,97.74,186.2,6.85,165000
2024-12-06,Store_01,Mumbai - Bandra Kurla Complex (BKC),Mumbai,Maharashtra,Electronics,627645.93,0.0,0,Regular_Week,29.5,97.74,186.2,6.85,165000
2024-12-06,Store_01,Mumbai - Bandra Kurla Complex (BKC),Mumbai,Maharashtra,Apparel,388658.36,0.0,0,Regular_Week,28.3,97.74,186.2,6.85,165000
2024-12-06,Store_01,Mumbai - Bandra Kurla Complex (BKC),Mumbai,Maharashtra,Home_Garden,276525.72,0.0,0,Regular_Week,30.9,97.74,186.2,6.85,165000
2024-12-06,Store_01,Mumbai - Bandra Kurla Complex (BKC),Mumbai,Maharashtra,Pharmacy,193376.97,0.0,0,Regular_Week,31.0,97.74,186.2,6.85,165000
2024-12-06,Store_02,Bengaluru - Indiranagar Tech Hub,Bengaluru,Karnataka,Grocery,489838.41,0.15,0,Regular_Week,24.6,97.74,186.2,6.85,140000
2024-12-06,Store_02,Bengaluru - Indiranagar Tech Hub,Bengaluru,Karnataka,Electronics,678405.11,0.05,0,Regular_Week,23.8,97.74,186.2,6.85,140000
2024-12-06,Store_02,Bengaluru - Indiranagar Tech Hub,Bengaluru,Karnataka,Apparel,432142.64,0.15,0,Regular_Week,24.0,97.74,186.2,6.85,140000
2024-12-06,Store_02,Bengaluru - Indiranagar Tech Hub,Bengaluru,Karnataka,Home_Garden,247484.25,0.0,0,Regular_Week,23.7,97.74,186.2,6.85,140000
2024-12-06,Store_02,Bengaluru - Indiranagar Tech Hub,Bengaluru,Karnataka,Pharmacy,192718.65,0.0,0,Regular_Week,22.7,97.74,186.2,6.85,140000
2024-12-06,Store_03,New Delhi - Connaught Place Flagship,New Delhi,Delhi NCR,Grocery,436764.12,0.0,0,Regular_Week,12.6,97.74,186.2,6.85,150000
2024-12-06,Store_03,New Delhi - Connaught Place Flagship,New Delhi,Delhi NCR,Electronics,634696.3,0.0,0,Regular_Week,13.8,97.74,186.2,6.85,150000
2024-12-06,Store_03,New Delhi - Connaught Place Flagship,New Delhi,Delhi NCR,Apparel,336790.02,0.0,0,Regular_Week,15.4,97.74,186.2,6.85,150000
2024-12-06,Store_03,New Delhi - Connaught Place Flagship,New Delhi,Delhi NCR,Home_Garden,278933.02,0.0,0,Regular_Week,13.1,97.74,186.2,6.85,150000
2024-12-06,Store_03,New Delhi - Connaught Place Flagship,New Delhi,Delhi NCR,Pharmacy,185066.11,0.05,0,Regular_Week,13.7,97.74,186.2,6.85,150000
2024-12-06,Store_04,Chennai - T. Nagar Shopping Plaza,Chennai,Tamil Nadu,Grocery,422407.3,0.0,0,Regular_Week,33.1,97.74,186.2,6.85,125000
2024-12-06,Store_04,Chennai - T. Nagar Shopping Plaza,Chennai,Tamil Nadu,Electronics,583735.88,0.0,0,Regular_Week,32.0,97.74,186.2,6.85,125000
2024-12-06,Store_04,Chennai - T. Nagar Shopping Plaza,Chennai,Tamil Nadu,Apparel,382041.28,0.1,0,Regular_Week,33.0,97.74,186.2,6.85,125000
2024-12-06,Store_04,Chennai - T. Nagar Shopping Plaza,Chennai,Tamil Nadu,Home_Garden,223731.12,0.0,0,Regular_Week,32.8,97.74,186.2,6.85,125000
2024-12-06,Store_04,Chennai - T. Nagar Shopping Plaza,Chennai,Tamil Nadu,Pharmacy,190812.0,0.15,0,Regular_Week,32.5,97.74,186.2,6.85,125000
2024-12-06,Store_05,Hyderabad - Hitec City Cyber Towers,Hyderabad,Telangana,Grocery,386715.31,0.0,0,Regular_Week,25.4,97.74,186.2,6.85,130000
2024-12-06,Store_05,Hyderabad - Hitec City Cyber Towers,Hyderabad,Telangana,Electronics,586456.22,0.0,0,Regular_Week,24.4,97.74,186.2,6.85,130000
2024-12-06,Store_05,Hyderabad - Hitec City Cyber Towers,Hyderabad,Telangana,Apparel,356631.89,0.0,0,Regular_Week,24.9,97.74,186.2,6.85,130000
2024-12-06,Store_05,Hyderabad - Hitec City Cyber Towers,Hyderabad,Telangana,Home_Garden,225510.48,0.0,0,Regular_Week,23.4,97.74,186.2,6.85,130000
2024-12-06,Store_05,Hyderabad - Hitec City Cyber Towers,Hyderabad,Telangana,Pharmacy,202053.21,0.15,0,Regular_Week,26.3,97.74,186.2,6.85,130000
2024-12-06,Store_06,Kolkata - Park Street Cultural Mall,Kolkata,West Bengal,Grocery,393462.18,0.0,0,Regular_Week,23.8,97.74,186.2,6.85,110000
2024-12-06,Store_06,Kolkata - Park Street Cultural Mall,Kolkata,West Bengal,Electronics,585712.55,0.0,0,Regular_Week,22.6,97.74,186.2,6.85,110000
2024-12-06,Store_06,Kolkata - Park Street Cultural Mall,Kolkata,West Bengal,Apparel,318816.34,0.1,0,Regular_Week,22.2,97.74,186.2,6.85,110000
2024-12-06,Store_06,Kolkata - Park Street Cultural Mall,Kolkata,West Bengal,Home_Garden,222398.12,0.1,0,Regular_Week,23.5,97.74,186.2,6.85,110000
2024-12-06,Store_06,Kolkata - Park Street Cultural Mall,Kolkata,West Bengal,Pharmacy,181758.74,0.15,0,Regular_Week,23.0,97.74,186.2,6.85,110000
2024-12-06,Store_07,Pune - Kothrud Commercial Hub,Pune,Maharashtra,Grocery,362417.4,0.0,0,Regular_Week,25.3,97.74,186.2,6.85,95000
2024-12-06,Store_07,Pune - Kothrud Commercial Hub,Pune,Maharashtra,Electronics,556297.72,0.1,0,Regular_Week,23.3,97.74,186.2,6.85,95000
2024-12-06,Store_07,Pune - Kothrud Commercial Hub,Pune,Maharashtra,Apparel,293941.67,0.0,0,Regular_Week,24.1,97.74,186.2,6.85,95000
2024-12-06,Store_07,Pune - Kothrud Commercial Hub,Pune,Maharashtra,Home_Garden,229974.14,0.0,0,Regular_Week,24.0,97.74,186.2,6.85,95000
2024-12-06,Store_07,Pune - Kothrud Commercial Hub,Pune,Maharashtra,Pharmacy,153026.9,0.0,0,Regular_Week,23.4,97.74,186.2,6.85,95000
2024-12-06,Store_08,Ahmedabad - SG Highway Hypermarket,Ahmedabad,Gujarat,Grocery,407726.92,0.0,0,Regular_Week,25.3,97.74,186.2,6.85,120000
2024-12-06,Store_08,Ahmedabad - SG Highway Hypermarket,Ahmedabad,Gujarat,Electronics,612328.93,0.0,0,Regular_Week,24.1,97.74,186.2,6.85,120000
2024-12-06,Store_08,Ahmedabad - SG Highway Hypermarket,Ahmedabad,Gujarat,Apparel,325442.72,0.0,0,Regular_Week,23.9,97.74,186.2,6.85,120000
2024-12-06,Store_08,Ahmedabad - SG Highway Hypermarket,Ahmedabad,Gujarat,Home_Garden,226732.77,0.0,0,Regular_Week,26.5,97.74,186.2,6.85,120000
2024-12-06,Store_08,Ahmedabad - SG Highway Hypermarket,Ahmedabad,Gujarat,Pharmacy,181352.41,0.1,0,Regular_Week,24.5,97.74,186.2,6.85,120000
2024-12-06,Store_09,Jaipur - MI Road Heritage Store,Jaipur,Rajasthan,Grocery,325636.46,0.0,0,Regular_Week,12.9,97.74,186.2,6.85,85000
2024-12-06,Store_09,Jaipur - MI Road Heritage Store,Jaipur,Rajasthan,Electronics,517956.92,0.0,0,Regular_Week,13.1,97.74,186.2,6.85,85000
2024-12-06,Store_09,Jaipur - MI Road Heritage Store,Jaipur,Rajasthan,Apparel,269564.8,0.0,0,Regular_Week,14.1,97.74,186.2,6.85,85000
2024-12-06,Store_09,Jaipur - MI Road Heritage Store,Jaipur,Rajasthan,Home_Garden,185158.28,0.0,0,Regular_Week,14.5,97.74,186.2,6.85,85000
2024-12-06,Store_09,Jaipur - MI Road Heritage Store,Jaipur,Rajasthan,Pharmacy,148302.84,0.0,0,Regular_Week,14.2,97.74,186.2,6.85,85000
2024-12-06,Store_10,Kochi - Marine Drive Coastal Mall,Kochi,Kerala,Grocery,382075.0,0.0,0,Regular_Week,33.4,97.74,186.2,6.85,90000
2024-12-06,Store_10,Kochi - Marine Drive Coastal Mall,Kochi,Kerala,Electronics,516871.17,0.0,0,Regular_Week,34.4,97.74,186.2,6.85,90000
2024-12-06,Store_10,Kochi - Marine Drive Coastal Mall,Kochi,Kerala,Apparel,253209.52,0.0,0,Regular_Week,33.8,97.74,186.2,6.85,90000
2024-12-06,Store_10,Kochi - Marine Drive Coastal Mall,Kochi,Kerala,Home_Garden,237527.13,0.1,0,Regular_Week,32.1,97.74,186.2,6.85,90000
2024-12-06,Store_10,Kochi - Marine Drive Coastal Mall,Kochi,Kerala,Pharmacy,153921.14,0.0,0,Regular_Week,33.2,97.74,186.2,6.85,90000
2024-12-13,Store_01,Mumbai - Bandra Kurla Complex (BKC),Mumbai,Maharashtra,Grocery,459521.72,0.0,0,Regular_Week,32.9,100.8,186.4,7.18,165000
2024-12-13,Store_01,Mumbai - Bandra Kurla Complex (BKC),Mumbai,Maharashtra,Electronics,765253.14,0.05,0,Regular_Week,35.0,100.8,186.4,7.18,165000
2024-12-13,Store_01,Mumbai - Bandra Kurla Complex (BKC),Mumbai,Maharashtra,Apparel,404901.91,0.1,0,Regular_Week,32.4,100.8,186.4,7.18,165000
2024-12-13,Store_01,Mumbai - Bandra Kurla Complex (BKC),Mumbai,Maharashtra,Home_Garden,266310.54,0.0,0,Regular_Week,34.1,100.8,186.4,7.18,165000
2024-12-13,Store_01,Mumbai - Bandra Kurla Complex (BKC),Mumbai,Maharashtra,Pharmacy,181854.02,0.0,0,Regular_Week,33.4,100.8,186.4,7.18,165000
2024-12-13,Store_02,Bengaluru - Indiranagar Tech Hub,Bengaluru,Karnataka,Grocery,417688.05,0.0,0,Regular_Week,31.7,100.8,186.4,7.18,140000
2024-12-13,Store_02,Bengaluru - Indiranagar Tech Hub,Bengaluru,Karnataka,Electronics,761867.2,0.1,0,Regular_Week,31.2,100.8,186.4,7.18,140000
2024-12-13,Store_02,Bengaluru - Indiranagar Tech Hub,Bengaluru,Karnataka,Apparel,355151.55,0.0,0,Regular_Week,32.4,100.8,186.4,7.18,140000
2024-12-13,Store_02,Bengaluru - Indiranagar Tech Hub,Bengaluru,Karnataka,Home_Garden,243661.9,0.0,0,Regular_Week,32.3,100.8,186.4,7.18,140000
2024-12-13,Store_02,Bengaluru - Indiranagar Tech Hub,Bengaluru,Karnataka,Pharmacy,188605.79,0.0,0,Regular_Week,31.3,100.8,186.4,7.18,140000
2024-12-13,Store_03,New Delhi - Connaught Place Flagship,New Delhi,Delhi NCR,Grocery,519216.32,0.15,0,Regular_Week,15.4,100.8,186.4,7.18,150000
2024-12-13,Store_03,New Delhi - Connaught Place Flagship,New Delhi,Delhi NCR,Electronics,692079.19,0.0,0,Regular_Week,14.7,100.8,186.4,7.18,150000
2024-12-13,Store_03,New Delhi - Connaught Place Flagship,New Delhi,Delhi NCR,Apparel,337005.29,0.0,0,Regular_Week,14.4,100.8,186.4,7.18,150000
2024-12-13,Store_03,New Delhi - Connaught Place Flagship,New Delhi,Delhi NCR,Home_Garden,276552.93,0.1,0,Regular_Week,14.4,100.8,186.4,7.18,150000
2024-12-13,Store_03,New Delhi - Connaught Place Flagship,New Delhi,Delhi NCR,Pharmacy,197546.41,0.0,0,Regular_Week,12.9,100.8,186.4,7.18,150000
2024-12-13,Store_04,Chennai - T. Nagar Shopping Plaza,Chennai,Tamil Nadu,Grocery,389056.85,0.0,0,Regular_Week,32.7,100.8,186.4,7.18,125000
2024-12-13,Store_04,Chennai - T. Nagar Shopping Plaza,Chennai,Tamil Nadu,Electronics,615326.33,0.0,0,Regular_Week,32.1,100.8,186.4,7.18,125000
2024-12-13,Store_04,Chennai - T. Nagar Shopping Plaza,Chennai,Tamil Nadu,Apparel,362934.76,0.05,0,Regular_Week,33.5,100.8,186.4,7.18,125000
2024-12-13,Store_04,Chennai - T. Nagar Shopping Plaza,Chennai,Tamil Nadu,Home_Garden,210000.99,0.0,0,Regular_Week,33.8,100.8,186.4,7.18,125000
2024-12-13,Store_04,Chennai - T. Nagar Shopping Plaza,Chennai,Tamil Nadu,Pharmacy,206647.3,0.15,0,Regular_Week,32.8,100.8,186.4,7.18,125000
2024-12-13,Store_05,Hyderabad - Hitec City Cyber Towers,Hyderabad,Telangana,Grocery,395096.73,0.0,0,Regular_Week,24.7,100.8,186.4,7.18,130000
2024-12-13,Store_05,Hyderabad - Hitec City Cyber Towers,Hyderabad,Telangana,Electronics,583092.97,0.0,0,Regular_Week,23.8,100.8,186.4,7.18,130000
2024-12-13,Store_05,Hyderabad - Hitec City Cyber Towers,Hyderabad,Telangana,Apparel,338572.11,0.1,0,Regular_Week,23.9,100.8,186.4,7.18,130000
2024-12-13,Store_05,Hyderabad - Hitec City Cyber Towers,Hyderabad,Telangana,Home_Garden,240178.81,0.0,0,Regular_Week,22.8,100.8,186.4,7.18,130000
2024-12-13,Store_05,Hyderabad - Hitec City Cyber Towers,Hyderabad,Telangana,Pharmacy,161641.07,0.0,0,Regular_Week,22.9,100.8,186.4,7.18,130000
2024-12-13,Store_06,Kolkata - Park Street Cultural Mall,Kolkata,West Bengal,Grocery,375663.23,0.0,0,Regular_Week,24.8,100.8,186.4,7.18,110000
2024-12-13,Store_06,Kolkata - Park Street Cultural Mall,Kolkata,West Bengal,Electronics,562927.06,0.0,0,Regular_Week,27.3,100.8,186.4,7.18,110000
2024-12-13,Store_06,Kolkata - Park Street Cultural Mall,Kolkata,West Bengal,Apparel,277794.77,0.0,0,Regular_Week,24.9,100.8,186.4,7.18,110000
2024-12-13,Store_06,Kolkata - Park Street Cultural Mall,Kolkata,West Bengal,Home_Garden,217246.18,0.0,0,Regular_Week,26.8,100.8,186.4,7.18,110000
2024-12-13,Store_06,Kolkata - Park Street Cultural Mall,Kolkata,West Bengal,Pharmacy,173247.96,0.0,0,Regular_Week,26.7,100.8,186.4,7.18,110000
2024-12-13,Store_07,Pune - Kothrud Commercial Hub,Pune,Maharashtra,Grocery,424995.86,0.15,0,Regular_Week,25.9,100.8,186.4,7.18,95000
2024-12-13,Store_07,Pune - Kothrud Commercial Hub,Pune,Maharashtra,Electronics,563879.66,0.05,0,Regular_Week,24.4,100.8,186.4,7.18,95000
2024-12-13,Store_07,Pune - Kothrud Commercial Hub,Pune,Maharashtra,Apparel,332323.53,0.1,0,Regular_Week,23.1,100.8,186.4,7.18,95000
2024-12-13,Store_07,Pune - Kothrud Commercial Hub,Pune,Maharashtra,Home_Garden,214327.42,0.0,0,Regular_Week,24.5,100.8,186.4,7.18,95000
2024-12-13,Store_07,Pune - Kothrud Commercial Hub,Pune,Maharashtra,Pharmacy,155301.53,0.0,0,Regular_Week,25.5,100.8,186.4,7.18,95000
2024-12-13,Store_08,Ahmedabad - SG Highway Hypermarket,Ahmedabad,Gujarat,Grocery,387393.27,0.0,0,Regular_Week,27.6,100.8,186.4,7.18,120000
2024-12-13,Store_08,Ahmedabad - SG Highway Hypermarket,Ahmedabad,Gujarat,Electronics,680639.46,0.1,0,Regular_Week,28.4,100.8,186.4,7.18,120000
2024-12-13,Store_08,Ahmedabad - SG Highway Hypermarket,Ahmedabad,Gujarat,Apparel,367059.74,0.1,0,Regular_Week,28.2,100.8,186.4,7.18,120000
2024-12-13,Store_08,Ahmedabad - SG Highway Hypermarket,Ahmedabad,Gujarat,Home_Garden,240704.88,0.05,0,Regular_Week,28.0,100.8,186.4,7.18,120000
2024-12-13,Store_08,Ahmedabad - SG Highway Hypermarket,Ahmedabad,Gujarat,Pharmacy,196866.14,0.1,0,Regular_Week,27.9,100.8,186.4,7.18,120000
2024-12-13,Store_09,Jaipur - MI Road Heritage Store,Jaipur,Rajasthan,Grocery,358756.74,0.05,0,Regular_Week,14.7,100.8,186.4,7.18,85000
2024-12-13,Store_09,Jaipur - MI Road Heritage Store,Jaipur,Rajasthan,Electronics,518261.83,0.0,0,Regular_Week,12.9,100.8,186.4,7.18,85000
2024-12-13,Store_09,Jaipur - MI Road Heritage Store,Jaipur,Rajasthan,Apparel,326642.78,0.1,0,Regular_Week,14.1,100.8,186.4,7.18,85000
2024-12-13,Store_09,Jaipur - MI Road Heritage Store,Jaipur,Rajasthan,Home_Garden,192375.06,0.05,0,Regular_Week,14.2,100.8,186.4,7.18,85000
2024-12-13,Store_09,Jaipur - MI Road Heritage Store,Jaipur,Rajasthan,Pharmacy,147327.74,0.05,0,Regular_Week,15.3,100.8,186.4,7.18,85000
2024-12-13,Store_10,Kochi - Marine Drive Coastal Mall,Kochi,Kerala,Grocery,374744.85,0.05,0,Regular_Week,30.6,100.8,186.4,7.18,90000
2024-12-13,Store_10,Kochi - Marine Drive Coastal Mall,Kochi,Kerala,Electronics,497687.42,0.0,0,Regular_Week,30.6,100.8,186.4,7.18,90000
2024-12-13,Store_10,Kochi - Marine Drive Coastal Mall,Kochi,Kerala,Apparel,304611.82,0.0,0,Regular_Week,29.7,100.8,186.4,7.18,90000
2024-12-13,Store_10,Kochi - Marine Drive Coastal Mall,Kochi,Kerala,Home_Garden,208547.11,0.0,0,Regular_Week,28.4,100.8,186.4,7.18,90000
2024-12-13,Store_10,Kochi - Marine Drive Coastal Mall,Kochi,Kerala,Pharmacy,150596.54,0.0,0,Regular_Week,31.2,100.8,186.4,7.18,90000
2024-12-20,Store_01,Mumbai - Bandra Kurla Complex (BKC),Mumbai,Maharashtra,Grocery,426377.58,0.0,0,Regular_Week,34.9,97.74,186.2,7.64,165000
2024-12-20,Store_01,Mumbai - Bandra Kurla Complex (BKC),Mumbai,Maharashtra,Electronics,728162.87,0.0,0,Regular_Week,33.8,97.74,186.2,7.64,165000
2024-12-20,Store_01,Mumbai - Bandra Kurla Complex (BKC),Mumbai,Maharashtra,Apparel,360196.41,0.0,0,Regular_Week,32.7,97.74,186.2,7.64,165000
2024-12-20,Store_01,Mumbai - Bandra Kurla Complex (BKC),Mumbai,Maharashtra,Home_Garden,262286.46,0.0,0,Regular_Week,33.1,97.74,186.2,7.64,165000
2024-12-20,Store_01,Mumbai - Bandra Kurla Complex (BKC),Mumbai,Maharashtra,Pharmacy,202712.36,0.0,0,Regular_Week,34.4,97.74,186.2,7.64,165000
2024-12-20,Store_02,Bengaluru - Indiranagar Tech Hub,Bengaluru,Karnataka,Grocery,439171.05,0.05,0,Regular_Week,26.7,97.74,186.2,7.64,140000
2024-12-20,Store_02,Bengaluru - Indiranagar Tech Hub,Bengaluru,Karnataka,Electronics,658055.04,0.0,0,Regular_Week,25.6,97.74,186.2,7.64,140000
2024-12-20,Store_02,Bengaluru - Indiranagar Tech Hub,Bengaluru,Karnataka,Apparel,322500.17,0.0,0,Regular_Week,26.1,97.74,186.2,7.64,140000
2024-12-20,Store_02,Bengaluru - Indiranagar Tech Hub,Bengaluru,Karnataka,Home_Garden,229973.48,0.0,0,Regular_Week,25.5,97.74,186.2,7.64,140000
2024-12-20,Store_02,Bengaluru - Indiranagar Tech Hub,Bengaluru,Karnataka,Pharmacy,185504.99,0.0,0,Regular_Week,25.9,97.74,186.2,7.64,140000
2024-12-20,Store_03,New Delhi - Connaught Place Flagship,New Delhi,Delhi NCR,Grocery,487806.13,0.1,0,Regular_Week,13.8,97.74,186.2,7.64,150000
2024-12-20,Store_03,New Delhi - Connaught Place Flagship,New Delhi,Delhi NCR,Electronics,671286.01,0.0,0,Regular_Week,12.5,97.74,186.2,7.64,150000
2024-12-20,Store_03,New Delhi - Connaught Place Flagship,New Delhi,Delhi NCR,Apparel,367284.67,0.0,0,Regular_Week,15.0,97.74,186.2,7.64,150000
2024-12-20,Store_03,New Delhi - Connaught Place Flagship,New Delhi,Delhi NCR,Home_Garden,268272.08,0.0,0,Regular_Week,14.3,97.74,186.2,7.64,150000
2024-12-20,Store_03,New Delhi - Connaught Place Flagship,New Delhi,Delhi NCR,Pharmacy,204661.71,0.0,0,Regular_Week,14.0,97.74,186.2,7.64,150000
2024-12-20,Store_04,Chennai - T. Nagar Shopping Plaza,Chennai,Tamil Nadu,Grocery,444049.28,0.15,0,Regular_Week,29.9,97.74,186.2,7.64,125000
2024-12-20,Store_04,Chennai - T. Nagar Shopping Plaza,Chennai,Tamil Nadu,Electronics,706590.41,0.1,0,Regular_Week,28.6,97.74,186.2,7.64,125000
2024-12-20,Store_04,Chennai - T. Nagar Shopping Plaza,Chennai,Tamil Nadu,Apparel,304245.74,0.0,0,Regular_Week,29.4,97.74,186.2,7.64,125000
2024-12-20,Store_04,Chennai - T. Nagar Shopping Plaza,Chennai,Tamil Nadu,Home_Garden,221933.77,0.0,0,Regular_Week,29.1,97.74,186.2,7.64,125000
2024-12-20,Store_04,Chennai - T. Nagar Shopping Plaza,Chennai,Tamil Nadu,Pharmacy,167826.93,0.0,0,Regular_Week,30.8,97.74,186.2,7.64,125000
2024-12-20,Store_05,Hyderabad - Hitec City Cyber Towers,Hyderabad,Telangana,Grocery,427508.11,0.1,0,Regular_Week,30.0,97.74,186.2,7.64,130000
2024-12-20,Store_05,Hyderabad - Hitec City Cyber Towers,Hyderabad,Telangana,Electronics,555637.21,0.0,0,Regular_Week,30.6,97.74,186.2,7.64,130000
2024-12-20,Store_05,Hyderabad - Hitec City Cyber Towers,Hyderabad,Telangana,Apparel,342515.34,0.05,0,Regular_Week,29.8,97.74,186.2,7.64,130000
2024-12-20,Store_05,Hyderabad - Hitec City Cyber Towers,Hyderabad,Telangana,Home_Garden,261475.82,0.1,0,Regular_Week,30.5,97.74,186.2,7.64,130000
2024-12-20,Store_05,Hyderabad - Hitec City Cyber Towers,Hyderabad,Telangana,Pharmacy,182126.46,0.05,0,Regular_Week,29.5,97.74,186.2,7.64,130000
2024-12-20,Store_06,Kolkata - Park Street Cultural Mall,Kolkata,West Bengal,Grocery,371232.85,0.0,0,Regular_Week,23.3,97.74,186.2,7.64,110000
2024-12-20,Store_06,Kolkata - Park Street Cultural Mall,Kolkata,West Bengal,Electronics,602017.96,0.05,0,Regular_Week,22.5,97.74,186.2,7.64,110000
2024-12-20,Store_06,Kolkata - Park Street Cultural Mall,Kolkata,West Bengal,Apparel,349620.65,0.1,0,Regular_Week,24.2,97.74,186.2,7.64,110000
2024-12-20,Store_06,Kolkata - Park Street Cultural Mall,Kolkata,West Bengal,Home_Garden,227933.64,0.05,0,Regular_Week,22.5,97.74,186.2,7.64,110000
2024-12-20,Store_06,Kolkata - Park Street Cultural Mall,Kolkata,West Bengal,Pharmacy,170049.43,0.05,0,Regular_Week,23.9,97.74,186.2,7.64,110000
2024-12-20,Store_07,Pune - Kothrud Commercial Hub,Pune,Maharashtra,Grocery,373300.94,0.0,0,Regular_Week,30.3,97.74,186.2,7.64,95000
2024-12-20,Store_07,Pune - Kothrud Commercial Hub,Pune,Maharashtra,Electronics,630190.53,0.1,0,Regular_Week,31.3,97.74,186.2,7.64,95000
2024-12-20,Store_07,Pune - Kothrud Commercial Hub,Pune,Maharashtra,Apparel,284988.62,0.0,0,Regular_Week,30.3,97.74,186.2,7.64,95000
2024-12-20,Store_07,Pune - Kothrud Commercial Hub,Pune,Maharashtra,Home_Garden,210433.8,0.0,0,Regular_Week,29.7,97.74,186.2,7.64,95000
2024-12-20,Store_07,Pune - Kothrud Commercial Hub,Pune,Maharashtra,Pharmacy,178180.24,0.15,0,Regular_Week,29.7,97.74,186.2,7.64,95000
2024-12-20,Store_08,Ahmedabad - SG Highway Hypermarket,Ahmedabad,Gujarat,Grocery,395897.67,0.0,0,Regular_Week,32.0,97.74,186.2,7.64,120000
2024-12-20,Store_08,Ahmedabad - SG Highway Hypermarket,Ahmedabad,Gujarat,Electronics,683387.44,0.15,0,Regular_Week,31.9,97.74,186.2,7.64,120000
2024-12-20,Store_08,Ahmedabad - SG Highway Hypermarket,Ahmedabad,Gujarat,Apparel,301964.89,0.0,0,Regular_Week,33.1,97.74,186.2,7.64,120000
2024-12-20,Store_08,Ahmedabad - SG Highway Hypermarket,Ahmedabad,Gujarat,Home_Garden,247446.71,0.05,0,Regular_Week,32.9,97.74,186.2,7.64,120000
2024-12-20,Store_08,Ahmedabad - SG Highway Hypermarket,Ahmedabad,Gujarat,Pharmacy,193898.31,0.1,0,Regular_Week,32.9,97.74,186.2,7.64,120000
2024-12-20,Store_09,Jaipur - MI Road Heritage Store,Jaipur,Rajasthan,Grocery,392631.33,0.1,0,Regular_Week,15.3,97.74,186.2,7.64,85000
2024-12-20,Store_09,Jaipur - MI Road Heritage Store,Jaipur,Rajasthan,Electronics,488032.2,0.0,0,Regular_Week,12.9,97.74,186.2,7.64,85000
2024-12-20,Store_09,Jaipur - MI Road Heritage Store,Jaipur,Rajasthan,Apparel,314572.0,0.1,0,Regular_Week,12.9,97.74,186.2,7.64,85000
2024-12-20,Store_09,Jaipur - MI Road Heritage Store,Jaipur,Rajasthan,Home_Garden,216054.17,0.0,0,Regular_Week,15.1,97.74,186.2,7.64,85000
2024-12-20,Store_09,Jaipur - MI Road Heritage Store,Jaipur,Rajasthan,Pharmacy,139533.36,0.0,0,Regular_Week,14.5,97.74,186.2,7.64,85000
2024-12-20,Store_10,Kochi - Marine Drive Coastal Mall,Kochi,Kerala,Grocery,319153.13,0.0,0,Regular_Week,30.5,97.74,186.2,7.64,90000
2024-12-20,Store_10,Kochi - Marine Drive Coastal Mall,Kochi,Kerala,Electronics,490972.44,0.0,0,Regular_Week,30.8,97.74,186.2,7.64,90000
2024-12-20,Store_10,Kochi - Marine Drive Coastal Mall,Kochi,Kerala,Apparel,274109.32,0.0,0,Regular_Week,30.9,97.74,186.2,7.64,90000
2024-12-20,Store_10,Kochi - Marine Drive Coastal Mall,Kochi,Kerala,Home_Garden,224783.31,0.1,0,Regular_Week,31.8,97.74,186.2,7.64,90000
2024-12-20,Store_10,Kochi - Marine Drive Coastal Mall,Kochi,Kerala,Pharmacy,141326.97,0.0,0,Regular_Week,30.9,97.74,186.2,7.64,90000
2024-12-27,Store_01,Mumbai - Bandra Kurla Complex (BKC),Mumbai,Maharashtra,Grocery,740655.99,0.15,1,Christmas_New_Year_Carnival,33.2,99.52,186.0,7.19,165000
2024-12-27,Store_01,Mumbai - Bandra Kurla Complex (BKC),Mumbai,Maharashtra,Electronics,1451593.91,0.2,1,Christmas_New_Year_Carnival,34.0,99.52,186.0,7.19,165000
2024-12-27,Store_01,Mumbai - Bandra Kurla Complex (BKC),Mumbai,Maharashtra,Apparel,720150.38,0.2,1,Christmas_New_Year_Carnival,33.1,99.52,186.0,7.19,165000
2024-12-27,Store_01,Mumbai - Bandra Kurla Complex (BKC),Mumbai,Maharashtra,Home_Garden,508996.63,0.15,1,Christmas_New_Year_Carnival,34.3,99.52,186.0,7.19,165000
2024-12-27,Store_01,Mumbai - Bandra Kurla Complex (BKC),Mumbai,Maharashtra,Pharmacy,333390.14,0.15,1,Christmas_New_Year_Carnival,31.9,99.52,186.0,7.19,165000
2024-12-27,Store_02,Bengaluru - Indiranagar Tech Hub,Bengaluru,Karnataka,Grocery,723762.69,0.15,1,Christmas_New_Year_Carnival,28.5,99.52,186.0,7.19,140000
2024-12-27,Store_02,Bengaluru - Indiranagar Tech Hub,Bengaluru,Karnataka,Electronics,1233066.39,0.2,1,Christmas_New_Year_Carnival,26.6,99.52,186.0,7.19,140000
2024-12-27,Store_02,Bengaluru - Indiranagar Tech Hub,Bengaluru,Karnataka,Apparel,610397.92,0.2,1,Christmas_New_Year_Carnival,26.1,99.52,186.0,7.19,140000
2024-12-27,Store_02,Bengaluru - Indiranagar Tech Hub,Bengaluru,Karnataka,Home_Garden,427204.16,0.15,1,Christmas_New_Year_Carnival,28.1,99.52,186.0,7.19,140000
2024-12-27,Store_02,Bengaluru - Indiranagar Tech Hub,Bengaluru,Karnataka,Pharmacy,352076.37,0.15,1,Christmas_New_Year_Carnival,28.5,99.52,186.0,7.19,140000
2024-12-27,Store_03,New Delhi - Connaught Place Flagship,New Delhi,Delhi NCR,Grocery,800579.77,0.15,1,Christmas_New_Year_Carnival,13.1,99.52,186.0,7.19,150000
2024-12-27,Store_03,New Delhi - Connaught Place Flagship,New Delhi,Delhi NCR,Electronics,1271163.64,0.2,1,Christmas_New_Year_Carnival,13.0,99.52,186.0,7.19,150000
2024-12-27,Store_03,New Delhi - Connaught Place Flagship,New Delhi,Delhi NCR,Apparel,679808.05,0.2,1,Christmas_New_Year_Carnival,12.8,99.52,186.0,7.19,150000
2024-12-27,Store_03,New Delhi - Connaught Place Flagship,New Delhi,Delhi NCR,Home_Garden,504307.05,0.15,1,Christmas_New_Year_Carnival,15.1,99.52,186.0,7.19,150000
2024-12-27,Store_03,New Delhi - Connaught Place Flagship,New Delhi,Delhi NCR,Pharmacy,346898.59,0.15,1,Christmas_New_Year_Carnival,14.2,99.52,186.0,7.19,150000
2024-12-27,Store_04,Chennai - T. Nagar Shopping Plaza,Chennai,Tamil Nadu,Grocery,674756.44,0.15,1,Christmas_New_Year_Carnival,33.6,99.52,186.0,7.19,125000
2024-12-27,Store_04,Chennai - T. Nagar Shopping Plaza,Chennai,Tamil Nadu,Electronics,1122327.91,0.2,1,Christmas_New_Year_Carnival,35.0,99.52,186.0,7.19,125000
2024-12-27,Store_04,Chennai - T. Nagar Shopping Plaza,Chennai,Tamil Nadu,Apparel,556072.38,0.2,1,Christmas_New_Year_Carnival,34.3,99.52,186.0,7.19,125000
2024-12-27,Store_04,Chennai - T. Nagar Shopping Plaza,Chennai,Tamil Nadu,Home_Garden,421407.79,0.15,1,Christmas_New_Year_Carnival,35.0,99.52,186.0,7.19,125000
2024-12-27,Store_04,Chennai - T. Nagar Shopping Plaza,Chennai,Tamil Nadu,Pharmacy,290778.5,0.15,1,Christmas_New_Year_Carnival,32.5,99.52,186.0,7.19,125000
2024-12-27,Store_05,Hyderabad - Hitec City Cyber Towers,Hyderabad,Telangana,Grocery,676621.26,0.15,1,Christmas_New_Year_Carnival,31.9,99.52,186.0,7.19,130000
2024-12-27,Store_05,Hyderabad - Hitec City Cyber Towers,Hyderabad,Telangana,Electronics,1231928.2,0.2,1,Christmas_New_Year_Carnival,31.0,99.52,186.0,7.19,130000
2024-12-27,Store_05,Hyderabad - Hitec City Cyber Towers,Hyderabad,Telangana,Apparel,634736.08,0.2,1,Christmas_New_Year_Carnival,32.2,99.52,186.0,7.19,130000
2024-12-27,Store_05,Hyderabad - Hitec City Cyber Towers,Hyderabad,Telangana,Home_Garden,377743.66,0.15,1,Christmas_New_Year_Carnival,32.2,99.52,186.0,7.19,130000
2024-12-27,Store_05,Hyderabad - Hitec City Cyber Towers,Hyderabad,Telangana,Pharmacy,294841.96,0.15,1,Christmas_New_Year_Carnival,31.5,99.52,186.0,7.19,130000
2024-12-27,Store_06,Kolkata - Park Street Cultural Mall,Kolkata,West Bengal,Grocery,587618.35,0.15,1,Christmas_New_Year_Carnival,29.2,99.52,186.0,7.19,110000
2024-12-27,Store_06,Kolkata - Park Street Cultural Mall,Kolkata,West Bengal,Electronics,980779.63,0.2,1,Christmas_New_Year_Carnival,30.7,99.52,186.0,7.19,110000
2024-12-27,Store_06,Kolkata - Park Street Cultural Mall,Kolkata,West Bengal,Apparel,553954.9,0.2,1,Christmas_New_Year_Carnival,31.2,99.52,186.0,7.19,110000
2024-12-27,Store_06,Kolkata - Park Street Cultural Mall,Kolkata,West Bengal,Home_Garden,372201.18,0.15,1,Christmas_New_Year_Carnival,30.4,99.52,186.0,7.19,110000
2024-12-27,Store_06,Kolkata - Park Street Cultural Mall,Kolkata,West Bengal,Pharmacy,253870.85,0.15,1,Christmas_New_Year_Carnival,30.3,99.52,186.0,7.19,110000
2024-12-27,Store_07,Pune - Kothrud Commercial Hub,Pune,Maharashtra,Grocery,541816.18,0.15,1,Christmas_New_Year_Carnival,24.4,99.52,186.0,7.19,95000
2024-12-27,Store_07,Pune - Kothrud Commercial Hub,Pune,Maharashtra,Electronics,990557.49,0.2,1,Christmas_New_Year_Carnival,24.6,99.52,186.0,7.19,95000
2024-12-27,Store_07,Pune - Kothrud Commercial Hub,Pune,Maharashtra,Apparel,545047.0,0.2,1,Christmas_New_Year_Carnival,24.0,99.52,186.0,7.19,95000
2024-12-27,Store_07,Pune - Kothrud Commercial Hub,Pune,Maharashtra,Home_Garden,356744.77,0.15,1,Christmas_New_Year_Carnival,23.8,99.52,186.0,7.19,95000
2024-12-27,Store_07,Pune - Kothrud Commercial Hub,Pune,Maharashtra,Pharmacy,268140.75,0.15,1,Christmas_New_Year_Carnival,24.0,99.52,186.0,7.19,95000
2024-12-27,Store_08,Ahmedabad - SG Highway Hypermarket,Ahmedabad,Gujarat,Grocery,657511.22,0.15,1,Christmas_New_Year_Carnival,26.1,99.52,186.0,7.19,120000
2024-12-27,Store_08,Ahmedabad - SG Highway Hypermarket,Ahmedabad,Gujarat,Electronics,1063558.61,0.2,1,Christmas_New_Year_Carnival,28.3,99.52,186.0,7.19,120000
2024-12-27,Store_08,Ahmedabad - SG Highway Hypermarket,Ahmedabad,Gujarat,Apparel,560298.12,0.2,1,Christmas_New_Year_Carnival,27.4,99.52,186.0,7.19,120000
2024-12-27,Store_08,Ahmedabad - SG Highway Hypermarket,Ahmedabad,Gujarat,Home_Garden,426920.4,0.15,1,Christmas_New_Year_Carnival,27.5,99.52,186.0,7.19,120000
2024-12-27,Store_08,Ahmedabad - SG Highway Hypermarket,Ahmedabad,Gujarat,Pharmacy,280725.22,0.15,1,Christmas_New_Year_Carnival,28.9,99.52,186.0,7.19,120000
2024-12-27,Store_09,Jaipur - MI Road Heritage Store,Jaipur,Rajasthan,Grocery,565233.07,0.15,1,Christmas_New_Year_Carnival,14.6,99.52,186.0,7.19,85000
2024-12-27,Store_09,Jaipur - MI Road Heritage Store,Jaipur,Rajasthan,Electronics,973643.47,0.2,1,Christmas_New_Year_Carnival,13.2,99.52,186.0,7.19,85000
2024-12-27,Store_09,Jaipur - MI Road Heritage Store,Jaipur,Rajasthan,Apparel,498000.78,0.2,1,Christmas_New_Year_Carnival,13.6,99.52,186.0,7.19,85000
2024-12-27,Store_09,Jaipur - MI Road Heritage Store,Jaipur,Rajasthan,Home_Garden,343770.03,0.15,1,Christmas_New_Year_Carnival,15.1,99.52,186.0,7.19,85000
2024-12-27,Store_09,Jaipur - MI Road Heritage Store,Jaipur,Rajasthan,Pharmacy,265197.8,0.15,1,Christmas_New_Year_Carnival,13.3,99.52,186.0,7.19,85000
2024-12-27,Store_10,Kochi - Marine Drive Coastal Mall,Kochi,Kerala,Grocery,593517.22,0.15,1,Christmas_New_Year_Carnival,32.9,99.52,186.0,7.19,90000
2024-12-27,Store_10,Kochi - Marine Drive Coastal Mall,Kochi,Kerala,Electronics,976585.86,0.2,1,Christmas_New_Year_Carnival,35.0,99.52,186.0,7.19,90000
2024-12-27,Store_10,Kochi - Marine Drive Coastal Mall,Kochi,Kerala,Apparel,546734.17,0.2,1,Christmas_New_Year_Carnival,34.3,99.52,186.0,7.19,90000
2024-12-27,Store_10,Kochi - Marine Drive Coastal Mall,Kochi,Kerala,Home_Garden,371038.92,0.15,1,Christmas_New_Year_Carnival,33.7,99.52,186.0,7.19,90000
2024-12-27,Store_10,Kochi - Marine Drive Coastal Mall,Kochi,Kerala,Pharmacy,266866.01,0.15,1,Christmas_New_Year_Carnival,34.2,99.52,186.0,7.19,90000
