Date,Store_ID,Store_Size_SqFt,Department,Is_Holiday,Holiday_Name,Promotion_Discount,Temperature,Fuel_Price,CPI,Unemployment_Rate,Weekly_Sales
2021-01-01,Store_01,191958,Apparel,0,None,0.0,34.9,3.23,214.14,8.42,18439.8
2021-01-08,Store_01,191958,Apparel,0,None,0.0,38.5,3.27,214.91,8.48,19354.35
2021-01-15,Store_01,191958,Apparel,0,None,0.0,36.0,3.27,214.88,8.5,20651.34
2021-01-22,Store_01,191958,Apparel,0,None,0.0,34.6,3.26,215.73,8.48,20475.03
2021-01-29,Store_01,191958,Apparel,0,None,0.19,38.7,3.35,215.32,8.52,28759.85
2021-02-05,Store_01,191958,Apparel,1,Super_Bowl,0.0,33.8,3.34,215.26,8.42,27987.95
2021-02-12,Store_01,191958,Apparel,1,Super_Bowl,0.0,32.1,3.46,216.89,8.55,28778.73
2021-02-19,Store_01,191958,Apparel,0,None,0.0,43.0,3.44,216.23,8.36,19657.65
2021-02-26,Store_01,191958,Apparel,0,None,0.0,39.7,3.44,216.57,8.64,22315.08
2021-03-05,Store_01,191958,Apparel,0,None,0.0,42.4,3.49,216.02,8.42,21513.39
2021-03-12,Store_01,191958,Apparel,0,None,0.0,44.9,3.56,216.65,8.25,22281.03
2021-03-19,Store_01,191958,Apparel,0,None,0.0,43.2,3.54,217.17,8.22,23113.64
2021-03-26,Store_01,191958,Apparel,1,Easter,0.0,44.2,3.56,216.73,8.36,30140.42
2021-04-02,Store_01,191958,Apparel,1,Easter,0.25,52.5,3.64,217.69,8.27,48816.09
2021-04-09,Store_01,191958,Apparel,1,Easter,0.0,54.1,3.66,217.39,8.35,30792.11
2021-04-16,Store_01,191958,Apparel,0,None,0.13,53.7,3.65,217.74,8.31,30025.52
2021-04-23,Store_01,191958,Apparel,0,None,0.0,53.7,3.67,217.78,8.24,24925.85
2021-04-30,Store_01,191958,Apparel,0,None,0.0,65.8,3.73,219.2,8.14,26672.15
2021-05-07,Store_01,191958,Apparel,0,None,0.2,63.7,3.66,218.45,8.06,37517.09
2021-05-14,Store_01,191958,Apparel,0,None,0.2,67.1,3.68,218.12,8.15,39344.73
2021-05-21,Store_01,191958,Apparel,0,None,0.19,70.7,3.73,219.26,8.27,38511.24
2021-05-28,Store_01,191958,Apparel,0,None,0.0,79.9,3.76,218.43,8.18,26795.71
2021-06-04,Store_01,191958,Apparel,0,None,0.0,78.4,3.8,219.34,8.02,25807.37
2021-06-11,Store_01,191958,Apparel,0,None,0.06,82.6,3.86,218.44,8.15,30393.65
2021-06-18,Store_01,191958,Apparel,0,None,0.0,78.6,3.84,218.95,8.15,25905.93
2021-06-25,Store_01,191958,Apparel,0,None,0.0,86.6,3.79,219.91,8.01,25296.69
2021-07-02,Store_01,191958,Apparel,0,None,0.0,80.7,3.8,220.37,8.1,25535.47
2021-07-09,Store_01,191958,Apparel,0,None,0.0,83.9,3.75,220.28,8.07,25646.46
2021-07-16,Store_01,191958,Apparel,0,None,0.0,86.5,3.79,220.33,7.94,26475.5
2021-07-23,Store_01,191958,Apparel,0,None,0.15,86.7,3.78,220.43,8.07,32374.69
2021-07-30,Store_01,191958,Apparel,0,None,0.0,88.1,3.8,220.03,8.08,23465.33
2021-08-06,Store_01,191958,Apparel,0,None,0.0,85.3,3.73,220.6,8.11,24520.87
2021-08-13,Store_01,191958,Apparel,0,None,0.0,78.1,3.79,220.92,8.09,30877.57
2021-08-20,Store_01,191958,Apparel,0,None,0.0,81.6,3.82,221.87,7.83,29882.8
2021-08-27,Store_01,191958,Apparel,0,None,0.0,79.0,3.73,221.71,7.86,27608.21
2021-09-03,Store_01,191958,Apparel,1,Labor_Day,0.23,78.6,3.73,220.85,7.99,50865.66
2021-09-10,Store_01,191958,Apparel,1,Labor_Day,0.0,76.1,3.73,222.09,7.97,37277.0
2021-09-17,Store_01,191958,Apparel,0,None,0.0,75.6,3.65,221.92,7.96,22411.5
2021-09-24,Store_01,191958,Apparel,0,None,0.0,69.9,3.66,221.97,8.28,21575.53
2021-10-01,Store_01,191958,Apparel,0,None,0.0,68.3,3.62,222.81,7.93,21575.86
2021-10-08,Store_01,191958,Apparel,0,None,0.0,65.3,3.6,223.21,7.97,21666.47
2021-10-15,Store_01,191958,Apparel,0,None,0.0,60.6,3.53,223.35,7.94,20121.79
2021-10-22,Store_01,191958,Apparel,0,None,0.28,60.0,3.54,222.66,7.89,32262.14
2021-10-29,Store_01,191958,Apparel,0,None,0.0,53.6,3.54,223.11,7.78,20534.04
2021-11-05,Store_01,191958,Apparel,0,None,0.22,53.2,3.55,223.63,7.87,28871.48
2021-11-12,Store_01,191958,Apparel,0,None,0.0,52.7,3.49,224.14,7.7,19399.22
2021-11-19,Store_01,191958,Apparel,0,None,0.0,46.6,3.52,223.61,7.74,19931.3
2021-11-26,Store_01,191958,Apparel,1,Thanksgiving_BlackFriday,0.0,42.0,3.34,223.95,7.7,34801.68
2021-12-03,Store_01,191958,Apparel,0,None,0.0,43.3,3.39,223.68,7.74,18504.75
2021-12-10,Store_01,191958,Apparel,0,None,0.11,40.3,3.32,223.82,7.95,24105.57
2021-12-17,Store_01,191958,Apparel,0,None,0.0,38.1,3.38,225.02,7.51,18346.1
2021-12-24,Store_01,191958,Apparel,1,Christmas_Holiday,0.0,38.0,3.2,225.49,7.75,36325.18
2021-12-31,Store_01,191958,Apparel,1,Christmas_Holiday,0.16,35.5,3.16,224.96,7.51,44874.32
2022-01-07,Store_01,191958,Apparel,0,None,0.0,35.6,3.13,225.69,7.6,20518.72
2022-01-14,Store_01,191958,Apparel,0,None,0.0,37.9,3.02,225.57,7.74,21827.6
2022-01-21,Store_01,191958,Apparel,0,None,0.0,31.9,3.07,225.25,7.63,20661.44
2022-01-28,Store_01,191958,Apparel,0,None,0.0,33.0,3.02,225.95,7.49,20399.95
2022-02-04,Store_01,191958,Apparel,0,None,0.0,35.5,3.03,226.73,7.52,20724.04
2022-02-11,Store_01,191958,Apparel,1,Super_Bowl,0.13,34.2,3.0,226.14,7.64,37638.65
2022-02-18,Store_01,191958,Apparel,0,None,0.0,42.7,3.05,227.13,7.48,21700.85
2022-02-25,Store_01,191958,Apparel,0,None,0.0,41.0,2.97,225.23,7.56,23212.48
2022-03-04,Store_01,191958,Apparel,0,None,0.0,41.1,2.86,227.14,7.53,21945.69
2022-03-11,Store_01,191958,Apparel,0,None,0.0,43.4,2.81,226.97,7.44,22858.7
2022-03-18,Store_01,191958,Apparel,0,None,0.0,49.2,2.85,226.97,7.7,21941.97
2022-03-25,Store_01,191958,Apparel,1,Easter,0.0,49.0,2.74,227.35,7.54,35217.5
2022-04-01,Store_01,191958,Apparel,1,Easter,0.0,54.4,2.87,226.51,7.26,34329.27
2022-04-08,Store_01,191958,Apparel,1,Easter,0.0,53.4,2.81,227.58,7.46,34487.87
2022-04-15,Store_01,191958,Apparel,1,Easter,0.0,54.4,2.7,228.06,7.36,35466.87
2022-04-22,Store_01,191958,Apparel,0,None,0.0,58.7,2.62,228.82,7.5,25226.08
2022-04-29,Store_01,191958,Apparel,0,None,0.27,61.8,2.75,228.01,7.31,38983.99
2022-05-06,Store_01,191958,Apparel,0,None,0.0,67.3,2.66,228.06,7.37,25357.16
2022-05-13,Store_01,191958,Apparel,0,None,0.0,69.5,2.71,228.4,7.41,26369.55
2022-05-20,Store_01,191958,Apparel,0,None,0.0,75.9,2.56,229.3,7.43,26798.05
2022-05-27,Store_01,191958,Apparel,0,None,0.0,74.1,2.6,229.2,7.21,25510.05
2022-06-03,Store_01,191958,Apparel,0,None,0.0,77.9,2.62,228.97,7.28,25447.43
2022-06-10,Store_01,191958,Apparel,0,None,0.19,77.9,2.61,229.68,7.25,40097.52
2022-06-17,Store_01,191958,Apparel,0,None,0.0,81.2,2.58,229.66,7.22,26925.9
2022-06-24,Store_01,191958,Apparel,0,None,0.26,81.1,2.63,230.29,7.44,41466.43
2022-07-01,Store_01,191958,Apparel,0,None,0.0,87.3,2.55,229.65,7.29,26194.82
2022-07-08,Store_01,191958,Apparel,0,None,0.0,78.4,2.59,230.03,7.11,24108.1
2022-07-15,Store_01,191958,Apparel,0,None,0.0,83.0,2.61,230.19,7.31,25605.3
2022-07-22,Store_01,191958,Apparel,0,None,0.23,88.0,2.64,229.85,7.41,37492.39
2022-07-29,Store_01,191958,Apparel,0,None,0.0,83.6,2.65,230.92,7.29,27220.57
2022-08-05,Store_01,191958,Apparel,0,None,0.0,83.3,2.57,231.09,7.02,23704.04
2022-08-12,Store_01,191958,Apparel,0,None,0.0,87.1,2.56,231.16,7.11,31185.84
2022-08-19,Store_01,191958,Apparel,0,None,0.0,82.1,2.72,231.23,7.26,30757.57
2022-08-26,Store_01,191958,Apparel,0,None,0.0,78.2,2.69,230.83,7.05,29348.17
2022-09-02,Store_01,191958,Apparel,1,Labor_Day,0.26,79.3,2.65,231.52,7.15,63458.72
2022-09-09,Store_01,191958,Apparel,1,Labor_Day,0.21,75.2,2.78,231.75,7.17,57256.49
2022-09-16,Store_01,191958,Apparel,0,None,0.0,80.0,2.73,231.71,6.98,23774.42
2022-09-23,Store_01,191958,Apparel,0,None,0.0,67.7,2.81,232.23,7.05,22734.95
2022-09-30,Store_01,191958,Apparel,0,None,0.0,70.3,2.78,232.7,6.72,20950.8
2022-10-07,Store_01,191958,Apparel,0,None,0.0,68.5,2.91,233.64,6.92,22216.23
2022-10-14,Store_01,191958,Apparel,0,None,0.16,68.7,2.92,232.97,6.98,29680.3
2022-10-21,Store_01,191958,Apparel,0,None,0.0,59.6,2.85,233.21,6.87,21154.01
2022-10-28,Store_01,191958,Apparel,0,None,0.16,56.8,2.94,233.23,7.14,27335.98
2022-11-04,Store_01,191958,Apparel,0,None,0.0,55.3,2.95,232.5,6.82,20802.86
2022-11-11,Store_01,191958,Apparel,0,None,0.0,50.4,3.02,233.64,6.9,20883.42
2022-11-18,Store_01,191958,Apparel,0,None,0.0,46.8,2.94,233.88,6.94,20287.42
2022-11-25,Store_01,191958,Apparel,1,Thanksgiving_BlackFriday,0.05,51.3,3.06,235.27,7.06,35817.18
2022-12-02,Store_01,191958,Apparel,0,None,0.0,42.5,3.11,234.13,6.75,18958.24
2022-12-09,Store_01,191958,Apparel,0,None,0.0,38.1,3.0,234.57,7.0,20105.66
2022-12-16,Store_01,191958,Apparel,0,None,0.0,42.1,3.07,234.6,6.87,19709.74
2022-12-23,Store_01,191958,Apparel,1,Christmas_Holiday,0.2,37.4,3.06,234.22,6.75,51187.65
2022-12-30,Store_01,191958,Apparel,1,Christmas_Holiday,0.0,36.7,3.19,235.57,6.88,37879.83
2023-01-06,Store_01,191958,Apparel,0,None,0.0,37.7,3.27,235.57,6.84,21006.63
2023-01-13,Store_01,191958,Apparel,0,None,0.0,38.2,3.35,235.78,6.74,19548.05
2023-01-20,Store_01,191958,Apparel,0,None,0.0,32.9,3.31,235.12,6.79,21778.8
2023-01-27,Store_01,191958,Apparel,0,None,0.0,39.3,3.43,236.47,6.73,23473.45
2023-02-03,Store_01,191958,Apparel,0,None,0.0,32.4,3.31,235.26,6.76,23435.84
2023-02-10,Store_01,191958,Apparel,1,Super_Bowl,0.18,38.9,3.33,236.45,6.8,41502.74
2023-02-17,Store_01,191958,Apparel,0,None,0.0,35.3,3.44,237.44,6.88,23149.19
2023-02-24,Store_01,191958,Apparel,0,None,0.0,39.9,3.5,236.04,6.58,23219.1
2023-03-03,Store_01,191958,Apparel,0,None,0.0,46.4,3.51,236.45,6.9,23507.37
2023-03-10,Store_01,191958,Apparel,0,None,0.0,42.9,3.44,236.97,6.48,23453.39
2023-03-17,Store_01,191958,Apparel,0,None,0.12,45.7,3.57,236.86,6.64,28920.61
2023-03-24,Store_01,191958,Apparel,0,None,0.0,48.1,3.53,236.53,6.7,24013.82
2023-03-31,Store_01,191958,Apparel,1,Easter,0.0,49.1,3.66,237.53,6.65,34009.97
2023-04-07,Store_01,191958,Apparel,1,Easter,0.0,51.8,3.67,237.16,6.55,35647.71
2023-04-14,Store_01,191958,Apparel,1,Easter,0.28,65.2,3.63,238.12,6.57,54590.59
2023-04-21,Store_01,191958,Apparel,0,None,0.0,59.4,3.67,237.62,6.53,26095.76
2023-04-28,Store_01,191958,Apparel,0,None,0.0,60.6,3.66,239.04,6.5,26721.18
2023-05-05,Store_01,191958,Apparel,0,None,0.0,69.2,3.73,238.07,6.63,26244.25
2023-05-12,Store_01,191958,Apparel,0,None,0.0,64.3,3.79,238.49,6.56,28140.56
2023-05-19,Store_01,191958,Apparel,0,None,0.0,71.1,3.71,239.25,6.44,25679.77
2023-05-26,Store_01,191958,Apparel,0,None,0.0,76.9,3.8,238.42,6.59,27702.78
2023-06-02,Store_01,191958,Apparel,0,None,0.0,74.7,3.76,239.34,6.51,27324.98
2023-06-09,Store_01,191958,Apparel,0,None,0.0,76.0,3.75,240.08,6.55,26665.75
2023-06-16,Store_01,191958,Apparel,0,None,0.0,79.7,3.79,238.81,6.51,27476.65
2023-06-23,Store_01,191958,Apparel,0,None,0.14,82.4,3.75,239.9,6.35,35881.31
2023-06-30,Store_01,191958,Apparel,0,None,0.0,84.7,3.77,240.13,6.36,28703.35
2023-07-07,Store_01,191958,Apparel,0,None,0.21,79.1,3.74,240.58,6.48,39570.0
2023-07-14,Store_01,191958,Apparel,0,None,0.0,87.1,3.89,239.77,6.45,26347.93
2023-07-21,Store_01,191958,Apparel,0,None,0.0,86.1,3.79,239.92,6.37,26803.45
2023-07-28,Store_01,191958,Apparel,0,None,0.05,82.6,3.75,241.03,6.36,27225.78
2023-08-04,Store_01,191958,Apparel,0,None,0.0,82.3,3.78,241.11,6.46,25517.64
2023-08-11,Store_01,191958,Apparel,0,None,0.19,83.7,3.76,241.28,6.26,46634.8
2023-08-18,Store_01,191958,Apparel,0,None,0.0,79.5,3.74,241.52,6.36,31921.18
2023-08-25,Store_01,191958,Apparel,0,None,0.0,83.1,3.76,241.2,6.27,29439.11
2023-09-01,Store_01,191958,Apparel,1,Labor_Day,0.25,81.5,3.75,241.85,6.25,66751.47
2023-09-08,Store_01,191958,Apparel,1,Labor_Day,0.0,75.8,3.67,242.07,6.37,37896.63
2023-09-15,Store_01,191958,Apparel,0,None,0.0,72.1,3.64,241.76,6.32,24838.69
2023-09-22,Store_01,191958,Apparel,0,None,0.0,66.6,3.64,243.24,6.31,22263.78
2023-09-29,Store_01,191958,Apparel,0,None,0.16,73.3,3.51,242.74,6.34,29238.1
2023-10-06,Store_01,191958,Apparel,0,None,0.21,64.7,3.52,242.1,6.19,30407.95
2023-10-13,Store_01,191958,Apparel,0,None,0.15,66.7,3.64,243.21,6.24,30205.4
2023-10-20,Store_01,191958,Apparel,0,None,0.0,56.4,3.62,242.59,6.13,20581.36
2023-10-27,Store_01,191958,Apparel,0,None,0.0,55.2,3.5,243.66,6.18,22957.06
2023-11-03,Store_01,191958,Apparel,0,None,0.17,52.6,3.51,244.04,6.12,28603.45
2023-11-10,Store_01,191958,Apparel,0,None,0.0,49.7,3.46,243.24,6.12,20484.61
2023-11-17,Store_01,191958,Apparel,0,None,0.15,48.1,3.57,244.33,6.16,26899.42
2023-11-24,Store_01,191958,Apparel,1,Thanksgiving_BlackFriday,0.0,50.6,3.43,244.24,6.0,37863.54
2023-12-01,Store_01,191958,Apparel,0,None,0.0,42.4,3.34,244.64,6.27,19201.58
2023-12-08,Store_01,191958,Apparel,0,None,0.0,36.8,3.26,245.37,5.95,19459.52
2023-12-15,Store_01,191958,Apparel,0,None,0.0,39.9,3.19,244.49,5.91,21749.05
2023-12-22,Store_01,191958,Apparel,1,Christmas_Holiday,0.13,38.6,3.25,244.43,6.13,47483.29
2023-12-29,Store_01,191958,Apparel,1,Christmas_Holiday,0.12,34.8,3.16,244.56,6.08,45622.57
2021-01-01,Store_01,191958,Electronics,0,None,0.06,39.7,3.23,214.14,8.42,27457.97
2021-01-08,Store_01,191958,Electronics,0,None,0.0,37.9,3.27,214.91,8.48,22832.68
2021-01-15,Store_01,191958,Electronics,0,None,0.22,35.0,3.27,214.88,8.5,34783.41
2021-01-22,Store_01,191958,Electronics,0,None,0.0,34.1,3.26,215.73,8.48,24503.56
2021-01-29,Store_01,191958,Electronics,0,None,0.0,33.1,3.35,215.32,8.52,24102.61
2021-02-05,Store_01,191958,Electronics,1,Super_Bowl,0.0,38.7,3.34,215.26,8.42,37987.85
2021-02-12,Store_01,191958,Electronics,1,Super_Bowl,0.0,29.4,3.46,216.89,8.55,40954.12
2021-02-19,Store_01,191958,Electronics,0,None,0.0,34.6,3.44,216.23,8.36,24995.55
2021-02-26,Store_01,191958,Electronics,0,None,0.0,39.3,3.44,216.57,8.64,29020.02
2021-03-05,Store_01,191958,Electronics,0,None,0.0,41.2,3.49,216.02,8.42,26727.11
2021-03-12,Store_01,191958,Electronics,0,None,0.0,43.5,3.56,216.65,8.25,26499.36
2021-03-19,Store_01,191958,Electronics,0,None,0.0,45.9,3.54,217.17,8.22,26838.35
2021-03-26,Store_01,191958,Electronics,1,Easter,0.0,47.5,3.56,216.73,8.36,45542.49
2021-04-02,Store_01,191958,Electronics,1,Easter,0.09,53.0,3.64,217.69,8.27,54758.68
2021-04-09,Store_01,191958,Electronics,1,Easter,0.0,51.6,3.66,217.39,8.35,45347.42
2021-04-16,Store_01,191958,Electronics,0,None,0.0,55.0,3.65,217.74,8.31,30270.8
2021-04-23,Store_01,191958,Electronics,0,None,0.0,62.0,3.67,217.78,8.24,31461.16
2021-04-30,Store_01,191958,Electronics,0,None,0.27,61.4,3.73,219.2,8.14,52991.31
2021-05-07,Store_01,191958,Electronics,0,None,0.0,66.6,3.66,218.45,8.06,31347.38
2021-05-14,Store_01,191958,Electronics,0,None,0.0,75.4,3.68,218.12,8.15,30298.82
2021-05-21,Store_01,191958,Electronics,0,None,0.0,70.2,3.73,219.26,8.27,30021.49
2021-05-28,Store_01,191958,Electronics,0,None,0.0,72.6,3.76,218.43,8.18,31430.92
2021-06-04,Store_01,191958,Electronics,0,None,0.0,83.0,3.8,219.34,8.02,30373.47
2021-06-11,Store_01,191958,Electronics,0,None,0.0,81.0,3.86,218.44,8.15,31629.28
2021-06-18,Store_01,191958,Electronics,0,None,0.22,80.9,3.84,218.95,8.15,47713.96
2021-06-25,Store_01,191958,Electronics,0,None,0.0,77.1,3.79,219.91,8.01,32635.56
2021-07-02,Store_01,191958,Electronics,0,None,0.0,86.0,3.8,220.37,8.1,29778.26
2021-07-09,Store_01,191958,Electronics,0,None,0.0,79.9,3.75,220.28,8.07,29165.95
2021-07-16,Store_01,191958,Electronics,0,None,0.0,90.8,3.79,220.33,7.94,32183.27
2021-07-23,Store_01,191958,Electronics,0,None,0.0,84.9,3.78,220.43,8.07,28550.15
2021-07-30,Store_01,191958,Electronics,0,None,0.0,83.1,3.8,220.03,8.08,31976.85
2021-08-06,Store_01,191958,Electronics,0,None,0.0,88.4,3.73,220.6,8.11,30280.77
2021-08-13,Store_01,191958,Electronics,0,None,0.0,81.3,3.79,220.92,8.09,28729.67
2021-08-20,Store_01,191958,Electronics,0,None,0.0,80.1,3.82,221.87,7.83,29297.3
2021-08-27,Store_01,191958,Electronics,0,None,0.0,79.7,3.73,221.71,7.86,29066.35
2021-09-03,Store_01,191958,Electronics,1,Labor_Day,0.18,77.6,3.73,220.85,7.99,64489.47
2021-09-10,Store_01,191958,Electronics,1,Labor_Day,0.15,71.4,3.73,222.09,7.97,54537.74
2021-09-17,Store_01,191958,Electronics,0,None,0.0,77.7,3.65,221.92,7.96,25287.23
2021-09-24,Store_01,191958,Electronics,0,None,0.09,70.8,3.66,221.97,8.28,29496.87
2021-10-01,Store_01,191958,Electronics,0,None,0.0,69.6,3.62,222.81,7.93,24382.33
2021-10-08,Store_01,191958,Electronics,0,None,0.0,64.7,3.6,223.21,7.97,24690.89
2021-10-15,Store_01,191958,Electronics,0,None,0.06,64.6,3.53,223.35,7.94,29713.29
2021-10-22,Store_01,191958,Electronics,0,None,0.0,63.7,3.54,222.66,7.89,25108.19
2021-10-29,Store_01,191958,Electronics,0,None,0.0,58.3,3.54,223.11,7.78,24082.87
2021-11-05,Store_01,191958,Electronics,0,None,0.12,55.2,3.55,223.63,7.87,31064.56
2021-11-12,Store_01,191958,Electronics,0,None,0.0,49.1,3.49,224.14,7.7,24512.42
2021-11-19,Store_01,191958,Electronics,0,None,0.0,48.1,3.52,223.61,7.74,23054.33
2021-11-26,Store_01,191958,Electronics,1,Thanksgiving_BlackFriday,0.0,45.8,3.34,223.95,7.7,51250.25
2021-12-03,Store_01,191958,Electronics,0,None,0.0,44.8,3.39,223.68,7.74,24305.76
2021-12-10,Store_01,191958,Electronics,0,None,0.0,32.6,3.32,223.82,7.95,22529.29
2021-12-17,Store_01,191958,Electronics,0,None,0.13,40.6,3.38,225.02,7.51,29513.87
2021-12-24,Store_01,191958,Electronics,1,Christmas_Holiday,0.0,39.8,3.2,225.49,7.75,53398.43
2021-12-31,Store_01,191958,Electronics,1,Christmas_Holiday,0.0,34.7,3.16,224.96,7.51,53479.37
2022-01-07,Store_01,191958,Electronics,0,None,0.0,33.0,3.13,225.69,7.6,24796.33
2022-01-14,Store_01,191958,Electronics,0,None,0.0,36.3,3.02,225.57,7.74,25874.04
2022-01-21,Store_01,191958,Electronics,0,None,0.0,35.9,3.07,225.25,7.63,26347.67
2022-01-28,Store_01,191958,Electronics,0,None,0.0,38.7,3.02,225.95,7.49,24480.37
2022-02-04,Store_01,191958,Electronics,0,None,0.0,40.6,3.03,226.73,7.52,26315.97
2022-02-11,Store_01,191958,Electronics,1,Super_Bowl,0.0,34.4,3.0,226.14,7.64,42357.58
2022-02-18,Store_01,191958,Electronics,0,None,0.0,37.1,3.05,227.13,7.48,28648.38
2022-02-25,Store_01,191958,Electronics,0,None,0.0,40.8,2.97,225.23,7.56,25556.11
2022-03-04,Store_01,191958,Electronics,0,None,0.0,38.5,2.86,227.14,7.53,28576.16
2022-03-11,Store_01,191958,Electronics,0,None,0.0,45.5,2.81,226.97,7.44,29889.5
2022-03-18,Store_01,191958,Electronics,0,None,0.19,45.0,2.85,226.97,7.7,39978.5
2022-03-25,Store_01,191958,Electronics,1,Easter,0.0,43.5,2.74,227.35,7.54,43544.82
2022-04-01,Store_01,191958,Electronics,1,Easter,0.14,44.7,2.87,226.51,7.26,65634.68
2022-04-08,Store_01,191958,Electronics,1,Easter,0.0,57.0,2.81,227.58,7.46,42610.53
2022-04-15,Store_01,191958,Electronics,1,Easter,0.0,54.9,2.7,228.06,7.36,42752.4
2022-04-22,Store_01,191958,Electronics,0,None,0.14,66.9,2.62,228.82,7.5,39429.85
2022-04-29,Store_01,191958,Electronics,0,None,0.0,58.1,2.75,228.01,7.31,34559.11
2022-05-06,Store_01,191958,Electronics,0,None,0.0,68.2,2.66,228.06,7.37,32691.58
2022-05-13,Store_01,191958,Electronics,0,None,0.0,71.4,2.71,228.4,7.41,31872.82
2022-05-20,Store_01,191958,Electronics,0,None,0.0,72.8,2.56,229.3,7.43,31432.13
2022-05-27,Store_01,191958,Electronics,0,None,0.0,73.4,2.6,229.2,7.21,31428.8
2022-06-03,Store_01,191958,Electronics,0,None,0.0,73.6,2.62,228.97,7.28,32890.51
2022-06-10,Store_01,191958,Electronics,0,None,0.0,82.9,2.61,229.68,7.25,34666.79
2022-06-17,Store_01,191958,Electronics,0,None,0.0,82.9,2.58,229.66,7.22,31372.18
2022-06-24,Store_01,191958,Electronics,0,None,0.22,81.5,2.63,230.29,7.44,49965.56
2022-07-01,Store_01,191958,Electronics,0,None,0.0,79.4,2.55,229.65,7.29,32617.6
2022-07-08,Store_01,191958,Electronics,0,None,0.0,81.5,2.59,230.03,7.11,32172.97
2022-07-15,Store_01,191958,Electronics,0,None,0.0,86.5,2.61,230.19,7.31,31192.41
2022-07-22,Store_01,191958,Electronics,0,None,0.0,85.2,2.64,229.85,7.41,31769.05
2022-07-29,Store_01,191958,Electronics,0,None,0.0,86.4,2.65,230.92,7.29,30895.42
2022-08-05,Store_01,191958,Electronics,0,None,0.0,85.5,2.57,231.09,7.02,29114.53
2022-08-12,Store_01,191958,Electronics,0,None,0.0,88.6,2.56,231.16,7.11,30069.63
2022-08-19,Store_01,191958,Electronics,0,None,0.0,84.4,2.72,231.23,7.26,29074.77
2022-08-26,Store_01,191958,Electronics,0,None,0.0,83.3,2.69,230.83,7.05,31586.44
2022-09-02,Store_01,191958,Electronics,1,Labor_Day,0.21,76.2,2.65,231.52,7.15,72981.68
2022-09-09,Store_01,191958,Electronics,1,Labor_Day,0.23,72.9,2.78,231.75,7.17,66971.35
2022-09-16,Store_01,191958,Electronics,0,None,0.06,75.6,2.73,231.71,6.98,33492.12
2022-09-23,Store_01,191958,Electronics,0,None,0.0,76.5,2.81,232.23,7.05,26791.75
2022-09-30,Store_01,191958,Electronics,0,None,0.0,64.8,2.78,232.7,6.72,27249.71
2022-10-07,Store_01,191958,Electronics,0,None,0.22,66.0,2.91,233.64,6.92,38082.95
2022-10-14,Store_01,191958,Electronics,0,None,0.0,57.3,2.92,232.97,6.98,26592.98
2022-10-21,Store_01,191958,Electronics,0,None,0.0,64.9,2.85,233.21,6.87,24468.92
2022-10-28,Store_01,191958,Electronics,0,None,0.0,54.9,2.94,233.23,7.14,25266.29
2022-11-04,Store_01,191958,Electronics,0,None,0.25,51.7,2.95,232.5,6.82,40235.77
2022-11-11,Store_01,191958,Electronics,0,None,0.0,46.5,3.02,233.64,6.9,25104.14
2022-11-18,Store_01,191958,Electronics,0,None,0.0,54.7,2.94,233.88,6.94,25636.74
2022-11-25,Store_01,191958,Electronics,1,Thanksgiving_BlackFriday,0.0,42.2,3.06,235.27,7.06,59566.08
2022-12-02,Store_01,191958,Electronics,0,None,0.0,44.7,3.11,234.13,6.75,24284.07
2022-12-09,Store_01,191958,Electronics,0,None,0.0,39.2,3.0,234.57,7.0,24680.32
2022-12-16,Store_01,191958,Electronics,0,None,0.0,36.7,3.07,234.6,6.87,23305.41
2022-12-23,Store_01,191958,Electronics,1,Christmas_Holiday,0.0,38.1,3.06,234.22,6.75,56680.53
2022-12-30,Store_01,191958,Electronics,1,Christmas_Holiday,0.0,33.0,3.19,235.57,6.88,54270.38
2023-01-06,Store_01,191958,Electronics,0,None,0.3,31.5,3.27,235.57,6.84,43956.21
2023-01-13,Store_01,191958,Electronics,0,None,0.0,37.5,3.35,235.78,6.74,28146.44
2023-01-20,Store_01,191958,Electronics,0,None,0.24,36.2,3.31,235.12,6.79,41329.78
2023-01-27,Store_01,191958,Electronics,0,None,0.0,34.7,3.43,236.47,6.73,25328.32
2023-02-03,Store_01,191958,Electronics,0,None,0.0,33.1,3.31,235.26,6.76,24906.16
2023-02-10,Store_01,191958,Electronics,1,Super_Bowl,0.16,38.1,3.33,236.45,6.8,59168.39
2023-02-17,Store_01,191958,Electronics,0,None,0.0,45.3,3.44,237.44,6.88,28101.0
2023-02-24,Store_01,191958,Electronics,0,None,0.0,39.4,3.5,236.04,6.58,28422.22
2023-03-03,Store_01,191958,Electronics,0,None,0.0,41.0,3.51,236.45,6.9,29509.08
2023-03-10,Store_01,191958,Electronics,0,None,0.0,45.2,3.44,236.97,6.48,29178.67
2023-03-17,Store_01,191958,Electronics,0,None,0.22,43.5,3.57,236.86,6.64,45762.56
2023-03-24,Store_01,191958,Electronics,0,None,0.0,48.4,3.53,236.53,6.7,30165.0
2023-03-31,Store_01,191958,Electronics,1,Easter,0.0,51.7,3.66,237.53,6.65,47611.11
2023-04-07,Store_01,191958,Electronics,1,Easter,0.0,56.5,3.67,237.16,6.55,47146.91
2023-04-14,Store_01,191958,Electronics,1,Easter,0.0,58.6,3.63,238.12,6.57,47015.52
2023-04-21,Store_01,191958,Electronics,0,None,0.0,59.1,3.67,237.62,6.53,32963.29
2023-04-28,Store_01,191958,Electronics,0,None,0.0,63.2,3.66,239.04,6.5,32767.77
2023-05-05,Store_01,191958,Electronics,0,None,0.0,60.1,3.73,238.07,6.63,33385.82
2023-05-12,Store_01,191958,Electronics,0,None,0.0,66.5,3.79,238.49,6.56,35325.26
2023-05-19,Store_01,191958,Electronics,0,None,0.07,75.3,3.71,239.25,6.44,38800.34
2023-05-26,Store_01,191958,Electronics,0,None,0.3,78.7,3.8,238.42,6.59,58246.2
2023-06-02,Store_01,191958,Electronics,0,None,0.0,75.6,3.76,239.34,6.51,32998.67
2023-06-09,Store_01,191958,Electronics,0,None,0.13,77.5,3.75,240.08,6.55,44871.41
2023-06-16,Store_01,191958,Electronics,0,None,0.18,78.7,3.79,238.81,6.51,45377.09
2023-06-23,Store_01,191958,Electronics,0,None,0.0,84.9,3.75,239.9,6.35,30224.88
2023-06-30,Store_01,191958,Electronics,0,None,0.27,86.2,3.77,240.13,6.36,52198.11
2023-07-07,Store_01,191958,Electronics,0,None,0.0,83.6,3.74,240.58,6.48,34895.27
2023-07-14,Store_01,191958,Electronics,0,None,0.0,83.9,3.89,239.77,6.45,32250.47
2023-07-21,Store_01,191958,Electronics,0,None,0.11,77.2,3.79,239.92,6.37,40409.26
2023-07-28,Store_01,191958,Electronics,0,None,0.0,86.0,3.75,241.03,6.36,31022.45
2023-08-04,Store_01,191958,Electronics,0,None,0.0,84.2,3.78,241.11,6.46,33414.4
2023-08-11,Store_01,191958,Electronics,0,None,0.17,82.9,3.76,241.28,6.26,43472.43
2023-08-18,Store_01,191958,Electronics,0,None,0.0,79.5,3.74,241.52,6.36,28096.8
2023-08-25,Store_01,191958,Electronics,0,None,0.0,79.2,3.76,241.2,6.27,32230.38
2023-09-01,Store_01,191958,Electronics,1,Labor_Day,0.0,78.1,3.75,241.85,6.25,48175.09
2023-09-08,Store_01,191958,Electronics,1,Labor_Day,0.11,73.2,3.67,242.07,6.37,56996.2
2023-09-15,Store_01,191958,Electronics,0,None,0.0,77.0,3.64,241.76,6.32,29709.5
2023-09-22,Store_01,191958,Electronics,0,None,0.0,72.5,3.64,243.24,6.31,27603.7
2023-09-29,Store_01,191958,Electronics,0,None,0.0,69.4,3.51,242.74,6.34,28333.22
2023-10-06,Store_01,191958,Electronics,0,None,0.0,63.9,3.52,242.1,6.19,27085.6
2023-10-13,Store_01,191958,Electronics,0,None,0.23,63.3,3.64,243.21,6.24,40379.36
2023-10-20,Store_01,191958,Electronics,0,None,0.0,63.9,3.62,242.59,6.13,27732.09
2023-10-27,Store_01,191958,Electronics,0,None,0.0,55.0,3.5,243.66,6.18,25614.14
2023-11-03,Store_01,191958,Electronics,0,None,0.22,52.7,3.51,244.04,6.12,38125.91
2023-11-10,Store_01,191958,Electronics,0,None,0.07,53.8,3.46,243.24,6.12,30485.22
2023-11-17,Store_01,191958,Electronics,0,None,0.0,52.3,3.57,244.33,6.16,24937.01
2023-11-24,Store_01,191958,Electronics,1,Thanksgiving_BlackFriday,0.0,45.0,3.43,244.24,6.0,57317.66
2023-12-01,Store_01,191958,Electronics,0,None,0.29,49.9,3.34,244.64,6.27,41323.14
2023-12-08,Store_01,191958,Electronics,0,None,0.0,44.1,3.26,245.37,5.95,26430.92
2023-12-15,Store_01,191958,Electronics,0,None,0.0,44.8,3.19,244.49,5.91,25547.29
2023-12-22,Store_01,191958,Electronics,1,Christmas_Holiday,0.28,41.1,3.25,244.43,6.13,88886.81
2023-12-29,Store_01,191958,Electronics,1,Christmas_Holiday,0.2,32.8,3.16,244.56,6.08,82077.53
2021-01-01,Store_01,191958,Grocery,0,None,0.13,31.5,3.23,214.14,8.42,34131.47
2021-01-08,Store_01,191958,Grocery,0,None,0.27,32.5,3.27,214.91,8.48,42837.8
2021-01-15,Store_01,191958,Grocery,0,None,0.0,37.8,3.27,214.88,8.5,29565.88
2021-01-22,Store_01,191958,Grocery,0,None,0.0,35.0,3.26,215.73,8.48,32917.69
2021-01-29,Store_01,191958,Grocery,0,None,0.0,36.8,3.35,215.32,8.52,30986.44
2021-02-05,Store_01,191958,Grocery,1,Super_Bowl,0.21,33.7,3.34,215.26,8.42,42788.48
2021-02-12,Store_01,191958,Grocery,1,Super_Bowl,0.0,39.4,3.46,216.89,8.55,35530.84
2021-02-19,Store_01,191958,Grocery,0,None,0.09,39.6,3.44,216.23,8.36,35712.22
2021-02-26,Store_01,191958,Grocery,0,None,0.12,38.0,3.44,216.57,8.64,38624.11
2021-03-05,Store_01,191958,Grocery,0,None,0.0,38.8,3.49,216.02,8.42,34855.39
2021-03-12,Store_01,191958,Grocery,0,None,0.0,43.2,3.56,216.65,8.25,34145.24
2021-03-19,Store_01,191958,Grocery,0,None,0.22,48.1,3.54,217.17,8.22,45156.31
2021-03-26,Store_01,191958,Grocery,1,Easter,0.0,50.6,3.56,216.73,8.36,43472.81
2021-04-02,Store_01,191958,Grocery,1,Easter,0.13,48.8,3.64,217.69,8.27,49806.48
2021-04-09,Store_01,191958,Grocery,1,Easter,0.08,45.8,3.66,217.39,8.35,44539.24
2021-04-16,Store_01,191958,Grocery,0,None,0.0,59.4,3.65,217.74,8.31,37829.56
2021-04-23,Store_01,191958,Grocery,0,None,0.0,56.4,3.67,217.78,8.24,38199.84
2021-04-30,Store_01,191958,Grocery,0,None,0.07,61.8,3.73,219.2,8.14,41126.71
2021-05-07,Store_01,191958,Grocery,0,None,0.0,68.3,3.66,218.45,8.06,40098.43
2021-05-14,Store_01,191958,Grocery,0,None,0.0,73.2,3.68,218.12,8.15,36790.19
2021-05-21,Store_01,191958,Grocery,0,None,0.0,68.5,3.73,219.26,8.27,40445.31
2021-05-28,Store_01,191958,Grocery,0,None,0.0,72.4,3.76,218.43,8.18,40823.69
2021-06-04,Store_01,191958,Grocery,0,None,0.0,81.3,3.8,219.34,8.02,40698.39
2021-06-11,Store_01,191958,Grocery,0,None,0.0,77.5,3.86,218.44,8.15,39682.3
2021-06-18,Store_01,191958,Grocery,0,None,0.0,79.6,3.84,218.95,8.15,40621.57
2021-06-25,Store_01,191958,Grocery,0,None,0.0,88.4,3.79,219.91,8.01,39609.22
2021-07-02,Store_01,191958,Grocery,0,None,0.0,86.2,3.8,220.37,8.1,36604.58
2021-07-09,Store_01,191958,Grocery,0,None,0.0,81.2,3.75,220.28,8.07,41259.28
2021-07-16,Store_01,191958,Grocery,0,None,0.0,82.3,3.79,220.33,7.94,39779.78
2021-07-23,Store_01,191958,Grocery,0,None,0.0,84.3,3.78,220.43,8.07,40263.58
2021-07-30,Store_01,191958,Grocery,0,None,0.0,85.1,3.8,220.03,8.08,36155.41
2021-08-06,Store_01,191958,Grocery,0,None,0.25,87.7,3.73,220.6,8.11,50556.83
2021-08-13,Store_01,191958,Grocery,0,None,0.0,90.2,3.79,220.92,8.09,36659.12
2021-08-20,Store_01,191958,Grocery,0,None,0.0,83.3,3.82,221.87,7.83,38033.31
2021-08-27,Store_01,191958,Grocery,0,None,0.19,78.0,3.73,221.71,7.86,45313.14
2021-09-03,Store_01,191958,Grocery,1,Labor_Day,0.26,79.7,3.73,220.85,7.99,53455.25
2021-09-10,Store_01,191958,Grocery,1,Labor_Day,0.0,73.6,3.73,222.09,7.97,39764.82
2021-09-17,Store_01,191958,Grocery,0,None,0.0,72.5,3.65,221.92,7.96,35513.44
2021-09-24,Store_01,191958,Grocery,0,None,0.0,75.7,3.66,221.97,8.28,31496.9
2021-10-01,Store_01,191958,Grocery,0,None,0.0,69.7,3.62,222.81,7.93,30738.01
2021-10-08,Store_01,191958,Grocery,0,None,0.0,70.5,3.6,223.21,7.97,32749.98
2021-10-15,Store_01,191958,Grocery,0,None,0.0,70.9,3.53,223.35,7.94,32113.29
2021-10-22,Store_01,191958,Grocery,0,None,0.0,62.2,3.54,222.66,7.89,31748.05
2021-10-29,Store_01,191958,Grocery,0,None,0.19,58.3,3.54,223.11,7.78,36057.14
2021-11-05,Store_01,191958,Grocery,0,None,0.0,59.7,3.55,223.63,7.87,29424.17
2021-11-12,Store_01,191958,Grocery,0,None,0.0,50.8,3.49,224.14,7.7,33387.23
2021-11-19,Store_01,191958,Grocery,0,None,0.0,50.0,3.52,223.61,7.74,29859.63
2021-11-26,Store_01,191958,Grocery,1,Thanksgiving_BlackFriday,0.13,44.5,3.34,223.95,7.7,50704.05
2021-12-03,Store_01,191958,Grocery,0,None,0.0,36.5,3.39,223.68,7.74,28212.18
2021-12-10,Store_01,191958,Grocery,0,None,0.0,37.4,3.32,223.82,7.95,27923.04
2021-12-17,Store_01,191958,Grocery,0,None,0.0,38.6,3.38,225.02,7.51,29454.68
2021-12-24,Store_01,191958,Grocery,1,Christmas_Holiday,0.28,37.0,3.2,225.49,7.75,57215.59
2021-12-31,Store_01,191958,Grocery,1,Christmas_Holiday,0.22,31.1,3.16,224.96,7.51,52409.86
2022-01-07,Store_01,191958,Grocery,0,None,0.3,32.4,3.13,225.69,7.6,47055.03
2022-01-14,Store_01,191958,Grocery,0,None,0.24,35.4,3.02,225.57,7.74,41165.06
2022-01-21,Store_01,191958,Grocery,0,None,0.0,34.6,3.07,225.25,7.63,35414.47
2022-01-28,Store_01,191958,Grocery,0,None,0.24,31.9,3.02,225.95,7.49,44289.25
2022-02-04,Store_01,191958,Grocery,0,None,0.0,27.7,3.03,226.73,7.52,34741.9
2022-02-11,Store_01,191958,Grocery,1,Super_Bowl,0.1,30.4,3.0,226.14,7.64,41171.74
2022-02-18,Store_01,191958,Grocery,0,None,0.0,35.5,3.05,227.13,7.48,33754.94
2022-02-25,Store_01,191958,Grocery,0,None,0.23,39.2,2.97,225.23,7.56,44343.37
2022-03-04,Store_01,191958,Grocery,0,None,0.0,41.4,2.86,227.14,7.53,36546.22
2022-03-11,Store_01,191958,Grocery,0,None,0.08,40.0,2.81,226.97,7.44,38815.86
2022-03-18,Store_01,191958,Grocery,0,None,0.0,47.3,2.85,226.97,7.7,36312.36
2022-03-25,Store_01,191958,Grocery,1,Easter,0.23,47.7,2.74,227.35,7.54,55866.72
2022-04-01,Store_01,191958,Grocery,1,Easter,0.22,51.9,2.87,226.51,7.26,54276.58
2022-04-08,Store_01,191958,Grocery,1,Easter,0.0,51.2,2.81,227.58,7.46,45375.64
2022-04-15,Store_01,191958,Grocery,1,Easter,0.27,53.2,2.7,228.06,7.36,58905.14
2022-04-22,Store_01,191958,Grocery,0,None,0.0,63.1,2.62,228.82,7.5,41866.46
2022-04-29,Store_01,191958,Grocery,0,None,0.0,57.8,2.75,228.01,7.31,38175.7
2022-05-06,Store_01,191958,Grocery,0,None,0.0,71.2,2.66,228.06,7.37,37790.13
2022-05-13,Store_01,191958,Grocery,0,None,0.0,67.2,2.71,228.4,7.41,40086.38
2022-05-20,Store_01,191958,Grocery,0,None,0.0,72.8,2.56,229.3,7.43,42851.98
2022-05-27,Store_01,191958,Grocery,0,None,0.0,74.1,2.6,229.2,7.21,40840.69
2022-06-03,Store_01,191958,Grocery,0,None,0.0,76.4,2.62,228.97,7.28,45144.59
2022-06-10,Store_01,191958,Grocery,0,None,0.0,80.7,2.61,229.68,7.25,41885.47
2022-06-17,Store_01,191958,Grocery,0,None,0.0,80.0,2.58,229.66,7.22,39419.58
2022-06-24,Store_01,191958,Grocery,0,None,0.0,82.4,2.63,230.29,7.44,41768.13
2022-07-01,Store_01,191958,Grocery,0,None,0.0,80.4,2.55,229.65,7.29,44557.61
2022-07-08,Store_01,191958,Grocery,0,None,0.0,86.4,2.59,230.03,7.11,41399.28
2022-07-15,Store_01,191958,Grocery,0,None,0.0,87.8,2.61,230.19,7.31,39008.88
2022-07-22,Store_01,191958,Grocery,0,None,0.0,86.5,2.64,229.85,7.41,37273.69
2022-07-29,Store_01,191958,Grocery,0,None,0.0,81.0,2.65,230.92,7.29,39219.5
2022-08-05,Store_01,191958,Grocery,0,None,0.0,84.9,2.57,231.09,7.02,38297.1
2022-08-12,Store_01,191958,Grocery,0,None,0.0,79.2,2.56,231.16,7.11,40772.77
2022-08-19,Store_01,191958,Grocery,0,None,0.0,79.5,2.72,231.23,7.26,36652.23
2022-08-26,Store_01,191958,Grocery,0,None,0.0,88.5,2.69,230.83,7.05,37616.37
2022-09-02,Store_01,191958,Grocery,1,Labor_Day,0.06,79.2,2.65,231.52,7.15,46809.46
2022-09-09,Store_01,191958,Grocery,1,Labor_Day,0.17,72.0,2.78,231.75,7.17,47007.31
2022-09-16,Store_01,191958,Grocery,0,None,0.0,77.2,2.73,231.71,6.98,35471.13
2022-09-23,Store_01,191958,Grocery,0,None,0.0,76.9,2.81,232.23,7.05,32702.9
2022-09-30,Store_01,191958,Grocery,0,None,0.0,67.7,2.78,232.7,6.72,35117.16
2022-10-07,Store_01,191958,Grocery,0,None,0.0,68.9,2.91,233.64,6.92,31280.16
2022-10-14,Store_01,191958,Grocery,0,None,0.28,66.4,2.92,232.97,6.98,41878.3
2022-10-21,Store_01,191958,Grocery,0,None,0.0,59.3,2.85,233.21,6.87,33072.07
2022-10-28,Store_01,191958,Grocery,0,None,0.0,58.8,2.94,233.23,7.14,33765.57
2022-11-04,Store_01,191958,Grocery,0,None,0.0,57.2,2.95,232.5,6.82,31620.21
2022-11-11,Store_01,191958,Grocery,0,None,0.0,46.2,3.02,233.64,6.9,32397.26
2022-11-18,Store_01,191958,Grocery,0,None,0.22,48.8,2.94,233.88,6.94,40014.36
2022-11-25,Store_01,191958,Grocery,1,Thanksgiving_BlackFriday,0.0,45.2,3.06,235.27,7.06,46697.91
2022-12-02,Store_01,191958,Grocery,0,None,0.0,43.2,3.11,234.13,6.75,31943.76
2022-12-09,Store_01,191958,Grocery,0,None,0.2,39.7,3.0,234.57,7.0,37465.69
2022-12-16,Store_01,191958,Grocery,0,None,0.22,38.5,3.07,234.6,6.87,40871.11
2022-12-23,Store_01,191958,Grocery,1,Christmas_Holiday,0.18,35.2,3.06,234.22,6.75,47944.18
2022-12-30,Store_01,191958,Grocery,1,Christmas_Holiday,0.0,39.8,3.19,235.57,6.88,41011.52
2023-01-06,Store_01,191958,Grocery,0,None,0.27,37.5,3.27,235.57,6.84,44164.0
2023-01-13,Store_01,191958,Grocery,0,None,0.0,35.3,3.35,235.78,6.74,32103.2
2023-01-20,Store_01,191958,Grocery,0,None,0.0,39.2,3.31,235.12,6.79,34420.77
2023-01-27,Store_01,191958,Grocery,0,None,0.0,36.1,3.43,236.47,6.73,33078.12
2023-02-03,Store_01,191958,Grocery,0,None,0.0,40.1,3.31,235.26,6.76,33017.36
2023-02-10,Store_01,191958,Grocery,1,Super_Bowl,0.14,39.0,3.33,236.45,6.8,45143.41
2023-02-17,Store_01,191958,Grocery,0,None,0.0,34.7,3.44,237.44,6.88,35359.85
2023-02-24,Store_01,191958,Grocery,0,None,0.0,40.1,3.5,236.04,6.58,34511.7
2023-03-03,Store_01,191958,Grocery,0,None,0.0,43.3,3.51,236.45,6.9,38167.89
2023-03-10,Store_01,191958,Grocery,0,None,0.0,42.8,3.44,236.97,6.48,40853.39
2023-03-17,Store_01,191958,Grocery,0,None,0.3,43.8,3.57,236.86,6.64,54198.53
2023-03-24,Store_01,191958,Grocery,0,None,0.0,53.2,3.53,236.53,6.7,37752.45
2023-03-31,Store_01,191958,Grocery,1,Easter,0.1,49.5,3.66,237.53,6.65,49760.05
2023-04-07,Store_01,191958,Grocery,1,Easter,0.29,57.6,3.67,237.16,6.55,65967.24
2023-04-14,Store_01,191958,Grocery,1,Easter,0.0,55.3,3.63,238.12,6.57,47622.71
2023-04-21,Store_01,191958,Grocery,0,None,0.0,58.9,3.67,237.62,6.53,41451.91
2023-04-28,Store_01,191958,Grocery,0,None,0.0,58.5,3.66,239.04,6.5,40199.31
2023-05-05,Store_01,191958,Grocery,0,None,0.0,66.5,3.73,238.07,6.63,40985.08
2023-05-12,Store_01,191958,Grocery,0,None,0.0,67.7,3.79,238.49,6.56,43286.41
2023-05-19,Store_01,191958,Grocery,0,None,0.0,74.9,3.71,239.25,6.44,42341.58
2023-05-26,Store_01,191958,Grocery,0,None,0.0,71.8,3.8,238.42,6.59,44360.11
2023-06-02,Store_01,191958,Grocery,0,None,0.0,73.7,3.76,239.34,6.51,42077.44
2023-06-09,Store_01,191958,Grocery,0,None,0.0,79.4,3.75,240.08,6.55,37019.85
2023-06-16,Store_01,191958,Grocery,0,None,0.0,78.0,3.79,238.81,6.51,42125.85
2023-06-23,Store_01,191958,Grocery,0,None,0.0,85.3,3.75,239.9,6.35,40035.34
2023-06-30,Store_01,191958,Grocery,0,None,0.0,84.8,3.77,240.13,6.36,43650.91
2023-07-07,Store_01,191958,Grocery,0,None,0.0,87.6,3.74,240.58,6.48,43052.75
2023-07-14,Store_01,191958,Grocery,0,None,0.0,87.0,3.89,239.77,6.45,43807.58
2023-07-21,Store_01,191958,Grocery,0,None,0.0,88.5,3.79,239.92,6.37,40516.98
2023-07-28,Store_01,191958,Grocery,0,None,0.0,86.3,3.75,241.03,6.36,40843.29
2023-08-04,Store_01,191958,Grocery,0,None,0.0,84.7,3.78,241.11,6.46,39465.51
2023-08-11,Store_01,191958,Grocery,0,None,0.0,84.9,3.76,241.28,6.26,40051.18
2023-08-18,Store_01,191958,Grocery,0,None,0.12,86.0,3.74,241.52,6.36,45403.68
2023-08-25,Store_01,191958,Grocery,0,None,0.0,80.7,3.76,241.2,6.27,39908.05
2023-09-01,Store_01,191958,Grocery,1,Labor_Day,0.0,74.7,3.75,241.85,6.25,43528.54
2023-09-08,Store_01,191958,Grocery,1,Labor_Day,0.0,77.2,3.67,242.07,6.37,44220.04
2023-09-15,Store_01,191958,Grocery,0,None,0.0,74.3,3.64,241.76,6.32,37614.96
2023-09-22,Store_01,191958,Grocery,0,None,0.28,72.2,3.64,243.24,6.31,47310.24
2023-09-29,Store_01,191958,Grocery,0,None,0.0,69.4,3.51,242.74,6.34,34894.9
2023-10-06,Store_01,191958,Grocery,0,None,0.0,66.5,3.52,242.1,6.19,36454.33
2023-10-13,Store_01,191958,Grocery,0,None,0.27,58.4,3.64,243.21,6.24,44283.38
2023-10-20,Store_01,191958,Grocery,0,None,0.0,61.1,3.62,242.59,6.13,33501.75
2023-10-27,Store_01,191958,Grocery,0,None,0.0,50.9,3.5,243.66,6.18,32461.98
2023-11-03,Store_01,191958,Grocery,0,None,0.0,59.7,3.51,244.04,6.12,31168.82
2023-11-10,Store_01,191958,Grocery,0,None,0.0,50.6,3.46,243.24,6.12,31106.26
2023-11-17,Store_01,191958,Grocery,0,None,0.22,50.5,3.57,244.33,6.16,38560.09
2023-11-24,Store_01,191958,Grocery,1,Thanksgiving_BlackFriday,0.16,48.4,3.43,244.24,6.0,54692.4
2023-12-01,Store_01,191958,Grocery,0,None,0.0,45.3,3.34,244.64,6.27,29887.12
2023-12-08,Store_01,191958,Grocery,0,None,0.0,39.2,3.26,245.37,5.95,32930.18
2023-12-15,Store_01,191958,Grocery,0,None,0.0,38.8,3.19,244.49,5.91,30235.95
2023-12-22,Store_01,191958,Grocery,1,Christmas_Holiday,0.0,42.2,3.25,244.43,6.13,46305.79
2023-12-29,Store_01,191958,Grocery,1,Christmas_Holiday,0.0,38.0,3.16,244.56,6.08,46687.24
2021-01-01,Store_01,191958,Home_Garden,0,None,0.0,37.2,3.23,214.14,8.42,15540.44
2021-01-08,Store_01,191958,Home_Garden,0,None,0.0,36.4,3.27,214.91,8.48,16103.84
2021-01-15,Store_01,191958,Home_Garden,0,None,0.0,42.2,3.27,214.88,8.5,17135.42
2021-01-22,Store_01,191958,Home_Garden,0,None,0.0,40.9,3.26,215.73,8.48,16323.99
2021-01-29,Store_01,191958,Home_Garden,0,None,0.17,31.4,3.35,215.32,8.52,20274.65
2021-02-05,Store_01,191958,Home_Garden,1,Super_Bowl,0.0,36.4,3.34,215.26,8.42,19248.97
2021-02-12,Store_01,191958,Home_Garden,1,Super_Bowl,0.0,38.0,3.46,216.89,8.55,19098.05
2021-02-19,Store_01,191958,Home_Garden,0,None,0.0,38.7,3.44,216.23,8.36,18168.9
2021-02-26,Store_01,191958,Home_Garden,0,None,0.0,38.3,3.44,216.57,8.64,17961.94
2021-03-05,Store_01,191958,Home_Garden,0,None,0.0,37.8,3.49,216.02,8.42,19213.65
2021-03-12,Store_01,191958,Home_Garden,0,None,0.0,43.3,3.56,216.65,8.25,17639.53
2021-03-19,Store_01,191958,Home_Garden,0,None,0.0,43.3,3.54,217.17,8.22,18608.42
2021-03-26,Store_01,191958,Home_Garden,1,Easter,0.0,52.5,3.56,216.73,8.36,23922.51
2021-04-02,Store_01,191958,Home_Garden,1,Easter,0.0,50.3,3.64,217.69,8.27,21890.35
2021-04-09,Store_01,191958,Home_Garden,1,Easter,0.0,54.9,3.66,217.39,8.35,22652.22
2021-04-16,Store_01,191958,Home_Garden,0,None,0.0,61.5,3.65,217.74,8.31,26660.85
2021-04-23,Store_01,191958,Home_Garden,0,None,0.0,59.5,3.67,217.78,8.24,28405.55
2021-04-30,Store_01,191958,Home_Garden,0,None,0.0,62.4,3.73,219.2,8.14,28029.83
2021-05-07,Store_01,191958,Home_Garden,0,None,0.0,57.2,3.66,218.45,8.06,29748.67
2021-05-14,Store_01,191958,Home_Garden,0,None,0.0,68.1,3.68,218.12,8.15,26906.06
2021-05-21,Store_01,191958,Home_Garden,0,None,0.0,72.8,3.73,219.26,8.27,29182.01
2021-05-28,Store_01,191958,Home_Garden,0,None,0.0,72.6,3.76,218.43,8.18,29072.17
2021-06-04,Store_01,191958,Home_Garden,0,None,0.0,78.1,3.8,219.34,8.02,28643.83
2021-06-11,Store_01,191958,Home_Garden,0,None,0.24,80.9,3.86,218.44,8.15,40301.49
2021-06-18,Store_01,191958,Home_Garden,0,None,0.0,84.1,3.84,218.95,8.15,28460.18
2021-06-25,Store_01,191958,Home_Garden,0,None,0.17,85.3,3.79,219.91,8.01,35625.85
2021-07-02,Store_01,191958,Home_Garden,0,None,0.0,81.1,3.8,220.37,8.1,27690.36
2021-07-09,Store_01,191958,Home_Garden,0,None,0.25,82.6,3.75,220.28,8.07,39264.57
2021-07-16,Store_01,191958,Home_Garden,0,None,0.0,86.6,3.79,220.33,7.94,27590.27
2021-07-23,Store_01,191958,Home_Garden,0,None,0.0,82.5,3.78,220.43,8.07,20677.06
2021-07-30,Store_01,191958,Home_Garden,0,None,0.15,85.1,3.8,220.03,8.08,24656.45
2021-08-06,Store_01,191958,Home_Garden,0,None,0.0,82.0,3.73,220.6,8.11,20993.73
2021-08-13,Store_01,191958,Home_Garden,0,None,0.0,82.8,3.79,220.92,8.09,18794.86
2021-08-20,Store_01,191958,Home_Garden,0,None,0.0,81.7,3.82,221.87,7.83,19767.29
2021-08-27,Store_01,191958,Home_Garden,0,None,0.0,81.4,3.73,221.71,7.86,18733.12
2021-09-03,Store_01,191958,Home_Garden,1,Labor_Day,0.0,79.7,3.73,220.85,7.99,18645.75
2021-09-10,Store_01,191958,Home_Garden,1,Labor_Day,0.0,77.1,3.73,222.09,7.97,20289.84
2021-09-17,Store_01,191958,Home_Garden,0,None,0.0,74.8,3.65,221.92,7.96,18979.11
2021-09-24,Store_01,191958,Home_Garden,0,None,0.0,68.7,3.66,221.97,8.28,18222.76
2021-10-01,Store_01,191958,Home_Garden,0,None,0.0,73.0,3.62,222.81,7.93,18006.4
2021-10-08,Store_01,191958,Home_Garden,0,None,0.0,64.5,3.6,223.21,7.97,16141.46
2021-10-15,Store_01,191958,Home_Garden,0,None,0.21,62.9,3.53,223.35,7.94,22485.97
2021-10-22,Store_01,191958,Home_Garden,0,None,0.0,60.0,3.54,222.66,7.89,16640.47
2021-10-29,Store_01,191958,Home_Garden,0,None,0.0,57.5,3.54,223.11,7.78,16051.04
2021-11-05,Store_01,191958,Home_Garden,0,None,0.14,57.4,3.55,223.63,7.87,20792.84
2021-11-12,Store_01,191958,Home_Garden,0,None,0.0,49.7,3.49,224.14,7.7,16407.7
2021-11-19,Store_01,191958,Home_Garden,0,None,0.0,49.0,3.52,223.61,7.74,15952.28
2021-11-26,Store_01,191958,Home_Garden,1,Thanksgiving_BlackFriday,0.22,48.1,3.34,223.95,7.7,26457.89
2021-12-03,Store_01,191958,Home_Garden,0,None,0.0,43.0,3.39,223.68,7.74,16268.84
2021-12-10,Store_01,191958,Home_Garden,0,None,0.0,38.8,3.32,223.82,7.95,15971.9
2021-12-17,Store_01,191958,Home_Garden,0,None,0.0,40.0,3.38,225.02,7.51,16065.53
2021-12-24,Store_01,191958,Home_Garden,1,Christmas_Holiday,0.14,37.0,3.2,225.49,7.75,25534.14
2021-12-31,Store_01,191958,Home_Garden,1,Christmas_Holiday,0.0,38.4,3.16,224.96,7.51,19914.07
2022-01-07,Store_01,191958,Home_Garden,0,None,0.0,32.1,3.13,225.69,7.6,17635.74
2022-01-14,Store_01,191958,Home_Garden,0,None,0.0,34.2,3.02,225.57,7.74,17409.85
2022-01-21,Store_01,191958,Home_Garden,0,None,0.0,31.6,3.07,225.25,7.63,17015.68
2022-01-28,Store_01,191958,Home_Garden,0,None,0.0,36.3,3.02,225.95,7.49,16367.14
2022-02-04,Store_01,191958,Home_Garden,0,None,0.21,38.2,3.03,226.73,7.52,23040.5
2022-02-11,Store_01,191958,Home_Garden,1,Super_Bowl,0.0,40.0,3.0,226.14,7.64,21298.62
2022-02-18,Store_01,191958,Home_Garden,0,None,0.27,35.6,3.05,227.13,7.48,25590.92
2022-02-25,Store_01,191958,Home_Garden,0,None,0.08,35.2,2.97,225.23,7.56,19674.7
2022-03-04,Store_01,191958,Home_Garden,0,None,0.0,41.6,2.86,227.14,7.53,18855.02
2022-03-11,Store_01,191958,Home_Garden,0,None,0.0,40.4,2.81,226.97,7.44,19983.26
2022-03-18,Store_01,191958,Home_Garden,0,None,0.0,38.6,2.85,226.97,7.7,19714.6
2022-03-25,Store_01,191958,Home_Garden,1,Easter,0.0,47.6,2.74,227.35,7.54,24136.21
2022-04-01,Store_01,191958,Home_Garden,1,Easter,0.24,51.8,2.87,226.51,7.26,31851.2
2022-04-08,Store_01,191958,Home_Garden,1,Easter,0.0,58.7,2.81,227.58,7.46,23683.2
2022-04-15,Store_01,191958,Home_Garden,1,Easter,0.12,58.8,2.7,228.06,7.36,37220.2
2022-04-22,Store_01,191958,Home_Garden,0,None,0.0,64.6,2.62,228.82,7.5,29200.71
2022-04-29,Store_01,191958,Home_Garden,0,None,0.0,59.0,2.75,228.01,7.31,28534.55
2022-05-06,Store_01,191958,Home_Garden,0,None,0.0,66.7,2.66,228.06,7.37,25957.81
2022-05-13,Store_01,191958,Home_Garden,0,None,0.0,66.1,2.71,228.4,7.41,28617.47
2022-05-20,Store_01,191958,Home_Garden,0,None,0.0,66.7,2.56,229.3,7.43,28077.3
2022-05-27,Store_01,191958,Home_Garden,0,None,0.0,74.1,2.6,229.2,7.21,29008.87
2022-06-03,Store_01,191958,Home_Garden,0,None,0.0,77.3,2.62,228.97,7.28,28808.89
2022-06-10,Store_01,191958,Home_Garden,0,None,0.0,76.8,2.61,229.68,7.25,28632.86
2022-06-17,Store_01,191958,Home_Garden,0,None,0.0,79.6,2.58,229.66,7.22,29504.87
2022-06-24,Store_01,191958,Home_Garden,0,None,0.25,86.4,2.63,230.29,7.44,38814.97
2022-07-01,Store_01,191958,Home_Garden,0,None,0.0,88.1,2.55,229.65,7.29,27943.51
2022-07-08,Store_01,191958,Home_Garden,0,None,0.0,80.5,2.59,230.03,7.11,28433.87
2022-07-15,Store_01,191958,Home_Garden,0,None,0.0,79.3,2.61,230.19,7.31,28189.23
2022-07-22,Store_01,191958,Home_Garden,0,None,0.05,85.5,2.64,229.85,7.41,22554.1
2022-07-29,Store_01,191958,Home_Garden,0,None,0.29,91.1,2.65,230.92,7.29,29476.67
2022-08-05,Store_01,191958,Home_Garden,0,None,0.0,84.8,2.57,231.09,7.02,20584.93
2022-08-12,Store_01,191958,Home_Garden,0,None,0.0,84.0,2.56,231.16,7.11,20580.74
2022-08-19,Store_01,191958,Home_Garden,0,None,0.0,86.3,2.72,231.23,7.26,19950.01
2022-08-26,Store_01,191958,Home_Garden,0,None,0.16,80.3,2.69,230.83,7.05,25829.48
2022-09-02,Store_01,191958,Home_Garden,1,Labor_Day,0.29,79.8,2.65,231.52,7.15,32514.46
2022-09-09,Store_01,191958,Home_Garden,1,Labor_Day,0.16,77.6,2.78,231.75,7.17,26470.16
2022-09-16,Store_01,191958,Home_Garden,0,None,0.0,74.7,2.73,231.71,6.98,19353.19
2022-09-23,Store_01,191958,Home_Garden,0,None,0.0,71.7,2.81,232.23,7.05,18620.3
2022-09-30,Store_01,191958,Home_Garden,0,None,0.0,65.1,2.78,232.7,6.72,18876.87
2022-10-07,Store_01,191958,Home_Garden,0,None,0.0,62.1,2.91,233.64,6.92,18195.92
2022-10-14,Store_01,191958,Home_Garden,0,None,0.0,59.4,2.92,232.97,6.98,17506.1
2022-10-21,Store_01,191958,Home_Garden,0,None,0.14,60.0,2.85,233.21,6.87,20408.63
2022-10-28,Store_01,191958,Home_Garden,0,None,0.0,58.8,2.94,233.23,7.14,17526.69
2022-11-04,Store_01,191958,Home_Garden,0,None,0.16,56.2,2.95,232.5,6.82,21454.7
2022-11-11,Store_01,191958,Home_Garden,0,None,0.0,49.7,3.02,233.64,6.9,16564.59
2022-11-18,Store_01,191958,Home_Garden,0,None,0.0,46.4,2.94,233.88,6.94,15765.61
2022-11-25,Store_01,191958,Home_Garden,1,Thanksgiving_BlackFriday,0.0,41.0,3.06,235.27,7.06,21829.04
2022-12-02,Store_01,191958,Home_Garden,0,None,0.0,45.2,3.11,234.13,6.75,16042.01
2022-12-09,Store_01,191958,Home_Garden,0,None,0.0,43.7,3.0,234.57,7.0,17380.93
2022-12-16,Store_01,191958,Home_Garden,0,None,0.0,35.7,3.07,234.6,6.87,16503.11
2022-12-23,Store_01,191958,Home_Garden,1,Christmas_Holiday,0.06,35.0,3.06,234.22,6.75,22630.12
2022-12-30,Store_01,191958,Home_Garden,1,Christmas_Holiday,0.0,36.1,3.19,235.57,6.88,19424.36
2023-01-06,Store_01,191958,Home_Garden,0,None,0.0,41.7,3.27,235.57,6.84,18497.66
2023-01-13,Store_01,191958,Home_Garden,0,None,0.0,35.5,3.35,235.78,6.74,18108.92
2023-01-20,Store_01,191958,Home_Garden,0,None,0.0,34.1,3.31,235.12,6.79,17650.78
2023-01-27,Store_01,191958,Home_Garden,0,None,0.0,37.9,3.43,236.47,6.73,17781.49
2023-02-03,Store_01,191958,Home_Garden,0,None,0.0,25.3,3.31,235.26,6.76,17409.47
2023-02-10,Store_01,191958,Home_Garden,1,Super_Bowl,0.26,37.7,3.33,236.45,6.8,26543.71
2023-02-17,Store_01,191958,Home_Garden,0,None,0.0,38.5,3.44,237.44,6.88,18605.97
2023-02-24,Store_01,191958,Home_Garden,0,None,0.0,42.3,3.5,236.04,6.58,19841.11
2023-03-03,Store_01,191958,Home_Garden,0,None,0.27,44.9,3.51,236.45,6.9,26413.54
2023-03-10,Store_01,191958,Home_Garden,0,None,0.0,44.4,3.44,236.97,6.48,20587.91
2023-03-17,Store_01,191958,Home_Garden,0,None,0.29,38.1,3.57,236.86,6.64,29274.55
2023-03-24,Store_01,191958,Home_Garden,0,None,0.0,45.3,3.53,236.53,6.7,21317.94
2023-03-31,Store_01,191958,Home_Garden,1,Easter,0.0,47.7,3.66,237.53,6.65,23237.85
2023-04-07,Store_01,191958,Home_Garden,1,Easter,0.13,57.4,3.67,237.16,6.55,29956.84
2023-04-14,Store_01,191958,Home_Garden,1,Easter,0.14,58.7,3.63,238.12,6.57,41677.62
2023-04-21,Store_01,191958,Home_Garden,0,None,0.0,54.8,3.67,237.62,6.53,29138.85
2023-04-28,Store_01,191958,Home_Garden,0,None,0.0,60.6,3.66,239.04,6.5,29859.2
2023-05-05,Store_01,191958,Home_Garden,0,None,0.0,64.3,3.73,238.07,6.63,30288.22
2023-05-12,Store_01,191958,Home_Garden,0,None,0.0,64.4,3.79,238.49,6.56,30861.04
2023-05-19,Store_01,191958,Home_Garden,0,None,0.18,74.0,3.71,239.25,6.44,35147.47
2023-05-26,Store_01,191958,Home_Garden,0,None,0.0,74.7,3.8,238.42,6.59,30605.46
2023-06-02,Store_01,191958,Home_Garden,0,None,0.0,79.2,3.76,239.34,6.51,31010.5
2023-06-09,Store_01,191958,Home_Garden,0,None,0.0,78.5,3.75,240.08,6.55,30852.63
2023-06-16,Store_01,191958,Home_Garden,0,None,0.0,81.8,3.79,238.81,6.51,29386.43
2023-06-23,Store_01,191958,Home_Garden,0,None,0.0,83.8,3.75,239.9,6.35,30491.59
2023-06-30,Store_01,191958,Home_Garden,0,None,0.0,85.7,3.77,240.13,6.36,30613.55
2023-07-07,Store_01,191958,Home_Garden,0,None,0.0,84.5,3.74,240.58,6.48,28410.62
2023-07-14,Store_01,191958,Home_Garden,0,None,0.0,83.7,3.89,239.77,6.45,28678.85
2023-07-21,Store_01,191958,Home_Garden,0,None,0.26,89.3,3.79,239.92,6.37,31767.32
2023-07-28,Store_01,191958,Home_Garden,0,None,0.0,86.2,3.75,241.03,6.36,22812.1
2023-08-04,Store_01,191958,Home_Garden,0,None,0.0,86.0,3.78,241.11,6.46,23324.05
2023-08-11,Store_01,191958,Home_Garden,0,None,0.0,83.5,3.76,241.28,6.26,21853.13
2023-08-18,Store_01,191958,Home_Garden,0,None,0.0,80.6,3.74,241.52,6.36,20259.45
2023-08-25,Store_01,191958,Home_Garden,0,None,0.0,79.7,3.76,241.2,6.27,20356.44
2023-09-01,Store_01,191958,Home_Garden,1,Labor_Day,0.27,76.1,3.75,241.85,6.25,34191.46
2023-09-08,Store_01,191958,Home_Garden,1,Labor_Day,0.21,78.4,3.67,242.07,6.37,31466.59
2023-09-15,Store_01,191958,Home_Garden,0,None,0.0,75.0,3.64,241.76,6.32,19727.4
2023-09-22,Store_01,191958,Home_Garden,0,None,0.0,69.7,3.64,243.24,6.31,18520.25
2023-09-29,Store_01,191958,Home_Garden,0,None,0.0,64.8,3.51,242.74,6.34,19893.08
2023-10-06,Store_01,191958,Home_Garden,0,None,0.0,63.4,3.52,242.1,6.19,18238.71
2023-10-13,Store_01,191958,Home_Garden,0,None,0.0,57.9,3.64,243.21,6.24,18010.73
2023-10-20,Store_01,191958,Home_Garden,0,None,0.0,59.5,3.62,242.59,6.13,18157.41
2023-10-27,Store_01,191958,Home_Garden,0,None,0.0,58.5,3.5,243.66,6.18,16941.97
2023-11-03,Store_01,191958,Home_Garden,0,None,0.0,55.6,3.51,244.04,6.12,17271.07
2023-11-10,Store_01,191958,Home_Garden,0,None,0.0,51.9,3.46,243.24,6.12,17021.38
2023-11-17,Store_01,191958,Home_Garden,0,None,0.0,43.4,3.57,244.33,6.16,17247.43
2023-11-24,Store_01,191958,Home_Garden,1,Thanksgiving_BlackFriday,0.0,43.5,3.43,244.24,6.0,20807.22
2023-12-01,Store_01,191958,Home_Garden,0,None,0.0,40.6,3.34,244.64,6.27,16613.06
2023-12-08,Store_01,191958,Home_Garden,0,None,0.0,46.4,3.26,245.37,5.95,16010.14
2023-12-15,Store_01,191958,Home_Garden,0,None,0.0,37.5,3.19,244.49,5.91,15859.59
2023-12-22,Store_01,191958,Home_Garden,1,Christmas_Holiday,0.0,37.5,3.25,244.43,6.13,21352.85
2023-12-29,Store_01,191958,Home_Garden,1,Christmas_Holiday,0.29,37.8,3.16,244.56,6.08,30179.67
2021-01-01,Store_01,191958,Pharmacy,0,None,0.0,34.9,3.23,214.14,8.42,13768.38
2021-01-08,Store_01,191958,Pharmacy,0,None,0.0,39.5,3.27,214.91,8.48,13411.33
2021-01-15,Store_01,191958,Pharmacy,0,None,0.0,31.7,3.27,214.88,8.5,12302.92
2021-01-22,Store_01,191958,Pharmacy,0,None,0.0,37.8,3.26,215.73,8.48,13838.73
2021-01-29,Store_01,191958,Pharmacy,0,None,0.0,36.0,3.35,215.32,8.52,13373.34
2021-02-05,Store_01,191958,Pharmacy,1,Super_Bowl,0.0,36.6,3.34,215.26,8.42,14919.39
2021-02-12,Store_01,191958,Pharmacy,1,Super_Bowl,0.05,40.1,3.46,216.89,8.55,14182.94
2021-02-19,Store_01,191958,Pharmacy,0,None,0.0,39.4,3.44,216.23,8.36,14120.23
2021-02-26,Store_01,191958,Pharmacy,0,None,0.0,40.9,3.44,216.57,8.64,14767.69
2021-03-05,Store_01,191958,Pharmacy,0,None,0.0,38.2,3.49,216.02,8.42,14199.87
2021-03-12,Store_01,191958,Pharmacy,0,None,0.0,43.0,3.56,216.65,8.25,14900.48
2021-03-19,Store_01,191958,Pharmacy,0,None,0.0,48.3,3.54,217.17,8.22,16273.35
2021-03-26,Store_01,191958,Pharmacy,1,Easter,0.2,46.9,3.56,216.73,8.36,19817.27
2021-04-02,Store_01,191958,Pharmacy,1,Easter,0.23,55.0,3.64,217.69,8.27,19607.48
2021-04-09,Store_01,191958,Pharmacy,1,Easter,0.11,55.7,3.66,217.39,8.35,17619.4
2021-04-16,Store_01,191958,Pharmacy,0,None,0.0,54.4,3.65,217.74,8.31,16211.96
2021-04-23,Store_01,191958,Pharmacy,0,None,0.0,57.9,3.67,217.78,8.24,17533.12
2021-04-30,Store_01,191958,Pharmacy,0,None,0.29,66.0,3.73,219.2,8.14,20615.81
2021-05-07,Store_01,191958,Pharmacy,0,None,0.0,67.3,3.66,218.45,8.06,16879.54
2021-05-14,Store_01,191958,Pharmacy,0,None,0.0,71.1,3.68,218.12,8.15,17930.58
2021-05-21,Store_01,191958,Pharmacy,0,None,0.0,73.7,3.73,219.26,8.27,16558.65
2021-05-28,Store_01,191958,Pharmacy,0,None,0.0,74.3,3.76,218.43,8.18,17266.45
2021-06-04,Store_01,191958,Pharmacy,0,None,0.0,78.9,3.8,219.34,8.02,16668.7
2021-06-11,Store_01,191958,Pharmacy,0,None,0.0,74.6,3.86,218.44,8.15,17988.9
2021-06-18,Store_01,191958,Pharmacy,0,None,0.0,82.5,3.84,218.95,8.15,16288.28
2021-06-25,Store_01,191958,Pharmacy,0,None,0.0,84.2,3.79,219.91,8.01,16052.01
2021-07-02,Store_01,191958,Pharmacy,0,None,0.0,77.3,3.8,220.37,8.1,16704.67
2021-07-09,Store_01,191958,Pharmacy,0,None,0.0,86.9,3.75,220.28,8.07,16500.18
2021-07-16,Store_01,191958,Pharmacy,0,None,0.0,84.8,3.79,220.33,7.94,16496.47
2021-07-23,Store_01,191958,Pharmacy,0,None,0.0,89.3,3.78,220.43,8.07,16195.08
2021-07-30,Store_01,191958,Pharmacy,0,None,0.07,83.3,3.8,220.03,8.08,17710.14
2021-08-06,Store_01,191958,Pharmacy,0,None,0.0,81.2,3.73,220.6,8.11,16626.66
2021-08-13,Store_01,191958,Pharmacy,0,None,0.12,86.3,3.79,220.92,8.09,16707.44
2021-08-20,Store_01,191958,Pharmacy,0,None,0.0,79.7,3.82,221.87,7.83,14422.56
2021-08-27,Store_01,191958,Pharmacy,0,None,0.0,82.2,3.73,221.71,7.86,15816.06
2021-09-03,Store_01,191958,Pharmacy,1,Labor_Day,0.28,80.4,3.73,220.85,7.99,19186.21
2021-09-10,Store_01,191958,Pharmacy,1,Labor_Day,0.18,77.6,3.73,222.09,7.97,17603.21
2021-09-17,Store_01,191958,Pharmacy,0,None,0.0,71.6,3.65,221.92,7.96,13884.36
2021-09-24,Store_01,191958,Pharmacy,0,None,0.0,71.7,3.66,221.97,8.28,14974.03
2021-10-01,Store_01,191958,Pharmacy,0,None,0.0,70.3,3.62,222.81,7.93,13961.59
2021-10-08,Store_01,191958,Pharmacy,0,None,0.0,70.8,3.6,223.21,7.97,14199.08
2021-10-15,Store_01,191958,Pharmacy,0,None,0.22,60.2,3.53,223.35,7.94,15697.34
2021-10-22,Store_01,191958,Pharmacy,0,None,0.05,59.1,3.54,222.66,7.89,14541.41
2021-10-29,Store_01,191958,Pharmacy,0,None,0.0,59.7,3.54,223.11,7.78,13147.96
2021-11-05,Store_01,191958,Pharmacy,0,None,0.0,55.3,3.55,223.63,7.87,13016.13
2021-11-12,Store_01,191958,Pharmacy,0,None,0.0,50.2,3.49,224.14,7.7,12253.15
2021-11-19,Store_01,191958,Pharmacy,0,None,0.15,50.2,3.52,223.61,7.74,13904.84
2021-11-26,Store_01,191958,Pharmacy,1,Thanksgiving_BlackFriday,0.0,43.7,3.34,223.95,7.7,14001.43
2021-12-03,Store_01,191958,Pharmacy,0,None,0.0,47.7,3.39,223.68,7.74,13702.85
2021-12-10,Store_01,191958,Pharmacy,0,None,0.0,42.5,3.32,223.82,7.95,12732.6
2021-12-17,Store_01,191958,Pharmacy,0,None,0.0,35.5,3.38,225.02,7.51,12915.92
2021-12-24,Store_01,191958,Pharmacy,1,Christmas_Holiday,0.2,40.6,3.2,225.49,7.75,16405.42
2021-12-31,Store_01,191958,Pharmacy,1,Christmas_Holiday,0.0,34.3,3.16,224.96,7.51,13537.25
2022-01-07,Store_01,191958,Pharmacy,0,None,0.0,31.9,3.13,225.69,7.6,13464.94
2022-01-14,Store_01,191958,Pharmacy,0,None,0.0,30.8,3.02,225.57,7.74,13564.82
2022-01-21,Store_01,191958,Pharmacy,0,None,0.0,32.7,3.07,225.25,7.63,14568.9
2022-01-28,Store_01,191958,Pharmacy,0,None,0.0,38.2,3.02,225.95,7.49,14656.42
2022-02-04,Store_01,191958,Pharmacy,0,None,0.0,36.1,3.03,226.73,7.52,14152.35
2022-02-11,Store_01,191958,Pharmacy,1,Super_Bowl,0.25,40.3,3.0,226.14,7.64,16953.33
2022-02-18,Store_01,191958,Pharmacy,0,None,0.0,37.3,3.05,227.13,7.48,14625.97
2022-02-25,Store_01,191958,Pharmacy,0,None,0.15,42.5,2.97,225.23,7.56,16445.15
2022-03-04,Store_01,191958,Pharmacy,0,None,0.0,44.1,2.86,227.14,7.53,14853.78
2022-03-11,Store_01,191958,Pharmacy,0,None,0.0,44.1,2.81,226.97,7.44,15320.73
2022-03-18,Store_01,191958,Pharmacy,0,None,0.0,49.8,2.85,226.97,7.7,14599.08
2022-03-25,Store_01,191958,Pharmacy,1,Easter,0.14,50.2,2.74,227.35,7.54,18081.82
2022-04-01,Store_01,191958,Pharmacy,1,Easter,0.17,50.6,2.87,226.51,7.26,19928.8
2022-04-08,Store_01,191958,Pharmacy,1,Easter,0.0,57.8,2.81,227.58,7.46,17185.7
2022-04-15,Store_01,191958,Pharmacy,1,Easter,0.25,63.3,2.7,228.06,7.36,21102.52
2022-04-22,Store_01,191958,Pharmacy,0,None,0.24,64.5,2.62,228.82,7.5,21237.5
2022-04-29,Store_01,191958,Pharmacy,0,None,0.0,64.3,2.75,228.01,7.31,17302.04
2022-05-06,Store_01,191958,Pharmacy,0,None,0.22,70.2,2.66,228.06,7.37,21430.32
2022-05-13,Store_01,191958,Pharmacy,0,None,0.1,71.0,2.71,228.4,7.41,19103.86
2022-05-20,Store_01,191958,Pharmacy,0,None,0.0,73.0,2.56,229.3,7.43,18060.78
2022-05-27,Store_01,191958,Pharmacy,0,None,0.0,78.5,2.6,229.2,7.21,17896.92
2022-06-03,Store_01,191958,Pharmacy,0,None,0.0,79.4,2.62,228.97,7.28,17746.27
2022-06-10,Store_01,191958,Pharmacy,0,None,0.0,75.1,2.61,229.68,7.25,17224.56
2022-06-17,Store_01,191958,Pharmacy,0,None,0.0,78.6,2.58,229.66,7.22,17271.98
2022-06-24,Store_01,191958,Pharmacy,0,None,0.0,80.1,2.63,230.29,7.44,17772.58
2022-07-01,Store_01,191958,Pharmacy,0,None,0.07,86.1,2.55,229.65,7.29,17930.44
2022-07-08,Store_01,191958,Pharmacy,0,None,0.0,88.8,2.59,230.03,7.11,18341.3
2022-07-15,Store_01,191958,Pharmacy,0,None,0.0,86.6,2.61,230.19,7.31,16656.66
2022-07-22,Store_01,191958,Pharmacy,0,None,0.0,87.7,2.64,229.85,7.41,16263.36
2022-07-29,Store_01,191958,Pharmacy,0,None,0.0,88.1,2.65,230.92,7.29,17452.85
2022-08-05,Store_01,191958,Pharmacy,0,None,0.0,81.4,2.57,231.09,7.02,15797.66
2022-08-12,Store_01,191958,Pharmacy,0,None,0.0,85.2,2.56,231.16,7.11,16950.64
2022-08-19,Store_01,191958,Pharmacy,0,None,0.0,84.0,2.72,231.23,7.26,15708.08
2022-08-26,Store_01,191958,Pharmacy,0,None,0.0,84.9,2.69,230.83,7.05,16284.68
2022-09-02,Store_01,191958,Pharmacy,1,Labor_Day,0.22,74.0,2.65,231.52,7.15,19737.65
2022-09-09,Store_01,191958,Pharmacy,1,Labor_Day,0.0,75.7,2.78,231.75,7.17,16635.86
2022-09-16,Store_01,191958,Pharmacy,0,None,0.0,73.3,2.73,231.71,6.98,15427.25
2022-09-23,Store_01,191958,Pharmacy,0,None,0.0,72.6,2.81,232.23,7.05,14524.12
2022-09-30,Store_01,191958,Pharmacy,0,None,0.3,69.2,2.78,232.7,6.72,18816.99
2022-10-07,Store_01,191958,Pharmacy,0,None,0.0,63.5,2.91,233.64,6.92,13836.27
2022-10-14,Store_01,191958,Pharmacy,0,None,0.14,62.3,2.92,232.97,6.98,15880.93
2022-10-21,Store_01,191958,Pharmacy,0,None,0.0,64.3,2.85,233.21,6.87,13290.54
2022-10-28,Store_01,191958,Pharmacy,0,None,0.24,59.1,2.94,233.23,7.14,17107.32
2022-11-04,Store_01,191958,Pharmacy,0,None,0.26,55.9,2.95,232.5,6.82,16935.62
2022-11-11,Store_01,191958,Pharmacy,0,None,0.0,57.2,3.02,233.64,6.9,13578.45
2022-11-18,Store_01,191958,Pharmacy,0,None,0.0,51.5,2.94,233.88,6.94,14272.17
2022-11-25,Store_01,191958,Pharmacy,1,Thanksgiving_BlackFriday,0.2,44.3,3.06,235.27,7.06,17131.66
2022-12-02,Store_01,191958,Pharmacy,0,None,0.0,37.1,3.11,234.13,6.75,13785.28
2022-12-09,Store_01,191958,Pharmacy,0,None,0.0,42.9,3.0,234.57,7.0,12865.76
2022-12-16,Store_01,191958,Pharmacy,0,None,0.0,39.8,3.07,234.6,6.87,13822.78
2022-12-23,Store_01,191958,Pharmacy,1,Christmas_Holiday,0.0,41.4,3.06,234.22,6.75,14650.0
2022-12-30,Store_01,191958,Pharmacy,1,Christmas_Holiday,0.0,32.8,3.19,235.57,6.88,14570.13
2023-01-06,Store_01,191958,Pharmacy,0,None,0.21,38.3,3.27,235.57,6.84,15312.02
2023-01-13,Store_01,191958,Pharmacy,0,None,0.0,36.3,3.35,235.78,6.74,15165.88
2023-01-20,Store_01,191958,Pharmacy,0,None,0.0,33.4,3.31,235.12,6.79,14525.96
2023-01-27,Store_01,191958,Pharmacy,0,None,0.0,39.2,3.43,236.47,6.73,14673.06
2023-02-03,Store_01,191958,Pharmacy,0,None,0.0,37.1,3.31,235.26,6.76,14087.17
2023-02-10,Store_01,191958,Pharmacy,1,Super_Bowl,0.09,45.8,3.33,236.45,6.8,15532.32
2023-02-17,Store_01,191958,Pharmacy,0,None,0.0,39.5,3.44,237.44,6.88,16240.87
2023-02-24,Store_01,191958,Pharmacy,0,None,0.0,44.1,3.5,236.04,6.58,14953.38
2023-03-03,Store_01,191958,Pharmacy,0,None,0.0,40.8,3.51,236.45,6.9,15026.27
2023-03-10,Store_01,191958,Pharmacy,0,None,0.0,45.3,3.44,236.97,6.48,15921.08
2023-03-17,Store_01,191958,Pharmacy,0,None,0.0,46.4,3.57,236.86,6.64,16902.0
2023-03-24,Store_01,191958,Pharmacy,0,None,0.0,46.5,3.53,236.53,6.7,16794.86
2023-03-31,Store_01,191958,Pharmacy,1,Easter,0.0,51.4,3.66,237.53,6.65,17275.56
2023-04-07,Store_01,191958,Pharmacy,1,Easter,0.0,53.4,3.67,237.16,6.55,18162.47
2023-04-14,Store_01,191958,Pharmacy,1,Easter,0.0,57.9,3.63,238.12,6.57,18026.57
2023-04-21,Store_01,191958,Pharmacy,0,None,0.1,57.8,3.67,237.62,6.53,18809.77
2023-04-28,Store_01,191958,Pharmacy,0,None,0.0,58.4,3.66,239.04,6.5,16613.52
2023-05-05,Store_01,191958,Pharmacy,0,None,0.0,64.6,3.73,238.07,6.63,17139.79
2023-05-12,Store_01,191958,Pharmacy,0,None,0.0,65.7,3.79,238.49,6.56,17879.51
2023-05-19,Store_01,191958,Pharmacy,0,None,0.0,69.9,3.71,239.25,6.44,17942.31
2023-05-26,Store_01,191958,Pharmacy,0,None,0.0,74.7,3.8,238.42,6.59,18083.45
2023-06-02,Store_01,191958,Pharmacy,0,None,0.0,77.6,3.76,239.34,6.51,18391.29
2023-06-09,Store_01,191958,Pharmacy,0,None,0.0,76.2,3.75,240.08,6.55,19428.8
2023-06-16,Store_01,191958,Pharmacy,0,None,0.2,81.4,3.79,238.81,6.51,20189.22
2023-06-23,Store_01,191958,Pharmacy,0,None,0.0,82.2,3.75,239.9,6.35,18292.0
2023-06-30,Store_01,191958,Pharmacy,0,None,0.16,78.0,3.77,240.13,6.36,21218.31
2023-07-07,Store_01,191958,Pharmacy,0,None,0.15,82.6,3.74,240.58,6.48,21604.15
2023-07-14,Store_01,191958,Pharmacy,0,None,0.0,83.9,3.89,239.77,6.45,18819.91
2023-07-21,Store_01,191958,Pharmacy,0,None,0.0,87.0,3.79,239.92,6.37,18108.17
2023-07-28,Store_01,191958,Pharmacy,0,None,0.0,79.0,3.75,241.03,6.36,16787.23
2023-08-04,Store_01,191958,Pharmacy,0,None,0.0,82.8,3.78,241.11,6.46,17357.07
2023-08-11,Store_01,191958,Pharmacy,0,None,0.0,88.5,3.76,241.28,6.26,16853.99
2023-08-18,Store_01,191958,Pharmacy,0,None,0.0,85.2,3.74,241.52,6.36,15729.86
2023-08-25,Store_01,191958,Pharmacy,0,None,0.0,77.8,3.76,241.2,6.27,16276.7
2023-09-01,Store_01,191958,Pharmacy,1,Labor_Day,0.29,79.7,3.75,241.85,6.25,20978.21
2023-09-08,Store_01,191958,Pharmacy,1,Labor_Day,0.0,72.8,3.67,242.07,6.37,18235.56
2023-09-15,Store_01,191958,Pharmacy,0,None,0.0,73.7,3.64,241.76,6.32,14418.11
2023-09-22,Store_01,191958,Pharmacy,0,None,0.0,74.2,3.64,243.24,6.31,15586.44
2023-09-29,Store_01,191958,Pharmacy,0,None,0.12,65.6,3.51,242.74,6.34,16138.85
2023-10-06,Store_01,191958,Pharmacy,0,None,0.0,64.4,3.52,242.1,6.19,15137.4
2023-10-13,Store_01,191958,Pharmacy,0,None,0.0,62.4,3.64,243.21,6.24,14014.1
2023-10-20,Store_01,191958,Pharmacy,0,None,0.0,60.7,3.62,242.59,6.13,14126.22
2023-10-27,Store_01,191958,Pharmacy,0,None,0.19,60.6,3.5,243.66,6.18,16516.89
2023-11-03,Store_01,191958,Pharmacy,0,None,0.22,55.4,3.51,244.04,6.12,15920.58
2023-11-10,Store_01,191958,Pharmacy,0,None,0.0,49.1,3.46,243.24,6.12,13432.8
2023-11-17,Store_01,191958,Pharmacy,0,None,0.27,45.7,3.57,244.33,6.16,16924.77
2023-11-24,Store_01,191958,Pharmacy,1,Thanksgiving_BlackFriday,0.16,49.5,3.43,244.24,6.0,17319.94
2023-12-01,Store_01,191958,Pharmacy,0,None,0.0,42.6,3.34,244.64,6.27,13130.16
2023-12-08,Store_01,191958,Pharmacy,0,None,0.0,39.3,3.26,245.37,5.95,13585.72
2023-12-15,Store_01,191958,Pharmacy,0,None,0.0,42.1,3.19,244.49,5.91,13310.03
2023-12-22,Store_01,191958,Pharmacy,1,Christmas_Holiday,0.2,39.2,3.25,244.43,6.13,18514.75
2023-12-29,Store_01,191958,Pharmacy,1,Christmas_Holiday,0.1,35.5,3.16,244.56,6.08,16023.37
2021-01-01,Store_02,173694,Apparel,0,None,0.0,31.6,3.23,214.14,8.42,18232.83
2021-01-08,Store_02,173694,Apparel,0,None,0.0,39.9,3.27,214.91,8.48,18866.98
2021-01-15,Store_02,173694,Apparel,0,None,0.0,30.9,3.27,214.88,8.5,18934.26
2021-01-22,Store_02,173694,Apparel,0,None,0.0,37.4,3.26,215.73,8.48,19146.36
2021-01-29,Store_02,173694,Apparel,0,None,0.0,34.7,3.35,215.32,8.52,19234.44
2021-02-05,Store_02,173694,Apparel,1,Super_Bowl,0.09,31.6,3.34,215.26,8.42,31683.39
2021-02-12,Store_02,173694,Apparel,1,Super_Bowl,0.0,35.8,3.46,216.89,8.55,27684.75
2021-02-19,Store_02,173694,Apparel,0,None,0.13,37.2,3.44,216.23,8.36,26718.46
2021-02-26,Store_02,173694,Apparel,0,None,0.0,44.4,3.44,216.57,8.64,22406.56
2021-03-05,Store_02,173694,Apparel,0,None,0.09,48.5,3.49,216.02,8.42,25302.53
2021-03-12,Store_02,173694,Apparel,0,None,0.0,45.2,3.56,216.65,8.25,21240.61
2021-03-19,Store_02,173694,Apparel,0,None,0.0,49.4,3.54,217.17,8.22,22834.64
2021-03-26,Store_02,173694,Apparel,1,Easter,0.0,52.9,3.56,216.73,8.36,28945.68
2021-04-02,Store_02,173694,Apparel,1,Easter,0.0,50.5,3.64,217.69,8.27,31171.49
2021-04-09,Store_02,173694,Apparel,1,Easter,0.29,56.4,3.66,217.39,8.35,50054.63
2021-04-16,Store_02,173694,Apparel,0,None,0.0,48.3,3.65,217.74,8.31,23888.92
2021-04-23,Store_02,173694,Apparel,0,None,0.0,62.5,3.67,217.78,8.24,23544.21
2021-04-30,Store_02,173694,Apparel,0,None,0.0,66.2,3.73,219.2,8.14,23962.69
2021-05-07,Store_02,173694,Apparel,0,None,0.0,69.0,3.66,218.45,8.06,24746.99
2021-05-14,Store_02,173694,Apparel,0,None,0.0,70.6,3.68,218.12,8.15,25220.89
2021-05-21,Store_02,173694,Apparel,0,None,0.0,72.8,3.73,219.26,8.27,24833.57
2021-05-28,Store_02,173694,Apparel,0,None,0.0,72.5,3.76,218.43,8.18,26695.4
2021-06-04,Store_02,173694,Apparel,0,None,0.0,75.6,3.8,219.34,8.02,24005.05
2021-06-11,Store_02,173694,Apparel,0,None,0.0,80.2,3.86,218.44,8.15,23746.18
2021-06-18,Store_02,173694,Apparel,0,None,0.0,81.2,3.84,218.95,8.15,25030.0
2021-06-25,Store_02,173694,Apparel,0,None,0.0,87.1,3.79,219.91,8.01,24988.03
2021-07-02,Store_02,173694,Apparel,0,None,0.0,85.0,3.8,220.37,8.1,25017.45
2021-07-09,Store_02,173694,Apparel,0,None,0.0,87.1,3.75,220.28,8.07,24451.48
2021-07-16,Store_02,173694,Apparel,0,None,0.1,80.0,3.79,220.33,7.94,30896.76
2021-07-23,Store_02,173694,Apparel,0,None,0.0,86.4,3.78,220.43,8.07,24806.98
2021-07-30,Store_02,173694,Apparel,0,None,0.0,82.7,3.8,220.03,8.08,24919.42
2021-08-06,Store_02,173694,Apparel,0,None,0.0,86.6,3.73,220.6,8.11,21985.36
2021-08-13,Store_02,173694,Apparel,0,None,0.0,86.0,3.79,220.92,8.09,28481.96
2021-08-20,Store_02,173694,Apparel,0,None,0.0,79.8,3.82,221.87,7.83,26646.6
2021-08-27,Store_02,173694,Apparel,0,None,0.0,85.1,3.73,221.71,7.86,27681.56
2021-09-03,Store_02,173694,Apparel,1,Labor_Day,0.0,81.5,3.73,220.85,7.99,37894.14
2021-09-10,Store_02,173694,Apparel,1,Labor_Day,0.0,76.1,3.73,222.09,7.97,36792.77
2021-09-17,Store_02,173694,Apparel,0,None,0.23,70.4,3.65,221.92,7.96,34657.48
2021-09-24,Store_02,173694,Apparel,0,None,0.1,73.3,3.66,221.97,8.28,25438.77
2021-10-01,Store_02,173694,Apparel,0,None,0.0,68.1,3.62,222.81,7.93,21064.02
2021-10-08,Store_02,173694,Apparel,0,None,0.0,68.6,3.6,223.21,7.97,20402.33
2021-10-15,Store_02,173694,Apparel,0,None,0.0,65.3,3.53,223.35,7.94,19728.89
2021-10-22,Store_02,173694,Apparel,0,None,0.0,57.9,3.54,222.66,7.89,21299.69
2021-10-29,Store_02,173694,Apparel,0,None,0.14,60.9,3.54,223.11,7.78,25492.54
2021-11-05,Store_02,173694,Apparel,0,None,0.0,54.3,3.55,223.63,7.87,19245.01
2021-11-12,Store_02,173694,Apparel,0,None,0.0,51.5,3.49,224.14,7.7,19412.15
2021-11-19,Store_02,173694,Apparel,0,None,0.0,45.2,3.52,223.61,7.74,18630.41
2021-11-26,Store_02,173694,Apparel,1,Thanksgiving_BlackFriday,0.18,53.3,3.34,223.95,7.7,48181.85
2021-12-03,Store_02,173694,Apparel,0,None,0.07,41.8,3.39,223.68,7.74,23011.05
2021-12-10,Store_02,173694,Apparel,0,None,0.0,39.0,3.32,223.82,7.95,18934.82
2021-12-17,Store_02,173694,Apparel,0,None,0.0,34.3,3.38,225.02,7.51,17089.9
2021-12-24,Store_02,173694,Apparel,1,Christmas_Holiday,0.17,37.9,3.2,225.49,7.75,48341.24
2021-12-31,Store_02,173694,Apparel,1,Christmas_Holiday,0.0,35.9,3.16,224.96,7.51,32825.64
2022-01-07,Store_02,173694,Apparel,0,None,0.29,40.8,3.13,225.69,7.6,34631.84
2022-01-14,Store_02,173694,Apparel,0,None,0.0,36.3,3.02,225.57,7.74,17709.35
2022-01-21,Store_02,173694,Apparel,0,None,0.08,33.1,3.07,225.25,7.63,23030.31
2022-01-28,Store_02,173694,Apparel,0,None,0.18,37.1,3.02,225.95,7.49,27004.51
2022-02-04,Store_02,173694,Apparel,0,None,0.06,36.3,3.03,226.73,7.52,23261.06
2022-02-11,Store_02,173694,Apparel,1,Super_Bowl,0.0,34.9,3.0,226.14,7.64,28064.64
2022-02-18,Store_02,173694,Apparel,0,None,0.16,33.1,3.05,227.13,7.48,30586.84
2022-02-25,Store_02,173694,Apparel,0,None,0.0,45.0,2.97,225.23,7.56,21247.92
2022-03-04,Store_02,173694,Apparel,0,None,0.0,40.3,2.86,227.14,7.53,22437.88
2022-03-11,Store_02,173694,Apparel,0,None,0.0,42.4,2.81,226.97,7.44,24102.56
2022-03-18,Store_02,173694,Apparel,0,None,0.0,48.2,2.85,226.97,7.7,22391.41
2022-03-25,Store_02,173694,Apparel,1,Easter,0.0,54.8,2.74,227.35,7.54,30882.18
2022-04-01,Store_02,173694,Apparel,1,Easter,0.28,54.0,2.87,226.51,7.26,51481.86
2022-04-08,Store_02,173694,Apparel,1,Easter,0.0,52.0,2.81,227.58,7.46,34179.03
2022-04-15,Store_02,173694,Apparel,1,Easter,0.14,63.6,2.7,228.06,7.36,43597.79
2022-04-22,Store_02,173694,Apparel,0,None,0.0,63.4,2.62,228.82,7.5,24803.43
2022-04-29,Store_02,173694,Apparel,0,None,0.0,64.2,2.75,228.01,7.31,25434.72
2022-05-06,Store_02,173694,Apparel,0,None,0.0,64.4,2.66,228.06,7.37,24412.53
2022-05-13,Store_02,173694,Apparel,0,None,0.0,69.5,2.71,228.4,7.41,25148.36
2022-05-20,Store_02,173694,Apparel,0,None,0.0,75.9,2.56,229.3,7.43,26606.14
2022-05-27,Store_02,173694,Apparel,0,None,0.0,75.0,2.6,229.2,7.21,25542.13
2022-06-03,Store_02,173694,Apparel,0,None,0.0,74.3,2.62,228.97,7.28,26224.46
2022-06-10,Store_02,173694,Apparel,0,None,0.0,79.6,2.61,229.68,7.25,25099.37
2022-06-17,Store_02,173694,Apparel,0,None,0.0,78.8,2.58,229.66,7.22,24426.58
2022-06-24,Store_02,173694,Apparel,0,None,0.0,81.7,2.63,230.29,7.44,25856.86
2022-07-01,Store_02,173694,Apparel,0,None,0.0,82.6,2.55,229.65,7.29,25430.05
2022-07-08,Store_02,173694,Apparel,0,None,0.0,83.4,2.59,230.03,7.11,25244.71
2022-07-15,Store_02,173694,Apparel,0,None,0.0,89.2,2.61,230.19,7.31,26785.41
2022-07-22,Store_02,173694,Apparel,0,None,0.0,84.3,2.64,229.85,7.41,25277.93
2022-07-29,Store_02,173694,Apparel,0,None,0.0,82.2,2.65,230.92,7.29,26042.72
2022-08-05,Store_02,173694,Apparel,0,None,0.28,83.1,2.57,231.09,7.02,37324.37
2022-08-12,Store_02,173694,Apparel,0,None,0.0,87.6,2.56,231.16,7.11,28806.87
2022-08-19,Store_02,173694,Apparel,0,None,0.0,78.5,2.72,231.23,7.26,30225.73
2022-08-26,Store_02,173694,Apparel,0,None,0.0,78.8,2.69,230.83,7.05,28942.5
2022-09-02,Store_02,173694,Apparel,1,Labor_Day,0.13,76.8,2.65,231.52,7.15,52146.15
2022-09-09,Store_02,173694,Apparel,1,Labor_Day,0.27,75.1,2.78,231.75,7.17,58715.66
2022-09-16,Store_02,173694,Apparel,0,None,0.0,70.9,2.73,231.71,6.98,23631.4
2022-09-23,Store_02,173694,Apparel,0,None,0.0,67.0,2.81,232.23,7.05,21106.42
2022-09-30,Store_02,173694,Apparel,0,None,0.12,71.1,2.78,232.7,6.72,25488.48
2022-10-07,Store_02,173694,Apparel,0,None,0.0,65.7,2.91,233.64,6.92,20562.6
2022-10-14,Store_02,173694,Apparel,0,None,0.0,62.6,2.92,232.97,6.98,22119.92
2022-10-21,Store_02,173694,Apparel,0,None,0.0,63.0,2.85,233.21,6.87,19800.72
2022-10-28,Store_02,173694,Apparel,0,None,0.0,62.0,2.94,233.23,7.14,19883.82
2022-11-04,Store_02,173694,Apparel,0,None,0.0,54.3,2.95,232.5,6.82,19813.02
2022-11-11,Store_02,173694,Apparel,0,None,0.0,52.1,3.02,233.64,6.9,19846.49
2022-11-18,Store_02,173694,Apparel,0,None,0.0,49.8,2.94,233.88,6.94,19773.81
2022-11-25,Store_02,173694,Apparel,1,Thanksgiving_BlackFriday,0.0,46.7,3.06,235.27,7.06,35743.88
2022-12-02,Store_02,173694,Apparel,0,None,0.0,43.1,3.11,234.13,6.75,18690.08
2022-12-09,Store_02,173694,Apparel,0,None,0.0,41.2,3.0,234.57,7.0,20018.58
2022-12-16,Store_02,173694,Apparel,0,None,0.0,38.8,3.07,234.6,6.87,19452.75
2022-12-23,Store_02,173694,Apparel,1,Christmas_Holiday,0.0,41.7,3.06,234.22,6.75,31494.78
2022-12-30,Store_02,173694,Apparel,1,Christmas_Holiday,0.0,37.0,3.19,235.57,6.88,34106.56
2023-01-06,Store_02,173694,Apparel,0,None,0.12,33.9,3.27,235.57,6.84,25272.05
2023-01-13,Store_02,173694,Apparel,0,None,0.0,39.7,3.35,235.78,6.74,20131.36
2023-01-20,Store_02,173694,Apparel,0,None,0.0,32.1,3.31,235.12,6.79,19685.19
2023-01-27,Store_02,173694,Apparel,0,None,0.0,35.0,3.43,236.47,6.73,22620.37
2023-02-03,Store_02,173694,Apparel,0,None,0.0,34.7,3.31,235.26,6.76,20591.37
2023-02-10,Store_02,173694,Apparel,1,Super_Bowl,0.06,39.6,3.33,236.45,6.8,33233.98
2023-02-17,Store_02,173694,Apparel,0,None,0.0,34.5,3.44,237.44,6.88,21804.83
2023-02-24,Store_02,173694,Apparel,0,None,0.0,39.2,3.5,236.04,6.58,22434.95
2023-03-03,Store_02,173694,Apparel,0,None,0.0,44.1,3.51,236.45,6.9,20801.0
2023-03-10,Store_02,173694,Apparel,0,None,0.0,41.9,3.44,236.97,6.48,23133.28
2023-03-17,Store_02,173694,Apparel,0,None,0.0,48.0,3.57,236.86,6.64,20975.04
2023-03-24,Store_02,173694,Apparel,0,None,0.0,50.1,3.53,236.53,6.7,22662.65
2023-03-31,Store_02,173694,Apparel,1,Easter,0.15,52.9,3.66,237.53,6.65,42711.75
2023-04-07,Store_02,173694,Apparel,1,Easter,0.16,54.5,3.67,237.16,6.55,42415.51
2023-04-14,Store_02,173694,Apparel,1,Easter,0.07,57.2,3.63,238.12,6.57,39393.25
2023-04-21,Store_02,173694,Apparel,0,None,0.0,61.3,3.67,237.62,6.53,25796.52
2023-04-28,Store_02,173694,Apparel,0,None,0.11,64.7,3.66,239.04,6.5,34448.59
2023-05-05,Store_02,173694,Apparel,0,None,0.0,64.5,3.73,238.07,6.63,28403.88
2023-05-12,Store_02,173694,Apparel,0,None,0.0,75.7,3.79,238.49,6.56,26524.82
2023-05-19,Store_02,173694,Apparel,0,None,0.0,75.2,3.71,239.25,6.44,26965.69
2023-05-26,Store_02,173694,Apparel,0,None,0.0,69.6,3.8,238.42,6.59,27127.87
2023-06-02,Store_02,173694,Apparel,0,None,0.0,76.6,3.76,239.34,6.51,28292.3
2023-06-09,Store_02,173694,Apparel,0,None,0.15,76.9,3.75,240.08,6.55,34211.22
2023-06-16,Store_02,173694,Apparel,0,None,0.0,74.8,3.79,238.81,6.51,28471.66
2023-06-23,Store_02,173694,Apparel,0,None,0.0,81.9,3.75,239.9,6.35,27982.89
2023-06-30,Store_02,173694,Apparel,0,None,0.0,81.7,3.77,240.13,6.36,26731.76
2023-07-07,Store_02,173694,Apparel,0,None,0.0,79.6,3.74,240.58,6.48,23448.42
2023-07-14,Store_02,173694,Apparel,0,None,0.0,86.6,3.89,239.77,6.45,27443.0
2023-07-21,Store_02,173694,Apparel,0,None,0.19,85.6,3.79,239.92,6.37,36784.32
2023-07-28,Store_02,173694,Apparel,0,None,0.0,87.9,3.75,241.03,6.36,24969.83
2023-08-04,Store_02,173694,Apparel,0,None,0.0,83.6,3.78,241.11,6.46,26429.94
2023-08-11,Store_02,173694,Apparel,0,None,0.0,82.5,3.76,241.28,6.26,29980.03
2023-08-18,Store_02,173694,Apparel,0,None,0.0,78.4,3.74,241.52,6.36,30447.82
2023-08-25,Store_02,173694,Apparel,0,None,0.0,82.1,3.76,241.2,6.27,32465.91
2023-09-01,Store_02,173694,Apparel,1,Labor_Day,0.23,79.5,3.75,241.85,6.25,56128.57
2023-09-08,Store_02,173694,Apparel,1,Labor_Day,0.17,72.9,3.67,242.07,6.37,51852.48
2023-09-15,Store_02,173694,Apparel,0,None,0.0,72.4,3.64,241.76,6.32,22933.99
2023-09-22,Store_02,173694,Apparel,0,None,0.0,72.7,3.64,243.24,6.31,22840.99
2023-09-29,Store_02,173694,Apparel,0,None,0.0,69.0,3.51,242.74,6.34,23202.71
2023-10-06,Store_02,173694,Apparel,0,None,0.0,68.9,3.52,242.1,6.19,22016.04
2023-10-13,Store_02,173694,Apparel,0,None,0.2,61.2,3.64,243.21,6.24,29419.68
2023-10-20,Store_02,173694,Apparel,0,None,0.0,62.0,3.62,242.59,6.13,19838.56
2023-10-27,Store_02,173694,Apparel,0,None,0.29,56.4,3.5,243.66,6.18,35066.57
2023-11-03,Store_02,173694,Apparel,0,None,0.0,49.4,3.51,244.04,6.12,20215.08
2023-11-10,Store_02,173694,Apparel,0,None,0.0,49.1,3.46,243.24,6.12,19965.36
2023-11-17,Store_02,173694,Apparel,0,None,0.0,44.3,3.57,244.33,6.16,19663.99
2023-11-24,Store_02,173694,Apparel,1,Thanksgiving_BlackFriday,0.0,42.1,3.43,244.24,6.0,34543.18
2023-12-01,Store_02,173694,Apparel,0,None,0.0,40.7,3.34,244.64,6.27,20327.13
2023-12-08,Store_02,173694,Apparel,0,None,0.0,42.4,3.26,245.37,5.95,21017.6
2023-12-15,Store_02,173694,Apparel,0,None,0.0,36.3,3.19,244.49,5.91,20055.88
2023-12-22,Store_02,173694,Apparel,1,Christmas_Holiday,0.13,36.9,3.25,244.43,6.13,46480.78
2023-12-29,Store_02,173694,Apparel,1,Christmas_Holiday,0.0,38.9,3.16,244.56,6.08,35481.87
2021-01-01,Store_02,173694,Electronics,0,None,0.0,32.8,3.23,214.14,8.42,21282.6
2021-01-08,Store_02,173694,Electronics,0,None,0.0,33.7,3.27,214.91,8.48,21534.14
2021-01-15,Store_02,173694,Electronics,0,None,0.0,31.1,3.27,214.88,8.5,25318.71
2021-01-22,Store_02,173694,Electronics,0,None,0.25,32.7,3.26,215.73,8.48,38259.53
2021-01-29,Store_02,173694,Electronics,0,None,0.0,36.7,3.35,215.32,8.52,24016.33
2021-02-05,Store_02,173694,Electronics,1,Super_Bowl,0.0,32.1,3.34,215.26,8.42,34978.93
2021-02-12,Store_02,173694,Electronics,1,Super_Bowl,0.08,41.1,3.46,216.89,8.55,43642.18
2021-02-19,Store_02,173694,Electronics,0,None,0.0,36.8,3.44,216.23,8.36,27522.52
2021-02-26,Store_02,173694,Electronics,0,None,0.0,43.0,3.44,216.57,8.64,23887.11
2021-03-05,Store_02,173694,Electronics,0,None,0.0,44.0,3.49,216.02,8.42,25410.62
2021-03-12,Store_02,173694,Electronics,0,None,0.0,43.7,3.56,216.65,8.25,26533.32
2021-03-19,Store_02,173694,Electronics,0,None,0.0,48.2,3.54,217.17,8.22,27155.03
2021-03-26,Store_02,173694,Electronics,1,Easter,0.2,48.2,3.56,216.73,8.36,64439.13
2021-04-02,Store_02,173694,Electronics,1,Easter,0.0,55.6,3.64,217.69,8.27,43309.73
2021-04-09,Store_02,173694,Electronics,1,Easter,0.0,51.5,3.66,217.39,8.35,44936.11
2021-04-16,Store_02,173694,Electronics,0,None,0.0,58.7,3.65,217.74,8.31,29681.27
2021-04-23,Store_02,173694,Electronics,0,None,0.15,57.6,3.67,217.78,8.24,44215.38
2021-04-30,Store_02,173694,Electronics,0,None,0.0,64.6,3.73,219.2,8.14,29490.76
2021-05-07,Store_02,173694,Electronics,0,None,0.0,72.1,3.66,218.45,8.06,29345.22
2021-05-14,Store_02,173694,Electronics,0,None,0.16,71.4,3.68,218.12,8.15,39820.48
2021-05-21,Store_02,173694,Electronics,0,None,0.2,76.2,3.73,219.26,8.27,44722.69
2021-05-28,Store_02,173694,Electronics,0,None,0.0,76.6,3.76,218.43,8.18,29903.55
2021-06-04,Store_02,173694,Electronics,0,None,0.0,76.3,3.8,219.34,8.02,31136.06
2021-06-11,Store_02,173694,Electronics,0,None,0.0,82.3,3.86,218.44,8.15,31075.53
2021-06-18,Store_02,173694,Electronics,0,None,0.0,84.7,3.84,218.95,8.15,32261.36
2021-06-25,Store_02,173694,Electronics,0,None,0.0,83.9,3.79,219.91,8.01,31288.36
2021-07-02,Store_02,173694,Electronics,0,None,0.0,83.1,3.8,220.37,8.1,28864.01
2021-07-09,Store_02,173694,Electronics,0,None,0.0,85.8,3.75,220.28,8.07,28743.39
2021-07-16,Store_02,173694,Electronics,0,None,0.2,85.7,3.79,220.33,7.94,44731.34
2021-07-23,Store_02,173694,Electronics,0,None,0.0,89.8,3.78,220.43,8.07,29050.33
2021-07-30,Store_02,173694,Electronics,0,None,0.0,85.5,3.8,220.03,8.08,28956.77
2021-08-06,Store_02,173694,Electronics,0,None,0.0,83.0,3.73,220.6,8.11,28406.43
2021-08-13,Store_02,173694,Electronics,0,None,0.0,83.0,3.79,220.92,8.09,25263.52
2021-08-20,Store_02,173694,Electronics,0,None,0.0,88.3,3.82,221.87,7.83,27952.0
2021-08-27,Store_02,173694,Electronics,0,None,0.0,81.1,3.73,221.71,7.86,29591.95
2021-09-03,Store_02,173694,Electronics,1,Labor_Day,0.0,84.4,3.73,220.85,7.99,42860.5
2021-09-10,Store_02,173694,Electronics,1,Labor_Day,0.07,76.8,3.73,222.09,7.97,52168.32
2021-09-17,Store_02,173694,Electronics,0,None,0.29,76.0,3.65,221.92,7.96,43681.32
2021-09-24,Store_02,173694,Electronics,0,None,0.09,74.1,3.66,221.97,8.28,29308.22
2021-10-01,Store_02,173694,Electronics,0,None,0.0,69.2,3.62,222.81,7.93,26319.66
2021-10-08,Store_02,173694,Electronics,0,None,0.05,59.7,3.6,223.21,7.97,29159.73
2021-10-15,Store_02,173694,Electronics,0,None,0.0,67.2,3.53,223.35,7.94,21887.24
2021-10-22,Store_02,173694,Electronics,0,None,0.13,59.0,3.54,222.66,7.89,31746.91
2021-10-29,Store_02,173694,Electronics,0,None,0.0,58.5,3.54,223.11,7.78,22870.04
2021-11-05,Store_02,173694,Electronics,0,None,0.0,49.2,3.55,223.63,7.87,24031.72
2021-11-12,Store_02,173694,Electronics,0,None,0.0,54.3,3.49,224.14,7.7,23955.53
2021-11-19,Store_02,173694,Electronics,0,None,0.12,48.2,3.52,223.61,7.74,31022.89
2021-11-26,Store_02,173694,Electronics,1,Thanksgiving_BlackFriday,0.27,43.9,3.34,223.95,7.7,84872.0
2021-12-03,Store_02,173694,Electronics,0,None,0.0,45.2,3.39,223.68,7.74,23062.55
2021-12-10,Store_02,173694,Electronics,0,None,0.25,41.1,3.32,223.82,7.95,38159.3
2021-12-17,Store_02,173694,Electronics,0,None,0.0,36.8,3.38,225.02,7.51,23862.21
2021-12-24,Store_02,173694,Electronics,1,Christmas_Holiday,0.0,38.7,3.2,225.49,7.75,52228.38
2021-12-31,Store_02,173694,Electronics,1,Christmas_Holiday,0.19,35.5,3.16,224.96,7.51,74164.12
2022-01-07,Store_02,173694,Electronics,0,None,0.0,28.2,3.13,225.69,7.6,24393.42
2022-01-14,Store_02,173694,Electronics,0,None,0.0,32.7,3.02,225.57,7.74,23705.4
2022-01-21,Store_02,173694,Electronics,0,None,0.0,31.5,3.07,225.25,7.63,21996.63
2022-01-28,Store_02,173694,Electronics,0,None,0.0,33.6,3.02,225.95,7.49,26427.63
2022-02-04,Store_02,173694,Electronics,0,None,0.17,41.3,3.03,226.73,7.52,38652.93
2022-02-11,Store_02,173694,Electronics,1,Super_Bowl,0.24,41.4,3.0,226.14,7.64,62393.44
2022-02-18,Store_02,173694,Electronics,0,None,0.0,37.4,3.05,227.13,7.48,24515.27
2022-02-25,Store_02,173694,Electronics,0,None,0.0,40.7,2.97,225.23,7.56,28164.1
2022-03-04,Store_02,173694,Electronics,0,None,0.0,42.2,2.86,227.14,7.53,26902.55
2022-03-11,Store_02,173694,Electronics,0,None,0.12,50.7,2.81,226.97,7.44,38243.74
2022-03-18,Store_02,173694,Electronics,0,None,0.0,41.4,2.85,226.97,7.7,26114.08
2022-03-25,Store_02,173694,Electronics,1,Easter,0.0,48.3,2.74,227.35,7.54,44283.94
2022-04-01,Store_02,173694,Electronics,1,Easter,0.0,50.1,2.87,226.51,7.26,44704.74
2022-04-08,Store_02,173694,Electronics,1,Easter,0.21,50.1,2.81,227.58,7.46,62591.63
2022-04-15,Store_02,173694,Electronics,1,Easter,0.0,60.6,2.7,228.06,7.36,46202.65
2022-04-22,Store_02,173694,Electronics,0,None,0.27,60.1,2.62,228.82,7.5,52047.75
2022-04-29,Store_02,173694,Electronics,0,None,0.0,63.6,2.75,228.01,7.31,30430.53
2022-05-06,Store_02,173694,Electronics,0,None,0.0,69.9,2.66,228.06,7.37,31285.9
2022-05-13,Store_02,173694,Electronics,0,None,0.12,71.3,2.71,228.4,7.41,39382.09
2022-05-20,Store_02,173694,Electronics,0,None,0.0,69.4,2.56,229.3,7.43,34254.89
2022-05-27,Store_02,173694,Electronics,0,None,0.0,78.2,2.6,229.2,7.21,30800.78
2022-06-03,Store_02,173694,Electronics,0,None,0.09,77.2,2.62,228.97,7.28,36378.28
2022-06-10,Store_02,173694,Electronics,0,None,0.0,79.0,2.61,229.68,7.25,33420.3
2022-06-17,Store_02,173694,Electronics,0,None,0.21,79.4,2.58,229.66,7.22,49888.68
2022-06-24,Store_02,173694,Electronics,0,None,0.0,83.9,2.63,230.29,7.44,31584.59
2022-07-01,Store_02,173694,Electronics,0,None,0.0,86.4,2.55,229.65,7.29,33161.84
2022-07-08,Store_02,173694,Electronics,0,None,0.0,87.7,2.59,230.03,7.11,32180.64
2022-07-15,Store_02,173694,Electronics,0,None,0.11,83.7,2.61,230.19,7.31,38883.29
2022-07-22,Store_02,173694,Electronics,0,None,0.0,86.4,2.64,229.85,7.41,33322.12
2022-07-29,Store_02,173694,Electronics,0,None,0.0,84.8,2.65,230.92,7.29,31406.52
2022-08-05,Store_02,173694,Electronics,0,None,0.0,86.6,2.57,231.09,7.02,28425.5
2022-08-12,Store_02,173694,Electronics,0,None,0.0,82.1,2.56,231.16,7.11,30281.45
2022-08-19,Store_02,173694,Electronics,0,None,0.0,82.7,2.72,231.23,7.26,29969.18
2022-08-26,Store_02,173694,Electronics,0,None,0.0,82.8,2.69,230.83,7.05,28572.84
2022-09-02,Store_02,173694,Electronics,1,Labor_Day,0.22,80.0,2.65,231.52,7.15,67740.93
2022-09-09,Store_02,173694,Electronics,1,Labor_Day,0.18,81.4,2.78,231.75,7.17,59381.85
2022-09-16,Store_02,173694,Electronics,0,None,0.0,68.9,2.73,231.71,6.98,26280.3
2022-09-23,Store_02,173694,Electronics,0,None,0.0,73.9,2.81,232.23,7.05,25804.55
2022-09-30,Store_02,173694,Electronics,0,None,0.0,67.0,2.78,232.7,6.72,25968.05
2022-10-07,Store_02,173694,Electronics,0,None,0.0,68.2,2.91,233.64,6.92,24204.22
2022-10-14,Store_02,173694,Electronics,0,None,0.17,59.5,2.92,232.97,6.98,35246.59
2022-10-21,Store_02,173694,Electronics,0,None,0.0,58.6,2.85,233.21,6.87,25192.12
2022-10-28,Store_02,173694,Electronics,0,None,0.0,57.6,2.94,233.23,7.14,24024.03
2022-11-04,Store_02,173694,Electronics,0,None,0.0,55.3,2.95,232.5,6.82,24415.21
2022-11-11,Store_02,173694,Electronics,0,None,0.0,52.2,3.02,233.64,6.9,26143.55
2022-11-18,Store_02,173694,Electronics,0,None,0.0,48.4,2.94,233.88,6.94,23462.08
2022-11-25,Store_02,173694,Electronics,1,Thanksgiving_BlackFriday,0.0,43.6,3.06,235.27,7.06,56269.26
2022-12-02,Store_02,173694,Electronics,0,None,0.0,39.6,3.11,234.13,6.75,24335.28
2022-12-09,Store_02,173694,Electronics,0,None,0.23,40.0,3.0,234.57,7.0,37761.7
2022-12-16,Store_02,173694,Electronics,0,None,0.0,42.9,3.07,234.6,6.87,23504.32
2022-12-23,Store_02,173694,Electronics,1,Christmas_Holiday,0.0,38.1,3.06,234.22,6.75,53483.54
2022-12-30,Store_02,173694,Electronics,1,Christmas_Holiday,0.26,36.4,3.19,235.57,6.88,80750.36
2023-01-06,Store_02,173694,Electronics,0,None,0.0,36.4,3.27,235.57,6.84,27290.26
2023-01-13,Store_02,173694,Electronics,0,None,0.0,36.0,3.35,235.78,6.74,25471.12
2023-01-20,Store_02,173694,Electronics,0,None,0.0,36.1,3.31,235.12,6.79,26648.91
2023-01-27,Store_02,173694,Electronics,0,None,0.0,38.4,3.43,236.47,6.73,26149.98
2023-02-03,Store_02,173694,Electronics,0,None,0.15,37.6,3.31,235.26,6.76,35715.84
2023-02-10,Store_02,173694,Electronics,1,Super_Bowl,0.0,37.2,3.33,236.45,6.8,39505.86
2023-02-17,Store_02,173694,Electronics,0,None,0.0,35.4,3.44,237.44,6.88,28182.32
2023-02-24,Store_02,173694,Electronics,0,None,0.0,37.2,3.5,236.04,6.58,28065.14
2023-03-03,Store_02,173694,Electronics,0,None,0.0,41.4,3.51,236.45,6.9,26568.7
2023-03-10,Store_02,173694,Electronics,0,None,0.0,39.7,3.44,236.97,6.48,29784.02
2023-03-17,Store_02,173694,Electronics,0,None,0.0,45.3,3.57,236.86,6.64,27815.87
2023-03-24,Store_02,173694,Electronics,0,None,0.0,48.5,3.53,236.53,6.7,29436.9
2023-03-31,Store_02,173694,Electronics,1,Easter,0.0,50.8,3.66,237.53,6.65,43541.77
2023-04-07,Store_02,173694,Electronics,1,Easter,0.25,59.3,3.67,237.16,6.55,76987.36
2023-04-14,Store_02,173694,Electronics,1,Easter,0.0,55.5,3.63,238.12,6.57,45542.39
2023-04-21,Store_02,173694,Electronics,0,None,0.0,53.1,3.67,237.62,6.53,31577.96
2023-04-28,Store_02,173694,Electronics,0,None,0.0,68.0,3.66,239.04,6.5,32848.58
2023-05-05,Store_02,173694,Electronics,0,None,0.0,65.6,3.73,238.07,6.63,30345.63
2023-05-12,Store_02,173694,Electronics,0,None,0.28,67.6,3.79,238.49,6.56,55255.41
2023-05-19,Store_02,173694,Electronics,0,None,0.08,73.7,3.71,239.25,6.44,39138.5
2023-05-26,Store_02,173694,Electronics,0,None,0.0,73.3,3.8,238.42,6.59,31488.11
2023-06-02,Store_02,173694,Electronics,0,None,0.0,76.0,3.76,239.34,6.51,31264.31
2023-06-09,Store_02,173694,Electronics,0,None,0.0,74.2,3.75,240.08,6.55,32146.75
2023-06-16,Store_02,173694,Electronics,0,None,0.3,81.6,3.79,238.81,6.51,59400.26
2023-06-23,Store_02,173694,Electronics,0,None,0.0,80.8,3.75,239.9,6.35,35291.61
2023-06-30,Store_02,173694,Electronics,0,None,0.0,81.6,3.77,240.13,6.36,33001.34
2023-07-07,Store_02,173694,Electronics,0,None,0.0,84.2,3.74,240.58,6.48,32748.46
2023-07-14,Store_02,173694,Electronics,0,None,0.0,79.9,3.89,239.77,6.45,30903.56
2023-07-21,Store_02,173694,Electronics,0,None,0.15,88.9,3.79,239.92,6.37,44451.55
2023-07-28,Store_02,173694,Electronics,0,None,0.0,83.2,3.75,241.03,6.36,30132.63
2023-08-04,Store_02,173694,Electronics,0,None,0.0,81.9,3.78,241.11,6.46,28863.03
2023-08-11,Store_02,173694,Electronics,0,None,0.0,84.8,3.76,241.28,6.26,31746.77
2023-08-18,Store_02,173694,Electronics,0,None,0.0,81.2,3.74,241.52,6.36,27644.21
2023-08-25,Store_02,173694,Electronics,0,None,0.29,80.3,3.76,241.2,6.27,49987.6
2023-09-01,Store_02,173694,Electronics,1,Labor_Day,0.13,77.7,3.75,241.85,6.25,59974.76
2023-09-08,Store_02,173694,Electronics,1,Labor_Day,0.21,74.9,3.67,242.07,6.37,66779.25
2023-09-15,Store_02,173694,Electronics,0,None,0.29,78.1,3.64,241.76,6.32,48787.2
2023-09-22,Store_02,173694,Electronics,0,None,0.26,70.4,3.64,243.24,6.31,44831.69
2023-09-29,Store_02,173694,Electronics,0,None,0.0,67.9,3.51,242.74,6.34,26409.03
2023-10-06,Store_02,173694,Electronics,0,None,0.0,63.3,3.52,242.1,6.19,25150.16
2023-10-13,Store_02,173694,Electronics,0,None,0.0,58.2,3.64,243.21,6.24,26696.73
2023-10-20,Store_02,173694,Electronics,0,None,0.13,57.4,3.62,242.59,6.13,35775.81
2023-10-27,Store_02,173694,Electronics,0,None,0.0,57.0,3.5,243.66,6.18,24400.51
2023-11-03,Store_02,173694,Electronics,0,None,0.0,55.3,3.51,244.04,6.12,24869.49
2023-11-10,Store_02,173694,Electronics,0,None,0.0,48.9,3.46,243.24,6.12,24442.6
2023-11-17,Store_02,173694,Electronics,0,None,0.15,48.0,3.57,244.33,6.16,32934.09
2023-11-24,Store_02,173694,Electronics,1,Thanksgiving_BlackFriday,0.24,46.6,3.43,244.24,6.0,92778.37
2023-12-01,Store_02,173694,Electronics,0,None,0.09,39.0,3.34,244.64,6.27,29955.02
2023-12-08,Store_02,173694,Electronics,0,None,0.0,43.9,3.26,245.37,5.95,24133.78
2023-12-15,Store_02,173694,Electronics,0,None,0.0,37.8,3.19,244.49,5.91,22996.05
2023-12-22,Store_02,173694,Electronics,1,Christmas_Holiday,0.0,41.8,3.25,244.43,6.13,52182.86
2023-12-29,Store_02,173694,Electronics,1,Christmas_Holiday,0.11,40.2,3.16,244.56,6.08,70139.93
2021-01-01,Store_02,173694,Grocery,0,None,0.0,29.3,3.23,214.14,8.42,29550.86
2021-01-08,Store_02,173694,Grocery,0,None,0.0,38.4,3.27,214.91,8.48,27064.33
2021-01-15,Store_02,173694,Grocery,0,None,0.0,40.4,3.27,214.88,8.5,27990.67
2021-01-22,Store_02,173694,Grocery,0,None,0.23,34.1,3.26,215.73,8.48,38951.67
2021-01-29,Store_02,173694,Grocery,0,None,0.0,32.5,3.35,215.32,8.52,30150.78
2021-02-05,Store_02,173694,Grocery,1,Super_Bowl,0.0,32.3,3.34,215.26,8.42,38113.23
2021-02-12,Store_02,173694,Grocery,1,Super_Bowl,0.24,34.8,3.46,216.89,8.55,48646.6
2021-02-19,Store_02,173694,Grocery,0,None,0.0,34.5,3.44,216.23,8.36,32010.5
2021-02-26,Store_02,173694,Grocery,0,None,0.05,41.4,3.44,216.57,8.64,34931.72
2021-03-05,Store_02,173694,Grocery,0,None,0.0,45.2,3.49,216.02,8.42,32492.56
2021-03-12,Store_02,173694,Grocery,0,None,0.29,39.8,3.56,216.65,8.25,46824.44
2021-03-19,Store_02,173694,Grocery,0,None,0.0,46.4,3.54,217.17,8.22,36851.64
2021-03-26,Store_02,173694,Grocery,1,Easter,0.26,51.3,3.56,216.73,8.36,51657.45
2021-04-02,Store_02,173694,Grocery,1,Easter,0.29,54.0,3.64,217.69,8.27,57911.71
2021-04-09,Store_02,173694,Grocery,1,Easter,0.0,58.4,3.66,217.39,8.35,40322.46
2021-04-16,Store_02,173694,Grocery,0,None,0.16,53.1,3.65,217.74,8.31,42598.43
2021-04-23,Store_02,173694,Grocery,0,None,0.0,56.2,3.67,217.78,8.24,38393.65
2021-04-30,Store_02,173694,Grocery,0,None,0.07,62.4,3.73,219.2,8.14,41583.96
2021-05-07,Store_02,173694,Grocery,0,None,0.29,62.5,3.66,218.45,8.06,51738.16
2021-05-14,Store_02,173694,Grocery,0,None,0.0,59.9,3.68,218.12,8.15,41772.41
2021-05-21,Store_02,173694,Grocery,0,None,0.0,70.5,3.73,219.26,8.27,39547.93
2021-05-28,Store_02,173694,Grocery,0,None,0.0,78.8,3.76,218.43,8.18,39889.94
2021-06-04,Store_02,173694,Grocery,0,None,0.05,78.7,3.8,219.34,8.02,42518.89
2021-06-11,Store_02,173694,Grocery,0,None,0.0,75.4,3.86,218.44,8.15,40615.1
2021-06-18,Store_02,173694,Grocery,0,None,0.0,79.9,3.84,218.95,8.15,38695.14
2021-06-25,Store_02,173694,Grocery,0,None,0.0,83.9,3.79,219.91,8.01,37720.23
2021-07-02,Store_02,173694,Grocery,0,None,0.14,81.5,3.8,220.37,8.1,47563.97
2021-07-09,Store_02,173694,Grocery,0,None,0.23,83.5,3.75,220.28,8.07,45631.38
2021-07-16,Store_02,173694,Grocery,0,None,0.0,85.6,3.79,220.33,7.94,39445.01
2021-07-23,Store_02,173694,Grocery,0,None,0.0,80.1,3.78,220.43,8.07,39251.26
2021-07-30,Store_02,173694,Grocery,0,None,0.0,85.1,3.8,220.03,8.08,38710.65
2021-08-06,Store_02,173694,Grocery,0,None,0.0,88.0,3.73,220.6,8.11,37339.34
2021-08-13,Store_02,173694,Grocery,0,None,0.0,87.2,3.79,220.92,8.09,36105.59
2021-08-20,Store_02,173694,Grocery,0,None,0.0,84.7,3.82,221.87,7.83,35682.94
2021-08-27,Store_02,173694,Grocery,0,None,0.0,80.9,3.73,221.71,7.86,33819.7
2021-09-03,Store_02,173694,Grocery,1,Labor_Day,0.0,78.4,3.73,220.85,7.99,42556.72
2021-09-10,Store_02,173694,Grocery,1,Labor_Day,0.21,78.4,3.73,222.09,7.97,47463.12
2021-09-17,Store_02,173694,Grocery,0,None,0.19,74.4,3.65,221.92,7.96,41603.66
2021-09-24,Store_02,173694,Grocery,0,None,0.0,71.2,3.66,221.97,8.28,32739.06
2021-10-01,Store_02,173694,Grocery,0,None,0.0,70.2,3.62,222.81,7.93,31703.55
2021-10-08,Store_02,173694,Grocery,0,None,0.0,71.6,3.6,223.21,7.97,29879.89
2021-10-15,Store_02,173694,Grocery,0,None,0.0,65.0,3.53,223.35,7.94,32495.59
2021-10-22,Store_02,173694,Grocery,0,None,0.0,58.6,3.54,222.66,7.89,28006.81
2021-10-29,Store_02,173694,Grocery,0,None,0.0,56.0,3.54,223.11,7.78,29519.56
2021-11-05,Store_02,173694,Grocery,0,None,0.0,57.1,3.55,223.63,7.87,29763.27
2021-11-12,Store_02,173694,Grocery,0,None,0.0,48.6,3.49,224.14,7.7,28992.89
2021-11-19,Store_02,173694,Grocery,0,None,0.0,50.0,3.52,223.61,7.74,29839.85
2021-11-26,Store_02,173694,Grocery,1,Thanksgiving_BlackFriday,0.0,47.2,3.34,223.95,7.7,40142.98
2021-12-03,Store_02,173694,Grocery,0,None,0.28,42.9,3.39,223.68,7.74,39235.0
2021-12-10,Store_02,173694,Grocery,0,None,0.17,47.2,3.32,223.82,7.95,33245.52
2021-12-17,Store_02,173694,Grocery,0,None,0.0,38.5,3.38,225.02,7.51,29046.33
2021-12-24,Store_02,173694,Grocery,1,Christmas_Holiday,0.15,39.2,3.2,225.49,7.75,48818.08
2021-12-31,Store_02,173694,Grocery,1,Christmas_Holiday,0.0,33.9,3.16,224.96,7.51,41810.01
2022-01-07,Store_02,173694,Grocery,0,None,0.0,33.8,3.13,225.69,7.6,31975.94
2022-01-14,Store_02,173694,Grocery,0,None,0.0,34.2,3.02,225.57,7.74,28960.18
2022-01-21,Store_02,173694,Grocery,0,None,0.0,39.1,3.07,225.25,7.63,30921.94
2022-01-28,Store_02,173694,Grocery,0,None,0.0,32.8,3.02,225.95,7.49,33203.47
2022-02-04,Store_02,173694,Grocery,0,None,0.15,39.6,3.03,226.73,7.52,37465.76
2022-02-11,Store_02,173694,Grocery,1,Super_Bowl,0.0,35.6,3.0,226.14,7.64,37804.68
2022-02-18,Store_02,173694,Grocery,0,None,0.27,36.3,3.05,227.13,7.48,41499.39
2022-02-25,Store_02,173694,Grocery,0,None,0.0,40.4,2.97,225.23,7.56,34455.05
2022-03-04,Store_02,173694,Grocery,0,None,0.0,40.5,2.86,227.14,7.53,34914.23
2022-03-11,Store_02,173694,Grocery,0,None,0.0,45.5,2.81,226.97,7.44,37303.86
2022-03-18,Store_02,173694,Grocery,0,None,0.0,44.1,2.85,226.97,7.7,34824.79
2022-03-25,Store_02,173694,Grocery,1,Easter,0.0,53.8,2.74,227.35,7.54,41749.4
2022-04-01,Store_02,173694,Grocery,1,Easter,0.0,52.0,2.87,226.51,7.26,45022.44
2022-04-08,Store_02,173694,Grocery,1,Easter,0.14,54.4,2.81,227.58,7.46,50584.75
2022-04-15,Store_02,173694,Grocery,1,Easter,0.0,57.9,2.7,228.06,7.36,48426.84
2022-04-22,Store_02,173694,Grocery,0,None,0.0,52.0,2.62,228.82,7.5,35927.33
2022-04-29,Store_02,173694,Grocery,0,None,0.12,65.3,2.75,228.01,7.31,44671.0
2022-05-06,Store_02,173694,Grocery,0,None,0.0,67.2,2.66,228.06,7.37,41661.19
2022-05-13,Store_02,173694,Grocery,0,None,0.0,65.3,2.71,228.4,7.41,39713.25
2022-05-20,Store_02,173694,Grocery,0,None,0.0,73.4,2.56,229.3,7.43,40300.06
2022-05-27,Store_02,173694,Grocery,0,None,0.0,73.2,2.6,229.2,7.21,39193.71
2022-06-03,Store_02,173694,Grocery,0,None,0.0,77.7,2.62,228.97,7.28,41205.23
2022-06-10,Store_02,173694,Grocery,0,None,0.0,75.3,2.61,229.68,7.25,41255.97
2022-06-17,Store_02,173694,Grocery,0,None,0.0,75.0,2.58,229.66,7.22,39956.09
2022-06-24,Store_02,173694,Grocery,0,None,0.0,81.1,2.63,230.29,7.44,41000.08
2022-07-01,Store_02,173694,Grocery,0,None,0.15,84.1,2.55,229.65,7.29,49403.77
2022-07-08,Store_02,173694,Grocery,0,None,0.11,89.2,2.59,230.03,7.11,46077.4
2022-07-15,Store_02,173694,Grocery,0,None,0.0,83.7,2.61,230.19,7.31,38649.33
2022-07-22,Store_02,173694,Grocery,0,None,0.19,84.7,2.64,229.85,7.41,47442.16
2022-07-29,Store_02,173694,Grocery,0,None,0.0,84.6,2.65,230.92,7.29,38606.52
2022-08-05,Store_02,173694,Grocery,0,None,0.0,84.2,2.57,231.09,7.02,38769.15
2022-08-12,Store_02,173694,Grocery,0,None,0.0,83.2,2.56,231.16,7.11,39130.88
2022-08-19,Store_02,173694,Grocery,0,None,0.0,79.1,2.72,231.23,7.26,36755.12
2022-08-26,Store_02,173694,Grocery,0,None,0.0,82.9,2.69,230.83,7.05,36359.9
2022-09-02,Store_02,173694,Grocery,1,Labor_Day,0.0,76.9,2.65,231.52,7.15,40545.93
2022-09-09,Store_02,173694,Grocery,1,Labor_Day,0.25,78.5,2.78,231.75,7.17,48815.47
2022-09-16,Store_02,173694,Grocery,0,None,0.0,72.4,2.73,231.71,6.98,30578.89
2022-09-23,Store_02,173694,Grocery,0,None,0.0,70.5,2.81,232.23,7.05,34889.36
2022-09-30,Store_02,173694,Grocery,0,None,0.19,61.8,2.78,232.7,6.72,41969.61
2022-10-07,Store_02,173694,Grocery,0,None,0.09,68.1,2.91,233.64,6.92,35152.07
2022-10-14,Store_02,173694,Grocery,0,None,0.0,59.0,2.92,232.97,6.98,31734.04
2022-10-21,Store_02,173694,Grocery,0,None,0.15,60.5,2.85,233.21,6.87,36029.96
2022-10-28,Store_02,173694,Grocery,0,None,0.0,58.8,2.94,233.23,7.14,31937.95
2022-11-04,Store_02,173694,Grocery,0,None,0.0,53.0,2.95,232.5,6.82,29651.04
2022-11-11,Store_02,173694,Grocery,0,None,0.0,48.9,3.02,233.64,6.9,31489.72
2022-11-18,Store_02,173694,Grocery,0,None,0.0,44.9,2.94,233.88,6.94,31482.89
2022-11-25,Store_02,173694,Grocery,1,Thanksgiving_BlackFriday,0.23,47.4,3.06,235.27,7.06,55157.43
2022-12-02,Store_02,173694,Grocery,0,None,0.0,40.0,3.11,234.13,6.75,31063.46
2022-12-09,Store_02,173694,Grocery,0,None,0.0,46.8,3.0,234.57,7.0,29617.85
2022-12-16,Store_02,173694,Grocery,0,None,0.0,33.9,3.07,234.6,6.87,28150.62
2022-12-23,Store_02,173694,Grocery,1,Christmas_Holiday,0.0,32.2,3.06,234.22,6.75,40025.92
2022-12-30,Store_02,173694,Grocery,1,Christmas_Holiday,0.0,37.9,3.19,235.57,6.88,44020.86
2023-01-06,Store_02,173694,Grocery,0,None,0.0,39.6,3.27,235.57,6.84,32430.93
2023-01-13,Store_02,173694,Grocery,0,None,0.0,33.0,3.35,235.78,6.74,33084.05
2023-01-20,Store_02,173694,Grocery,0,None,0.0,36.4,3.31,235.12,6.79,33507.26
2023-01-27,Store_02,173694,Grocery,0,None,0.0,40.2,3.43,236.47,6.73,33772.87
2023-02-03,Store_02,173694,Grocery,0,None,0.0,41.1,3.31,235.26,6.76,34550.69
2023-02-10,Store_02,173694,Grocery,1,Super_Bowl,0.22,34.3,3.33,236.45,6.8,50813.29
2023-02-17,Store_02,173694,Grocery,0,None,0.0,33.9,3.44,237.44,6.88,34884.97
2023-02-24,Store_02,173694,Grocery,0,None,0.0,36.5,3.5,236.04,6.58,34721.43
2023-03-03,Store_02,173694,Grocery,0,None,0.0,34.9,3.51,236.45,6.9,35174.59
2023-03-10,Store_02,173694,Grocery,0,None,0.07,37.3,3.44,236.97,6.48,37799.91
2023-03-17,Store_02,173694,Grocery,0,None,0.0,51.5,3.57,236.86,6.64,36280.15
2023-03-24,Store_02,173694,Grocery,0,None,0.0,45.8,3.53,236.53,6.7,38017.89
2023-03-31,Store_02,173694,Grocery,1,Easter,0.0,53.9,3.66,237.53,6.65,43038.83
2023-04-07,Store_02,173694,Grocery,1,Easter,0.2,54.0,3.67,237.16,6.55,57340.78
2023-04-14,Store_02,173694,Grocery,1,Easter,0.09,56.3,3.63,238.12,6.57,48681.29
2023-04-21,Store_02,173694,Grocery,0,None,0.0,63.1,3.67,237.62,6.53,41021.55
2023-04-28,Store_02,173694,Grocery,0,None,0.0,63.9,3.66,239.04,6.5,42437.89
2023-05-05,Store_02,173694,Grocery,0,None,0.0,69.5,3.73,238.07,6.63,39486.18
2023-05-12,Store_02,173694,Grocery,0,None,0.0,66.7,3.79,238.49,6.56,43271.79
2023-05-19,Store_02,173694,Grocery,0,None,0.23,76.8,3.71,239.25,6.44,55476.27
2023-05-26,Store_02,173694,Grocery,0,None,0.0,70.5,3.8,238.42,6.59,40270.82
2023-06-02,Store_02,173694,Grocery,0,None,0.26,75.4,3.76,239.34,6.51,55423.62
2023-06-09,Store_02,173694,Grocery,0,None,0.15,80.7,3.75,240.08,6.55,51180.21
2023-06-16,Store_02,173694,Grocery,0,None,0.05,82.7,3.79,238.81,6.51,42741.37
2023-06-23,Store_02,173694,Grocery,0,None,0.0,86.2,3.75,239.9,6.35,41778.66
2023-06-30,Store_02,173694,Grocery,0,None,0.0,82.5,3.77,240.13,6.36,41673.11
2023-07-07,Store_02,173694,Grocery,0,None,0.0,85.9,3.74,240.58,6.48,41433.67
2023-07-14,Store_02,173694,Grocery,0,None,0.0,82.3,3.89,239.77,6.45,38372.23
2023-07-21,Store_02,173694,Grocery,0,None,0.0,89.5,3.79,239.92,6.37,40063.13
2023-07-28,Store_02,173694,Grocery,0,None,0.09,83.0,3.75,241.03,6.36,44325.03
2023-08-04,Store_02,173694,Grocery,0,None,0.0,85.1,3.78,241.11,6.46,41554.99
2023-08-11,Store_02,173694,Grocery,0,None,0.0,84.4,3.76,241.28,6.26,37696.16
2023-08-18,Store_02,173694,Grocery,0,None,0.0,77.2,3.74,241.52,6.36,36598.96
2023-08-25,Store_02,173694,Grocery,0,None,0.21,84.0,3.76,241.2,6.27,47658.71
2023-09-01,Store_02,173694,Grocery,1,Labor_Day,0.0,75.6,3.75,241.85,6.25,44710.25
2023-09-08,Store_02,173694,Grocery,1,Labor_Day,0.0,79.0,3.67,242.07,6.37,45139.91
2023-09-15,Store_02,173694,Grocery,0,None,0.0,74.2,3.64,241.76,6.32,35115.0
2023-09-22,Store_02,173694,Grocery,0,None,0.0,66.4,3.64,243.24,6.31,34615.65
2023-09-29,Store_02,173694,Grocery,0,None,0.29,70.1,3.51,242.74,6.34,46396.93
2023-10-06,Store_02,173694,Grocery,0,None,0.0,63.0,3.52,242.1,6.19,32734.9
2023-10-13,Store_02,173694,Grocery,0,None,0.08,63.3,3.64,243.21,6.24,38251.12
2023-10-20,Store_02,173694,Grocery,0,None,0.0,66.8,3.62,242.59,6.13,34256.13
2023-10-27,Store_02,173694,Grocery,0,None,0.17,58.4,3.5,243.66,6.18,37237.35
2023-11-03,Store_02,173694,Grocery,0,None,0.0,56.5,3.51,244.04,6.12,33002.21
2023-11-10,Store_02,173694,Grocery,0,None,0.0,51.9,3.46,243.24,6.12,33601.61
2023-11-17,Store_02,173694,Grocery,0,None,0.0,50.1,3.57,244.33,6.16,30671.26
2023-11-24,Store_02,173694,Grocery,1,Thanksgiving_BlackFriday,0.0,52.3,3.43,244.24,6.0,37999.74
2023-12-01,Store_02,173694,Grocery,0,None,0.0,45.8,3.34,244.64,6.27,29733.46
2023-12-08,Store_02,173694,Grocery,0,None,0.0,45.0,3.26,245.37,5.95,32732.78
2023-12-15,Store_02,173694,Grocery,0,None,0.0,37.7,3.19,244.49,5.91,31848.47
2023-12-22,Store_02,173694,Grocery,1,Christmas_Holiday,0.2,37.5,3.25,244.43,6.13,51444.7
2023-12-29,Store_02,173694,Grocery,1,Christmas_Holiday,0.18,37.6,3.16,244.56,6.08,50781.67
2021-01-01,Store_02,173694,Home_Garden,0,None,0.0,30.4,3.23,214.14,8.42,16248.45
2021-01-08,Store_02,173694,Home_Garden,0,None,0.0,32.3,3.27,214.91,8.48,16084.42
2021-01-15,Store_02,173694,Home_Garden,0,None,0.0,39.9,3.27,214.88,8.5,14668.67
2021-01-22,Store_02,173694,Home_Garden,0,None,0.0,34.0,3.26,215.73,8.48,16302.27
2021-01-29,Store_02,173694,Home_Garden,0,None,0.0,38.0,3.35,215.32,8.52,15996.03
2021-02-05,Store_02,173694,Home_Garden,1,Super_Bowl,0.17,35.8,3.34,215.26,8.42,22875.64
2021-02-12,Store_02,173694,Home_Garden,1,Super_Bowl,0.0,34.9,3.46,216.89,8.55,18006.25
2021-02-19,Store_02,173694,Home_Garden,0,None,0.0,35.3,3.44,216.23,8.36,17548.98
2021-02-26,Store_02,173694,Home_Garden,0,None,0.24,41.6,3.44,216.57,8.64,25129.69
2021-03-05,Store_02,173694,Home_Garden,0,None,0.21,43.3,3.49,216.02,8.42,24382.86
2021-03-12,Store_02,173694,Home_Garden,0,None,0.0,47.0,3.56,216.65,8.25,19493.7
2021-03-19,Store_02,173694,Home_Garden,0,None,0.21,38.3,3.54,217.17,8.22,24879.16
2021-03-26,Store_02,173694,Home_Garden,1,Easter,0.19,46.0,3.56,216.73,8.36,28055.82
2021-04-02,Store_02,173694,Home_Garden,1,Easter,0.0,48.8,3.64,217.69,8.27,19343.88
2021-04-09,Store_02,173694,Home_Garden,1,Easter,0.21,60.1,3.66,217.39,8.35,29411.46
2021-04-16,Store_02,173694,Home_Garden,0,None,0.0,57.5,3.65,217.74,8.31,25752.77
2021-04-23,Store_02,173694,Home_Garden,0,None,0.0,58.1,3.67,217.78,8.24,26592.46
2021-04-30,Store_02,173694,Home_Garden,0,None,0.0,64.8,3.73,219.2,8.14,26006.82
2021-05-07,Store_02,173694,Home_Garden,0,None,0.0,67.0,3.66,218.45,8.06,27778.28
2021-05-14,Store_02,173694,Home_Garden,0,None,0.0,64.8,3.68,218.12,8.15,27393.68
2021-05-21,Store_02,173694,Home_Garden,0,None,0.22,71.1,3.73,219.26,8.27,38180.49
2021-05-28,Store_02,173694,Home_Garden,0,None,0.0,75.7,3.76,218.43,8.18,27812.18
2021-06-04,Store_02,173694,Home_Garden,0,None,0.0,79.8,3.8,219.34,8.02,27725.25
2021-06-11,Store_02,173694,Home_Garden,0,None,0.0,76.1,3.86,218.44,8.15,27222.94
2021-06-18,Store_02,173694,Home_Garden,0,None,0.14,83.1,3.84,218.95,8.15,34383.7
2021-06-25,Store_02,173694,Home_Garden,0,None,0.0,84.8,3.79,219.91,8.01,27166.62
2021-07-02,Store_02,173694,Home_Garden,0,None,0.0,81.5,3.8,220.37,8.1,27400.09
2021-07-09,Store_02,173694,Home_Garden,0,None,0.0,86.1,3.75,220.28,8.07,26238.35
2021-07-16,Store_02,173694,Home_Garden,0,None,0.0,84.9,3.79,220.33,7.94,26498.45
2021-07-23,Store_02,173694,Home_Garden,0,None,0.0,78.3,3.78,220.43,8.07,21200.7
2021-07-30,Store_02,173694,Home_Garden,0,None,0.0,88.6,3.8,220.03,8.08,19331.83
2021-08-06,Store_02,173694,Home_Garden,0,None,0.21,80.9,3.73,220.6,8.11,26762.12
2021-08-13,Store_02,173694,Home_Garden,0,None,0.0,81.9,3.79,220.92,8.09,19412.99
2021-08-20,Store_02,173694,Home_Garden,0,None,0.0,85.0,3.82,221.87,7.83,19384.34
2021-08-27,Store_02,173694,Home_Garden,0,None,0.0,78.9,3.73,221.71,7.86,18542.29
2021-09-03,Store_02,173694,Home_Garden,1,Labor_Day,0.0,74.2,3.73,220.85,7.99,20377.38
2021-09-10,Store_02,173694,Home_Garden,1,Labor_Day,0.0,78.1,3.73,222.09,7.97,20119.47
2021-09-17,Store_02,173694,Home_Garden,0,None,0.0,77.7,3.65,221.92,7.96,17280.97
2021-09-24,Store_02,173694,Home_Garden,0,None,0.0,71.9,3.66,221.97,8.28,16689.25
2021-10-01,Store_02,173694,Home_Garden,0,None,0.1,69.9,3.62,222.81,7.93,20219.1
2021-10-08,Store_02,173694,Home_Garden,0,None,0.0,64.1,3.6,223.21,7.97,17828.88
2021-10-15,Store_02,173694,Home_Garden,0,None,0.0,63.9,3.53,223.35,7.94,17416.35
2021-10-22,Store_02,173694,Home_Garden,0,None,0.0,54.9,3.54,222.66,7.89,17206.59
2021-10-29,Store_02,173694,Home_Garden,0,None,0.0,62.5,3.54,223.11,7.78,15507.18
2021-11-05,Store_02,173694,Home_Garden,0,None,0.0,55.9,3.55,223.63,7.87,16531.93
2021-11-12,Store_02,173694,Home_Garden,0,None,0.0,52.4,3.49,224.14,7.7,15092.03
2021-11-19,Store_02,173694,Home_Garden,0,None,0.25,49.8,3.52,223.61,7.74,23804.88
2021-11-26,Store_02,173694,Home_Garden,1,Thanksgiving_BlackFriday,0.0,49.5,3.34,223.95,7.7,21050.45
2021-12-03,Store_02,173694,Home_Garden,0,None,0.0,44.8,3.39,223.68,7.74,14657.99
2021-12-10,Store_02,173694,Home_Garden,0,None,0.0,44.4,3.32,223.82,7.95,15552.89
2021-12-17,Store_02,173694,Home_Garden,0,None,0.23,38.0,3.38,225.02,7.51,20957.93
2021-12-24,Store_02,173694,Home_Garden,1,Christmas_Holiday,0.0,35.9,3.2,225.49,7.75,19489.75
2021-12-31,Store_02,173694,Home_Garden,1,Christmas_Holiday,0.0,35.5,3.16,224.96,7.51,19584.36
2022-01-07,Store_02,173694,Home_Garden,0,None,0.22,37.8,3.13,225.69,7.6,23622.87
2022-01-14,Store_02,173694,Home_Garden,0,None,0.0,36.8,3.02,225.57,7.74,15111.72
2022-01-21,Store_02,173694,Home_Garden,0,None,0.0,31.4,3.07,225.25,7.63,16067.82
2022-01-28,Store_02,173694,Home_Garden,0,None,0.0,32.1,3.02,225.95,7.49,15923.68
2022-02-04,Store_02,173694,Home_Garden,0,None,0.0,37.0,3.03,226.73,7.52,17613.16
2022-02-11,Store_02,173694,Home_Garden,1,Super_Bowl,0.21,35.7,3.0,226.14,7.64,26256.32
2022-02-18,Store_02,173694,Home_Garden,0,None,0.0,39.3,3.05,227.13,7.48,17025.54
2022-02-25,Store_02,173694,Home_Garden,0,None,0.13,42.6,2.97,225.23,7.56,21947.4
2022-03-04,Store_02,173694,Home_Garden,0,None,0.0,38.5,2.86,227.14,7.53,17689.1
2022-03-11,Store_02,173694,Home_Garden,0,None,0.09,45.0,2.81,226.97,7.44,22849.69
2022-03-18,Store_02,173694,Home_Garden,0,None,0.0,42.0,2.85,226.97,7.7,20126.95
2022-03-25,Store_02,173694,Home_Garden,1,Easter,0.0,51.8,2.74,227.35,7.54,22602.5
2022-04-01,Store_02,173694,Home_Garden,1,Easter,0.0,50.8,2.87,226.51,7.26,22562.41
2022-04-08,Store_02,173694,Home_Garden,1,Easter,0.0,51.4,2.81,227.58,7.46,21485.86
2022-04-15,Store_02,173694,Home_Garden,1,Easter,0.0,59.4,2.7,228.06,7.36,30403.77
2022-04-22,Store_02,173694,Home_Garden,0,None,0.0,59.1,2.62,228.82,7.5,29031.14
2022-04-29,Store_02,173694,Home_Garden,0,None,0.0,58.9,2.75,228.01,7.31,25594.5
2022-05-06,Store_02,173694,Home_Garden,0,None,0.0,64.2,2.66,228.06,7.37,27963.34
2022-05-13,Store_02,173694,Home_Garden,0,None,0.0,68.5,2.71,228.4,7.41,27880.66
2022-05-20,Store_02,173694,Home_Garden,0,None,0.0,71.4,2.56,229.3,7.43,28395.57
2022-05-27,Store_02,173694,Home_Garden,0,None,0.0,76.4,2.6,229.2,7.21,29221.02
2022-06-03,Store_02,173694,Home_Garden,0,None,0.14,73.7,2.62,228.97,7.28,33432.32
2022-06-10,Store_02,173694,Home_Garden,0,None,0.0,79.8,2.61,229.68,7.25,29109.55
2022-06-17,Store_02,173694,Home_Garden,0,None,0.0,76.9,2.58,229.66,7.22,27282.35
2022-06-24,Store_02,173694,Home_Garden,0,None,0.28,82.8,2.63,230.29,7.44,42587.44
2022-07-01,Store_02,173694,Home_Garden,0,None,0.0,81.7,2.55,229.65,7.29,27361.15
2022-07-08,Store_02,173694,Home_Garden,0,None,0.0,81.7,2.59,230.03,7.11,29619.14
2022-07-15,Store_02,173694,Home_Garden,0,None,0.29,84.9,2.61,230.19,7.31,40145.22
2022-07-22,Store_02,173694,Home_Garden,0,None,0.0,84.1,2.64,229.85,7.41,20620.99
2022-07-29,Store_02,173694,Home_Garden,0,None,0.14,88.3,2.65,230.92,7.29,25579.52
2022-08-05,Store_02,173694,Home_Garden,0,None,0.0,84.6,2.57,231.09,7.02,20022.82
2022-08-12,Store_02,173694,Home_Garden,0,None,0.06,85.9,2.56,231.16,7.11,22379.53
2022-08-19,Store_02,173694,Home_Garden,0,None,0.0,79.2,2.72,231.23,7.26,20859.09
2022-08-26,Store_02,173694,Home_Garden,0,None,0.0,80.5,2.69,230.83,7.05,20355.11
2022-09-02,Store_02,173694,Home_Garden,1,Labor_Day,0.14,81.5,2.65,231.52,7.15,25675.1
2022-09-09,Store_02,173694,Home_Garden,1,Labor_Day,0.18,77.2,2.78,231.75,7.17,27230.97
2022-09-16,Store_02,173694,Home_Garden,0,None,0.0,74.7,2.73,231.71,6.98,19556.4
2022-09-23,Store_02,173694,Home_Garden,0,None,0.0,70.7,2.81,232.23,7.05,18043.45
2022-09-30,Store_02,173694,Home_Garden,0,None,0.0,71.7,2.78,232.7,6.72,17042.08
2022-10-07,Store_02,173694,Home_Garden,0,None,0.07,71.5,2.91,233.64,6.92,19016.21
2022-10-14,Store_02,173694,Home_Garden,0,None,0.0,61.0,2.92,232.97,6.98,17316.6
2022-10-21,Store_02,173694,Home_Garden,0,None,0.29,53.9,2.85,233.21,6.87,26585.07
2022-10-28,Store_02,173694,Home_Garden,0,None,0.05,55.4,2.94,233.23,7.14,18181.89
2022-11-04,Store_02,173694,Home_Garden,0,None,0.0,53.1,2.95,232.5,6.82,16389.28
2022-11-11,Store_02,173694,Home_Garden,0,None,0.0,51.2,3.02,233.64,6.9,16073.9
2022-11-18,Store_02,173694,Home_Garden,0,None,0.0,53.6,2.94,233.88,6.94,16666.7
2022-11-25,Store_02,173694,Home_Garden,1,Thanksgiving_BlackFriday,0.11,44.1,3.06,235.27,7.06,25625.85
2022-12-02,Store_02,173694,Home_Garden,0,None,0.0,44.7,3.11,234.13,6.75,16452.94
2022-12-09,Store_02,173694,Home_Garden,0,None,0.0,40.1,3.0,234.57,7.0,15610.63
2022-12-16,Store_02,173694,Home_Garden,0,None,0.0,30.7,3.07,234.6,6.87,15125.9
2022-12-23,Store_02,173694,Home_Garden,1,Christmas_Holiday,0.0,41.8,3.06,234.22,6.75,24173.89
2022-12-30,Store_02,173694,Home_Garden,1,Christmas_Holiday,0.0,34.8,3.19,235.57,6.88,23227.04
2023-01-06,Store_02,173694,Home_Garden,0,None,0.0,34.6,3.27,235.57,6.84,15981.71
2023-01-13,Store_02,173694,Home_Garden,0,None,0.0,35.1,3.35,235.78,6.74,17300.37
2023-01-20,Store_02,173694,Home_Garden,0,None,0.0,34.5,3.31,235.12,6.79,17357.05
2023-01-27,Store_02,173694,Home_Garden,0,None,0.0,37.1,3.43,236.47,6.73,16819.73
2023-02-03,Store_02,173694,Home_Garden,0,None,0.0,36.1,3.31,235.26,6.76,18029.48
2023-02-10,Store_02,173694,Home_Garden,1,Super_Bowl,0.24,34.2,3.33,236.45,6.8,27559.68
2023-02-17,Store_02,173694,Home_Garden,0,None,0.0,36.4,3.44,237.44,6.88,18624.73
2023-02-24,Store_02,173694,Home_Garden,0,None,0.0,40.6,3.5,236.04,6.58,18171.76
2023-03-03,Store_02,173694,Home_Garden,0,None,0.0,41.4,3.51,236.45,6.9,18217.3
2023-03-10,Store_02,173694,Home_Garden,0,None,0.0,46.3,3.44,236.97,6.48,19891.68
2023-03-17,Store_02,173694,Home_Garden,0,None,0.0,42.6,3.57,236.86,6.64,20609.78
2023-03-24,Store_02,173694,Home_Garden,0,None,0.0,50.6,3.53,236.53,6.7,20913.99
2023-03-31,Store_02,173694,Home_Garden,1,Easter,0.13,51.9,3.66,237.53,6.65,29406.48
2023-04-07,Store_02,173694,Home_Garden,1,Easter,0.0,51.9,3.67,237.16,6.55,22599.43
2023-04-14,Store_02,173694,Home_Garden,1,Easter,0.15,54.8,3.63,238.12,6.57,36897.37
2023-04-21,Store_02,173694,Home_Garden,0,None,0.22,56.3,3.67,237.62,6.53,38104.2
2023-04-28,Store_02,173694,Home_Garden,0,None,0.25,63.8,3.66,239.04,6.5,39530.78
2023-05-05,Store_02,173694,Home_Garden,0,None,0.0,66.4,3.73,238.07,6.63,27614.84
2023-05-12,Store_02,173694,Home_Garden,0,None,0.0,64.5,3.79,238.49,6.56,28478.57
2023-05-19,Store_02,173694,Home_Garden,0,None,0.0,75.3,3.71,239.25,6.44,30721.71
2023-05-26,Store_02,173694,Home_Garden,0,None,0.0,72.7,3.8,238.42,6.59,29762.28
2023-06-02,Store_02,173694,Home_Garden,0,None,0.0,78.2,3.76,239.34,6.51,29733.12
2023-06-09,Store_02,173694,Home_Garden,0,None,0.0,79.8,3.75,240.08,6.55,29423.16
2023-06-16,Store_02,173694,Home_Garden,0,None,0.0,77.0,3.79,238.81,6.51,30099.6
2023-06-23,Store_02,173694,Home_Garden,0,None,0.0,82.5,3.75,239.9,6.35,26816.32
2023-06-30,Store_02,173694,Home_Garden,0,None,0.0,89.7,3.77,240.13,6.36,29329.9
2023-07-07,Store_02,173694,Home_Garden,0,None,0.0,82.8,3.74,240.58,6.48,28837.79
2023-07-14,Store_02,173694,Home_Garden,0,None,0.21,89.6,3.89,239.77,6.45,38929.82
2023-07-21,Store_02,173694,Home_Garden,0,None,0.0,84.6,3.79,239.92,6.37,21021.29
2023-07-28,Store_02,173694,Home_Garden,0,None,0.0,84.9,3.75,241.03,6.36,22117.53
2023-08-04,Store_02,173694,Home_Garden,0,None,0.0,82.4,3.78,241.11,6.46,21181.14
2023-08-11,Store_02,173694,Home_Garden,0,None,0.0,84.6,3.76,241.28,6.26,20414.53
2023-08-18,Store_02,173694,Home_Garden,0,None,0.0,83.3,3.74,241.52,6.36,19840.98
2023-08-25,Store_02,173694,Home_Garden,0,None,0.0,80.9,3.76,241.2,6.27,20690.18
2023-09-01,Store_02,173694,Home_Garden,1,Labor_Day,0.23,77.6,3.75,241.85,6.25,30799.57
2023-09-08,Store_02,173694,Home_Garden,1,Labor_Day,0.25,74.1,3.67,242.07,6.37,31479.75
2023-09-15,Store_02,173694,Home_Garden,0,None,0.0,70.4,3.64,241.76,6.32,19678.96
2023-09-22,Store_02,173694,Home_Garden,0,None,0.27,72.8,3.64,243.24,6.31,26116.86
2023-09-29,Store_02,173694,Home_Garden,0,None,0.0,69.6,3.51,242.74,6.34,18845.86
2023-10-06,Store_02,173694,Home_Garden,0,None,0.0,63.5,3.52,242.1,6.19,18167.3
2023-10-13,Store_02,173694,Home_Garden,0,None,0.0,60.1,3.64,243.21,6.24,17870.06
2023-10-20,Store_02,173694,Home_Garden,0,None,0.0,62.2,3.62,242.59,6.13,15944.23
2023-10-27,Store_02,173694,Home_Garden,0,None,0.0,59.3,3.5,243.66,6.18,15055.83
2023-11-03,Store_02,173694,Home_Garden,0,None,0.0,51.6,3.51,244.04,6.12,17298.43
2023-11-10,Store_02,173694,Home_Garden,0,None,0.0,52.0,3.46,243.24,6.12,16855.97
2023-11-17,Store_02,173694,Home_Garden,0,None,0.0,42.1,3.57,244.33,6.16,17270.08
2023-11-24,Store_02,173694,Home_Garden,1,Thanksgiving_BlackFriday,0.08,43.8,3.43,244.24,6.0,23177.65
2023-12-01,Store_02,173694,Home_Garden,0,None,0.0,41.9,3.34,244.64,6.27,16933.62
2023-12-08,Store_02,173694,Home_Garden,0,None,0.0,35.4,3.26,245.37,5.95,16090.96
2023-12-15,Store_02,173694,Home_Garden,0,None,0.0,33.3,3.19,244.49,5.91,15683.41
2023-12-22,Store_02,173694,Home_Garden,1,Christmas_Holiday,0.0,35.7,3.25,244.43,6.13,20008.62
2023-12-29,Store_02,173694,Home_Garden,1,Christmas_Holiday,0.15,38.6,3.16,244.56,6.08,26607.22
2021-01-01,Store_02,173694,Pharmacy,0,None,0.0,39.2,3.23,214.14,8.42,12987.67
2021-01-08,Store_02,173694,Pharmacy,0,None,0.26,33.3,3.27,214.91,8.48,15307.29
2021-01-15,Store_02,173694,Pharmacy,0,None,0.0,34.4,3.27,214.88,8.5,12309.85
2021-01-22,Store_02,173694,Pharmacy,0,None,0.0,38.5,3.26,215.73,8.48,12871.6
2021-01-29,Store_02,173694,Pharmacy,0,None,0.0,34.6,3.35,215.32,8.52,13498.06
2021-02-05,Store_02,173694,Pharmacy,1,Super_Bowl,0.0,35.1,3.34,215.26,8.42,14464.56
2021-02-12,Store_02,173694,Pharmacy,1,Super_Bowl,0.0,33.5,3.46,216.89,8.55,13970.96
2021-02-19,Store_02,173694,Pharmacy,0,None,0.05,38.3,3.44,216.23,8.36,14362.87
2021-02-26,Store_02,173694,Pharmacy,0,None,0.0,43.9,3.44,216.57,8.64,13804.52
2021-03-05,Store_02,173694,Pharmacy,0,None,0.0,39.0,3.49,216.02,8.42,14470.15
2021-03-12,Store_02,173694,Pharmacy,0,None,0.05,48.2,3.56,216.65,8.25,15018.97
2021-03-19,Store_02,173694,Pharmacy,0,None,0.0,43.2,3.54,217.17,8.22,15548.89
2021-03-26,Store_02,173694,Pharmacy,1,Easter,0.0,50.0,3.56,216.73,8.36,15282.7
2021-04-02,Store_02,173694,Pharmacy,1,Easter,0.0,50.3,3.64,217.69,8.27,15698.77
2021-04-09,Store_02,173694,Pharmacy,1,Easter,0.0,55.5,3.66,217.39,8.35,17837.02
2021-04-16,Store_02,173694,Pharmacy,0,None,0.0,56.3,3.65,217.74,8.31,16583.76
2021-04-23,Store_02,173694,Pharmacy,0,None,0.07,67.0,3.67,217.78,8.24,17473.81
2021-04-30,Store_02,173694,Pharmacy,0,None,0.26,65.9,3.73,219.2,8.14,19026.08
2021-05-07,Store_02,173694,Pharmacy,0,None,0.0,63.5,3.66,218.45,8.06,15498.14
2021-05-14,Store_02,173694,Pharmacy,0,None,0.0,66.7,3.68,218.12,8.15,16656.28
2021-05-21,Store_02,173694,Pharmacy,0,None,0.09,71.5,3.73,219.26,8.27,17866.01
2021-05-28,Store_02,173694,Pharmacy,0,None,0.26,72.6,3.76,218.43,8.18,22435.66
2021-06-04,Store_02,173694,Pharmacy,0,None,0.0,80.7,3.8,219.34,8.02,16460.95
2021-06-11,Store_02,173694,Pharmacy,0,None,0.0,77.2,3.86,218.44,8.15,15881.26
2021-06-18,Store_02,173694,Pharmacy,0,None,0.29,81.9,3.84,218.95,8.15,19854.83
2021-06-25,Store_02,173694,Pharmacy,0,None,0.09,85.0,3.79,219.91,8.01,18554.95
2021-07-02,Store_02,173694,Pharmacy,0,None,0.0,87.5,3.8,220.37,8.1,16752.67
2021-07-09,Store_02,173694,Pharmacy,0,None,0.11,85.4,3.75,220.28,8.07,17589.78
2021-07-16,Store_02,173694,Pharmacy,0,None,0.23,86.3,3.79,220.33,7.94,19797.46
2021-07-23,Store_02,173694,Pharmacy,0,None,0.0,84.5,3.78,220.43,8.07,15696.6
2021-07-30,Store_02,173694,Pharmacy,0,None,0.0,81.2,3.8,220.03,8.08,16040.13
2021-08-06,Store_02,173694,Pharmacy,0,None,0.15,82.3,3.73,220.6,8.11,18468.72
2021-08-13,Store_02,173694,Pharmacy,0,None,0.0,81.4,3.79,220.92,8.09,15364.47
2021-08-20,Store_02,173694,Pharmacy,0,None,0.0,79.1,3.82,221.87,7.83,15602.3
2021-08-27,Store_02,173694,Pharmacy,0,None,0.0,79.2,3.73,221.71,7.86,14815.56
2021-09-03,Store_02,173694,Pharmacy,1,Labor_Day,0.21,75.3,3.73,220.85,7.99,17596.88
2021-09-10,Store_02,173694,Pharmacy,1,Labor_Day,0.0,80.6,3.73,222.09,7.97,15317.32
2021-09-17,Store_02,173694,Pharmacy,0,None,0.14,76.8,3.65,221.92,7.96,16099.19
2021-09-24,Store_02,173694,Pharmacy,0,None,0.0,74.6,3.66,221.97,8.28,15004.38
2021-10-01,Store_02,173694,Pharmacy,0,None,0.0,69.8,3.62,222.81,7.93,13186.88
2021-10-08,Store_02,173694,Pharmacy,0,None,0.0,67.1,3.6,223.21,7.97,13331.23
2021-10-15,Store_02,173694,Pharmacy,0,None,0.0,63.7,3.53,223.35,7.94,13080.48
2021-10-22,Store_02,173694,Pharmacy,0,None,0.15,57.0,3.54,222.66,7.89,15873.15
2021-10-29,Store_02,173694,Pharmacy,0,None,0.0,59.7,3.54,223.11,7.78,12715.4
2021-11-05,Store_02,173694,Pharmacy,0,None,0.26,55.6,3.55,223.63,7.87,15286.72
2021-11-12,Store_02,173694,Pharmacy,0,None,0.0,54.8,3.49,224.14,7.7,12506.79
2021-11-19,Store_02,173694,Pharmacy,0,None,0.0,46.6,3.52,223.61,7.74,12840.1
2021-11-26,Store_02,173694,Pharmacy,1,Thanksgiving_BlackFriday,0.0,45.2,3.34,223.95,7.7,14136.75
2021-12-03,Store_02,173694,Pharmacy,0,None,0.0,46.5,3.39,223.68,7.74,12927.7
2021-12-10,Store_02,173694,Pharmacy,0,None,0.26,40.1,3.32,223.82,7.95,15728.25
2021-12-17,Store_02,173694,Pharmacy,0,None,0.0,40.5,3.38,225.02,7.51,12581.5
2021-12-24,Store_02,173694,Pharmacy,1,Christmas_Holiday,0.29,33.7,3.2,225.49,7.75,17100.07
2021-12-31,Store_02,173694,Pharmacy,1,Christmas_Holiday,0.0,36.2,3.16,224.96,7.51,14350.92
2022-01-07,Store_02,173694,Pharmacy,0,None,0.0,34.5,3.13,225.69,7.6,12753.27
2022-01-14,Store_02,173694,Pharmacy,0,None,0.0,34.5,3.02,225.57,7.74,13785.73
2022-01-21,Store_02,173694,Pharmacy,0,None,0.0,32.9,3.07,225.25,7.63,14226.84
2022-01-28,Store_02,173694,Pharmacy,0,None,0.0,34.9,3.02,225.95,7.49,12473.08
2022-02-04,Store_02,173694,Pharmacy,0,None,0.0,32.9,3.03,226.73,7.52,14577.57
2022-02-11,Store_02,173694,Pharmacy,1,Super_Bowl,0.18,37.0,3.0,226.14,7.64,15865.7
2022-02-18,Store_02,173694,Pharmacy,0,None,0.0,40.5,3.05,227.13,7.48,14382.24
2022-02-25,Store_02,173694,Pharmacy,0,None,0.0,40.3,2.97,225.23,7.56,14431.8
2022-03-04,Store_02,173694,Pharmacy,0,None,0.0,41.5,2.86,227.14,7.53,16617.9
2022-03-11,Store_02,173694,Pharmacy,0,None,0.0,45.3,2.81,226.97,7.44,15033.33
2022-03-18,Store_02,173694,Pharmacy,0,None,0.0,47.5,2.85,226.97,7.7,15568.04
2022-03-25,Store_02,173694,Pharmacy,1,Easter,0.0,53.7,2.74,227.35,7.54,16877.26
2022-04-01,Store_02,173694,Pharmacy,1,Easter,0.1,48.6,2.87,226.51,7.26,16585.0
2022-04-08,Store_02,173694,Pharmacy,1,Easter,0.21,53.0,2.81,227.58,7.46,20361.01
2022-04-15,Store_02,173694,Pharmacy,1,Easter,0.07,58.4,2.7,228.06,7.36,19178.75
2022-04-22,Store_02,173694,Pharmacy,0,None,0.18,62.2,2.62,228.82,7.5,18904.34
2022-04-29,Store_02,173694,Pharmacy,0,None,0.0,61.5,2.75,228.01,7.31,16827.11
2022-05-06,Store_02,173694,Pharmacy,0,None,0.0,67.5,2.66,228.06,7.37,17072.49
2022-05-13,Store_02,173694,Pharmacy,0,None,0.17,70.1,2.71,228.4,7.41,19146.48
2022-05-20,Store_02,173694,Pharmacy,0,None,0.0,66.8,2.56,229.3,7.43,15962.93
2022-05-27,Store_02,173694,Pharmacy,0,None,0.18,77.3,2.6,229.2,7.21,20023.8
2022-06-03,Store_02,173694,Pharmacy,0,None,0.0,79.5,2.62,228.97,7.28,17858.93
2022-06-10,Store_02,173694,Pharmacy,0,None,0.0,80.3,2.61,229.68,7.25,17529.6
2022-06-17,Store_02,173694,Pharmacy,0,None,0.0,83.3,2.58,229.66,7.22,18868.16
2022-06-24,Store_02,173694,Pharmacy,0,None,0.0,80.1,2.63,230.29,7.44,16697.51
2022-07-01,Store_02,173694,Pharmacy,0,None,0.0,86.3,2.55,229.65,7.29,17103.5
2022-07-08,Store_02,173694,Pharmacy,0,None,0.0,81.8,2.59,230.03,7.11,17098.55
2022-07-15,Store_02,173694,Pharmacy,0,None,0.0,79.4,2.61,230.19,7.31,17728.46
2022-07-22,Store_02,173694,Pharmacy,0,None,0.0,84.4,2.64,229.85,7.41,16649.44
2022-07-29,Store_02,173694,Pharmacy,0,None,0.0,85.7,2.65,230.92,7.29,15796.87
2022-08-05,Store_02,173694,Pharmacy,0,None,0.0,80.9,2.57,231.09,7.02,17005.81
2022-08-12,Store_02,173694,Pharmacy,0,None,0.0,82.2,2.56,231.16,7.11,15938.83
2022-08-19,Store_02,173694,Pharmacy,0,None,0.0,78.1,2.72,231.23,7.26,15996.96
2022-08-26,Store_02,173694,Pharmacy,0,None,0.0,81.3,2.69,230.83,7.05,15631.96
2022-09-02,Store_02,173694,Pharmacy,1,Labor_Day,0.12,79.6,2.65,231.52,7.15,16687.85
2022-09-09,Store_02,173694,Pharmacy,1,Labor_Day,0.0,75.9,2.78,231.75,7.17,15294.68
2022-09-16,Store_02,173694,Pharmacy,0,None,0.0,76.9,2.73,231.71,6.98,14948.76
2022-09-23,Store_02,173694,Pharmacy,0,None,0.0,71.9,2.81,232.23,7.05,15459.62
2022-09-30,Store_02,173694,Pharmacy,0,None,0.0,69.1,2.78,232.7,6.72,13731.05
2022-10-07,Store_02,173694,Pharmacy,0,None,0.18,66.4,2.91,233.64,6.92,16556.62
2022-10-14,Store_02,173694,Pharmacy,0,None,0.0,70.0,2.92,232.97,6.98,13409.35
2022-10-21,Store_02,173694,Pharmacy,0,None,0.0,59.9,2.85,233.21,6.87,12609.92
2022-10-28,Store_02,173694,Pharmacy,0,None,0.0,54.9,2.94,233.23,7.14,13649.44
2022-11-04,Store_02,173694,Pharmacy,0,None,0.0,50.4,2.95,232.5,6.82,13177.34
2022-11-11,Store_02,173694,Pharmacy,0,None,0.0,50.1,3.02,233.64,6.9,13260.8
2022-11-18,Store_02,173694,Pharmacy,0,None,0.0,48.8,2.94,233.88,6.94,12586.2
2022-11-25,Store_02,173694,Pharmacy,1,Thanksgiving_BlackFriday,0.0,46.0,3.06,235.27,7.06,15987.97
2022-12-02,Store_02,173694,Pharmacy,0,None,0.0,44.9,3.11,234.13,6.75,12870.51
2022-12-09,Store_02,173694,Pharmacy,0,None,0.18,43.7,3.0,234.57,7.0,14714.11
2022-12-16,Store_02,173694,Pharmacy,0,None,0.0,36.4,3.07,234.6,6.87,12833.29
2022-12-23,Store_02,173694,Pharmacy,1,Christmas_Holiday,0.16,33.7,3.06,234.22,6.75,17750.84
2022-12-30,Store_02,173694,Pharmacy,1,Christmas_Holiday,0.1,41.3,3.19,235.57,6.88,15124.65
2023-01-06,Store_02,173694,Pharmacy,0,None,0.0,35.5,3.27,235.57,6.84,13187.45
2023-01-13,Store_02,173694,Pharmacy,0,None,0.17,37.0,3.35,235.78,6.74,15794.17
2023-01-20,Store_02,173694,Pharmacy,0,None,0.0,37.0,3.31,235.12,6.79,14102.11
2023-01-27,Store_02,173694,Pharmacy,0,None,0.25,37.7,3.43,236.47,6.73,16958.91
2023-02-03,Store_02,173694,Pharmacy,0,None,0.0,37.1,3.31,235.26,6.76,14615.88
2023-02-10,Store_02,173694,Pharmacy,1,Super_Bowl,0.0,35.3,3.33,236.45,6.8,14758.28
2023-02-17,Store_02,173694,Pharmacy,0,None,0.0,35.9,3.44,237.44,6.88,14531.66
2023-02-24,Store_02,173694,Pharmacy,0,None,0.0,42.6,3.5,236.04,6.58,15599.62
2023-03-03,Store_02,173694,Pharmacy,0,None,0.0,41.7,3.51,236.45,6.9,15820.51
2023-03-10,Store_02,173694,Pharmacy,0,None,0.0,39.9,3.44,236.97,6.48,17034.74
2023-03-17,Store_02,173694,Pharmacy,0,None,0.25,43.2,3.57,236.86,6.64,18219.79
2023-03-24,Store_02,173694,Pharmacy,0,None,0.0,48.3,3.53,236.53,6.7,15418.46
2023-03-31,Store_02,173694,Pharmacy,1,Easter,0.13,51.2,3.66,237.53,6.65,20783.82
2023-04-07,Store_02,173694,Pharmacy,1,Easter,0.24,56.0,3.67,237.16,6.55,19868.86
2023-04-14,Store_02,173694,Pharmacy,1,Easter,0.24,61.2,3.63,238.12,6.57,20064.33
2023-04-21,Store_02,173694,Pharmacy,0,None,0.0,58.3,3.67,237.62,6.53,16881.73
2023-04-28,Store_02,173694,Pharmacy,0,None,0.0,60.0,3.66,239.04,6.5,15935.12
2023-05-05,Store_02,173694,Pharmacy,0,None,0.0,69.3,3.73,238.07,6.63,17453.21
2023-05-12,Store_02,173694,Pharmacy,0,None,0.27,68.9,3.79,238.49,6.56,21454.82
2023-05-19,Store_02,173694,Pharmacy,0,None,0.0,70.3,3.71,239.25,6.44,17242.43
2023-05-26,Store_02,173694,Pharmacy,0,None,0.0,70.0,3.8,238.42,6.59,17623.38
2023-06-02,Store_02,173694,Pharmacy,0,None,0.0,77.2,3.76,239.34,6.51,17362.94
2023-06-09,Store_02,173694,Pharmacy,0,None,0.1,71.3,3.75,240.08,6.55,19126.01
2023-06-16,Store_02,173694,Pharmacy,0,None,0.0,84.9,3.79,238.81,6.51,18676.99
2023-06-23,Store_02,173694,Pharmacy,0,None,0.0,81.1,3.75,239.9,6.35,17468.14
2023-06-30,Store_02,173694,Pharmacy,0,None,0.0,82.3,3.77,240.13,6.36,17909.65
2023-07-07,Store_02,173694,Pharmacy,0,None,0.0,86.6,3.74,240.58,6.48,16477.94
2023-07-14,Store_02,173694,Pharmacy,0,None,0.0,88.5,3.89,239.77,6.45,16821.05
2023-07-21,Store_02,173694,Pharmacy,0,None,0.18,85.2,3.79,239.92,6.37,19572.68
2023-07-28,Store_02,173694,Pharmacy,0,None,0.0,86.0,3.75,241.03,6.36,16634.76
2023-08-04,Store_02,173694,Pharmacy,0,None,0.08,86.7,3.78,241.11,6.46,17353.86
2023-08-11,Store_02,173694,Pharmacy,0,None,0.0,85.3,3.76,241.28,6.26,17894.14
2023-08-18,Store_02,173694,Pharmacy,0,None,0.15,82.2,3.74,241.52,6.36,20442.0
2023-08-25,Store_02,173694,Pharmacy,0,None,0.0,77.4,3.76,241.2,6.27,16460.96
2023-09-01,Store_02,173694,Pharmacy,1,Labor_Day,0.0,77.3,3.75,241.85,6.25,17812.05
2023-09-08,Store_02,173694,Pharmacy,1,Labor_Day,0.08,78.1,3.67,242.07,6.37,17507.92
2023-09-15,Store_02,173694,Pharmacy,0,None,0.0,80.4,3.64,241.76,6.32,15745.95
2023-09-22,Store_02,173694,Pharmacy,0,None,0.0,70.8,3.64,243.24,6.31,14991.51
2023-09-29,Store_02,173694,Pharmacy,0,None,0.0,66.3,3.51,242.74,6.34,14767.09
2023-10-06,Store_02,173694,Pharmacy,0,None,0.0,70.4,3.52,242.1,6.19,14176.52
2023-10-13,Store_02,173694,Pharmacy,0,None,0.0,58.3,3.64,243.21,6.24,14460.0
2023-10-20,Store_02,173694,Pharmacy,0,None,0.0,62.0,3.62,242.59,6.13,13517.19
2023-10-27,Store_02,173694,Pharmacy,0,None,0.0,55.4,3.5,243.66,6.18,13013.77
2023-11-03,Store_02,173694,Pharmacy,0,None,0.0,52.5,3.51,244.04,6.12,13460.16
2023-11-10,Store_02,173694,Pharmacy,0,None,0.0,48.9,3.46,243.24,6.12,12470.2
2023-11-17,Store_02,173694,Pharmacy,0,None,0.0,46.1,3.57,244.33,6.16,13569.86
2023-11-24,Store_02,173694,Pharmacy,1,Thanksgiving_BlackFriday,0.0,47.1,3.43,244.24,6.0,15311.6
2023-12-01,Store_02,173694,Pharmacy,0,None,0.0,41.8,3.34,244.64,6.27,13480.37
2023-12-08,Store_02,173694,Pharmacy,0,None,0.0,44.2,3.26,245.37,5.95,13956.6
2023-12-15,Store_02,173694,Pharmacy,0,None,0.0,47.2,3.19,244.49,5.91,13562.03
2023-12-22,Store_02,173694,Pharmacy,1,Christmas_Holiday,0.0,36.7,3.25,244.43,6.13,14982.2
2023-12-29,Store_02,173694,Pharmacy,1,Christmas_Holiday,0.0,30.4,3.16,244.56,6.08,14626.99
2021-01-01,Store_03,180268,Apparel,0,None,0.0,38.6,3.23,214.14,8.42,18493.73
2021-01-08,Store_03,180268,Apparel,0,None,0.08,32.4,3.27,214.91,8.48,22417.55
2021-01-15,Store_03,180268,Apparel,0,None,0.0,32.0,3.27,214.88,8.5,17681.35
2021-01-22,Store_03,180268,Apparel,0,None,0.0,36.5,3.26,215.73,8.48,18721.55
2021-01-29,Store_03,180268,Apparel,0,None,0.0,39.4,3.35,215.32,8.52,18191.27
2021-02-05,Store_03,180268,Apparel,1,Super_Bowl,0.0,34.7,3.34,215.26,8.42,23862.72
2021-02-12,Store_03,180268,Apparel,1,Super_Bowl,0.0,39.9,3.46,216.89,8.55,27607.6
2021-02-19,Store_03,180268,Apparel,0,None,0.0,33.8,3.44,216.23,8.36,19268.94
2021-02-26,Store_03,180268,Apparel,0,None,0.21,36.1,3.44,216.57,8.64,29024.03
2021-03-05,Store_03,180268,Apparel,0,None,0.0,41.7,3.49,216.02,8.42,19810.43
2021-03-12,Store_03,180268,Apparel,0,None,0.0,43.8,3.56,216.65,8.25,22354.33
2021-03-19,Store_03,180268,Apparel,0,None,0.0,46.9,3.54,217.17,8.22,20740.38
2021-03-26,Store_03,180268,Apparel,1,Easter,0.17,50.6,3.56,216.73,8.36,38881.92
2021-04-02,Store_03,180268,Apparel,1,Easter,0.06,51.4,3.64,217.69,8.27,34553.38
2021-04-09,Store_03,180268,Apparel,1,Easter,0.0,53.5,3.66,217.39,8.35,28822.59
2021-04-16,Store_03,180268,Apparel,0,None,0.0,58.2,3.65,217.74,8.31,21348.03
2021-04-23,Store_03,180268,Apparel,0,None,0.0,60.2,3.67,217.78,8.24,23464.73
2021-04-30,Store_03,180268,Apparel,0,None,0.0,65.7,3.73,219.2,8.14,22446.1
2021-05-07,Store_03,180268,Apparel,0,None,0.0,64.1,3.66,218.45,8.06,22927.54
2021-05-14,Store_03,180268,Apparel,0,None,0.0,64.5,3.68,218.12,8.15,23191.08
2021-05-21,Store_03,180268,Apparel,0,None,0.0,76.0,3.73,219.26,8.27,23996.56
2021-05-28,Store_03,180268,Apparel,0,None,0.0,77.2,3.76,218.43,8.18,22802.13
2021-06-04,Store_03,180268,Apparel,0,None,0.12,73.2,3.8,219.34,8.02,29471.17
2021-06-11,Store_03,180268,Apparel,0,None,0.0,74.4,3.86,218.44,8.15,24064.04
2021-06-18,Store_03,180268,Apparel,0,None,0.0,78.9,3.84,218.95,8.15,21899.83
2021-06-25,Store_03,180268,Apparel,0,None,0.0,85.1,3.79,219.91,8.01,24498.09
2021-07-02,Store_03,180268,Apparel,0,None,0.26,80.1,3.8,220.37,8.1,39463.4
2021-07-09,Store_03,180268,Apparel,0,None,0.0,81.9,3.75,220.28,8.07,24448.83
2021-07-16,Store_03,180268,Apparel,0,None,0.0,87.0,3.79,220.33,7.94,22463.92
2021-07-23,Store_03,180268,Apparel,0,None,0.0,91.6,3.78,220.43,8.07,24126.96
2021-07-30,Store_03,180268,Apparel,0,None,0.0,84.8,3.8,220.03,8.08,21431.33
2021-08-06,Store_03,180268,Apparel,0,None,0.0,82.9,3.73,220.6,8.11,21969.3
2021-08-13,Store_03,180268,Apparel,0,None,0.0,85.2,3.79,220.92,8.09,26693.94
2021-08-20,Store_03,180268,Apparel,0,None,0.0,85.5,3.82,221.87,7.83,26461.46
2021-08-27,Store_03,180268,Apparel,0,None,0.0,79.7,3.73,221.71,7.86,26283.99
2021-09-03,Store_03,180268,Apparel,1,Labor_Day,0.0,77.2,3.73,220.85,7.99,35848.37
2021-09-10,Store_03,180268,Apparel,1,Labor_Day,0.0,76.4,3.73,222.09,7.97,34534.5
2021-09-17,Store_03,180268,Apparel,0,None,0.23,79.6,3.65,221.92,7.96,31273.78
2021-09-24,Store_03,180268,Apparel,0,None,0.0,73.5,3.66,221.97,8.28,18997.3
2021-10-01,Store_03,180268,Apparel,0,None,0.0,66.7,3.62,222.81,7.93,21208.75
2021-10-08,Store_03,180268,Apparel,0,None,0.0,68.4,3.6,223.21,7.97,17632.89
2021-10-15,Store_03,180268,Apparel,0,None,0.0,62.3,3.53,223.35,7.94,17599.46
2021-10-22,Store_03,180268,Apparel,0,None,0.0,65.7,3.54,222.66,7.89,19284.41
2021-10-29,Store_03,180268,Apparel,0,None,0.0,60.4,3.54,223.11,7.78,18808.95
2021-11-05,Store_03,180268,Apparel,0,None,0.0,49.7,3.55,223.63,7.87,17941.24
2021-11-12,Store_03,180268,Apparel,0,None,0.0,44.2,3.49,224.14,7.7,17662.42
2021-11-19,Store_03,180268,Apparel,0,None,0.22,47.0,3.52,223.61,7.74,26394.55
2021-11-26,Store_03,180268,Apparel,1,Thanksgiving_BlackFriday,0.27,46.2,3.34,223.95,7.7,51106.58
2021-12-03,Store_03,180268,Apparel,0,None,0.0,46.7,3.39,223.68,7.74,17614.11
2021-12-10,Store_03,180268,Apparel,0,None,0.0,42.6,3.32,223.82,7.95,19017.21
2021-12-17,Store_03,180268,Apparel,0,None,0.0,35.1,3.38,225.02,7.51,16701.95
2021-12-24,Store_03,180268,Apparel,1,Christmas_Holiday,0.0,39.2,3.2,225.49,7.75,32214.78
2021-12-31,Store_03,180268,Apparel,1,Christmas_Holiday,0.0,41.3,3.16,224.96,7.51,30676.56
2022-01-07,Store_03,180268,Apparel,0,None,0.0,40.9,3.13,225.69,7.6,17883.48
2022-01-14,Store_03,180268,Apparel,0,None,0.18,37.6,3.02,225.57,7.74,26752.72
2022-01-21,Store_03,180268,Apparel,0,None,0.21,30.7,3.07,225.25,7.63,26968.56
2022-01-28,Store_03,180268,Apparel,0,None,0.0,36.7,3.02,225.95,7.49,19544.19
2022-02-04,Store_03,180268,Apparel,0,None,0.0,36.0,3.03,226.73,7.52,19229.39
2022-02-11,Store_03,180268,Apparel,1,Super_Bowl,0.29,37.2,3.0,226.14,7.64,40411.72
2022-02-18,Store_03,180268,Apparel,0,None,0.23,38.9,3.05,227.13,7.48,28497.94
2022-02-25,Store_03,180268,Apparel,0,None,0.0,43.9,2.97,225.23,7.56,20434.8
2022-03-04,Store_03,180268,Apparel,0,None,0.0,42.9,2.86,227.14,7.53,22102.93
2022-03-11,Store_03,180268,Apparel,0,None,0.29,43.8,2.81,226.97,7.44,33666.66
2022-03-18,Store_03,180268,Apparel,0,None,0.0,47.3,2.85,226.97,7.7,20547.45
2022-03-25,Store_03,180268,Apparel,1,Easter,0.0,43.4,2.74,227.35,7.54,29383.96
2022-04-01,Store_03,180268,Apparel,1,Easter,0.14,43.3,2.87,226.51,7.26,39869.24
2022-04-08,Store_03,180268,Apparel,1,Easter,0.1,53.0,2.81,227.58,7.46,38423.44
2022-04-15,Store_03,180268,Apparel,1,Easter,0.0,58.6,2.7,228.06,7.36,32785.08
2022-04-22,Store_03,180268,Apparel,0,None,0.0,55.8,2.62,228.82,7.5,24261.13
2022-04-29,Store_03,180268,Apparel,0,None,0.07,60.3,2.75,228.01,7.31,26459.16
2022-05-06,Store_03,180268,Apparel,0,None,0.0,64.6,2.66,228.06,7.37,24069.04
2022-05-13,Store_03,180268,Apparel,0,None,0.0,71.1,2.71,228.4,7.41,23972.31
2022-05-20,Store_03,180268,Apparel,0,None,0.0,74.5,2.56,229.3,7.43,23888.67
2022-05-27,Store_03,180268,Apparel,0,None,0.0,70.5,2.6,229.2,7.21,23352.31
2022-06-03,Store_03,180268,Apparel,0,None,0.0,79.6,2.62,228.97,7.28,25227.22
2022-06-10,Store_03,180268,Apparel,0,None,0.0,78.3,2.61,229.68,7.25,23415.78
2022-06-17,Store_03,180268,Apparel,0,None,0.06,83.0,2.58,229.66,7.22,26737.49
2022-06-24,Store_03,180268,Apparel,0,None,0.24,80.7,2.63,230.29,7.44,36920.22
2022-07-01,Store_03,180268,Apparel,0,None,0.0,82.4,2.55,229.65,7.29,27187.88
2022-07-08,Store_03,180268,Apparel,0,None,0.0,85.2,2.59,230.03,7.11,25242.35
2022-07-15,Store_03,180268,Apparel,0,None,0.0,82.1,2.61,230.19,7.31,23763.01
2022-07-22,Store_03,180268,Apparel,0,None,0.0,87.3,2.64,229.85,7.41,22953.92
2022-07-29,Store_03,180268,Apparel,0,None,0.0,83.8,2.65,230.92,7.29,22174.64
2022-08-05,Store_03,180268,Apparel,0,None,0.0,84.6,2.57,231.09,7.02,23591.83
2022-08-12,Store_03,180268,Apparel,0,None,0.19,87.3,2.56,231.16,7.11,41014.97
2022-08-19,Store_03,180268,Apparel,0,None,0.0,84.1,2.72,231.23,7.26,28409.01
2022-08-26,Store_03,180268,Apparel,0,None,0.0,78.2,2.69,230.83,7.05,27438.85
2022-09-02,Store_03,180268,Apparel,1,Labor_Day,0.22,77.6,2.65,231.52,7.15,54891.04
2022-09-09,Store_03,180268,Apparel,1,Labor_Day,0.0,72.5,2.78,231.75,7.17,34525.99
2022-09-16,Store_03,180268,Apparel,0,None,0.0,79.6,2.73,231.71,6.98,22074.36
2022-09-23,Store_03,180268,Apparel,0,None,0.1,73.1,2.81,232.23,7.05,23737.62
2022-09-30,Store_03,180268,Apparel,0,None,0.0,73.1,2.78,232.7,6.72,19415.61
2022-10-07,Store_03,180268,Apparel,0,None,0.07,69.9,2.91,233.64,6.92,23368.37
2022-10-14,Store_03,180268,Apparel,0,None,0.0,70.6,2.92,232.97,6.98,17455.68
2022-10-21,Store_03,180268,Apparel,0,None,0.0,61.0,2.85,233.21,6.87,19957.18
2022-10-28,Store_03,180268,Apparel,0,None,0.0,51.8,2.94,233.23,7.14,18735.2
2022-11-04,Store_03,180268,Apparel,0,None,0.18,53.9,2.95,232.5,6.82,26441.43
2022-11-11,Store_03,180268,Apparel,0,None,0.0,52.5,3.02,233.64,6.9,18388.38
2022-11-18,Store_03,180268,Apparel,0,None,0.0,48.6,2.94,233.88,6.94,17889.93
2022-11-25,Store_03,180268,Apparel,1,Thanksgiving_BlackFriday,0.06,48.3,3.06,235.27,7.06,37398.64
2022-12-02,Store_03,180268,Apparel,0,None,0.0,41.9,3.11,234.13,6.75,18413.26
2022-12-09,Store_03,180268,Apparel,0,None,0.0,33.3,3.0,234.57,7.0,17055.53
2022-12-16,Store_03,180268,Apparel,0,None,0.0,44.1,3.07,234.6,6.87,18494.23
2022-12-23,Store_03,180268,Apparel,1,Christmas_Holiday,0.0,39.6,3.06,234.22,6.75,34886.25
2022-12-30,Store_03,180268,Apparel,1,Christmas_Holiday,0.07,34.4,3.19,235.57,6.88,37364.29
2023-01-06,Store_03,180268,Apparel,0,None,0.0,36.1,3.27,235.57,6.84,19097.93
2023-01-13,Store_03,180268,Apparel,0,None,0.0,38.5,3.35,235.78,6.74,20332.71
2023-01-20,Store_03,180268,Apparel,0,None,0.0,36.4,3.31,235.12,6.79,19483.43
2023-01-27,Store_03,180268,Apparel,0,None,0.0,39.6,3.43,236.47,6.73,17536.78
2023-02-03,Store_03,180268,Apparel,0,None,0.0,32.5,3.31,235.26,6.76,20410.7
2023-02-10,Store_03,180268,Apparel,1,Super_Bowl,0.17,40.5,3.33,236.45,6.8,41230.13
2023-02-17,Store_03,180268,Apparel,0,None,0.0,36.5,3.44,237.44,6.88,19784.95
2023-02-24,Store_03,180268,Apparel,0,None,0.0,40.1,3.5,236.04,6.58,21541.1
2023-03-03,Store_03,180268,Apparel,0,None,0.09,35.9,3.51,236.45,6.9,25526.2
2023-03-10,Store_03,180268,Apparel,0,None,0.0,44.2,3.44,236.97,6.48,23045.45
2023-03-17,Store_03,180268,Apparel,0,None,0.0,37.2,3.57,236.86,6.64,23807.68
2023-03-24,Store_03,180268,Apparel,0,None,0.0,47.6,3.53,236.53,6.7,21048.27
2023-03-31,Store_03,180268,Apparel,1,Easter,0.0,47.4,3.66,237.53,6.65,29349.35
2023-04-07,Store_03,180268,Apparel,1,Easter,0.11,58.0,3.67,237.16,6.55,36814.32
2023-04-14,Store_03,180268,Apparel,1,Easter,0.0,62.2,3.63,238.12,6.57,33287.37
2023-04-21,Store_03,180268,Apparel,0,None,0.0,57.0,3.67,237.62,6.53,24260.75
2023-04-28,Store_03,180268,Apparel,0,None,0.0,57.9,3.66,239.04,6.5,25555.69
2023-05-05,Store_03,180268,Apparel,0,None,0.2,60.9,3.73,238.07,6.63,36581.55
2023-05-12,Store_03,180268,Apparel,0,None,0.0,70.9,3.79,238.49,6.56,23827.49
2023-05-19,Store_03,180268,Apparel,0,None,0.0,78.2,3.71,239.25,6.44,25219.58
2023-05-26,Store_03,180268,Apparel,0,None,0.0,76.0,3.8,238.42,6.59,26444.41
2023-06-02,Store_03,180268,Apparel,0,None,0.0,83.7,3.76,239.34,6.51,25474.31
2023-06-09,Store_03,180268,Apparel,0,None,0.0,73.8,3.75,240.08,6.55,25808.24
2023-06-16,Store_03,180268,Apparel,0,None,0.0,80.5,3.79,238.81,6.51,24304.06
2023-06-23,Store_03,180268,Apparel,0,None,0.24,81.7,3.75,239.9,6.35,40420.57
2023-06-30,Store_03,180268,Apparel,0,None,0.19,84.6,3.77,240.13,6.36,34120.34
2023-07-07,Store_03,180268,Apparel,0,None,0.08,82.0,3.74,240.58,6.48,28439.29
2023-07-14,Store_03,180268,Apparel,0,None,0.0,83.8,3.89,239.77,6.45,24093.39
2023-07-21,Store_03,180268,Apparel,0,None,0.2,83.8,3.79,239.92,6.37,34380.02
2023-07-28,Store_03,180268,Apparel,0,None,0.0,84.7,3.75,241.03,6.36,22782.19
2023-08-04,Store_03,180268,Apparel,0,None,0.0,82.5,3.78,241.11,6.46,23064.08
2023-08-11,Store_03,180268,Apparel,0,None,0.22,88.8,3.76,241.28,6.26,44564.45
2023-08-18,Store_03,180268,Apparel,0,None,0.25,82.7,3.74,241.52,6.36,42640.17
2023-08-25,Store_03,180268,Apparel,0,None,0.0,81.6,3.76,241.2,6.27,29183.78
2023-09-01,Store_03,180268,Apparel,1,Labor_Day,0.21,78.5,3.75,241.85,6.25,55993.42
2023-09-08,Store_03,180268,Apparel,1,Labor_Day,0.29,76.2,3.67,242.07,6.37,59830.35
2023-09-15,Store_03,180268,Apparel,0,None,0.0,75.7,3.64,241.76,6.32,22469.57
2023-09-22,Store_03,180268,Apparel,0,None,0.0,63.5,3.64,243.24,6.31,20943.19
2023-09-29,Store_03,180268,Apparel,0,None,0.27,63.7,3.51,242.74,6.34,32160.54
2023-10-06,Store_03,180268,Apparel,0,None,0.0,66.7,3.52,242.1,6.19,20880.54
2023-10-13,Store_03,180268,Apparel,0,None,0.11,63.4,3.64,243.21,6.24,25840.59
2023-10-20,Store_03,180268,Apparel,0,None,0.18,62.3,3.62,242.59,6.13,26730.89
2023-10-27,Store_03,180268,Apparel,0,None,0.0,55.3,3.5,243.66,6.18,19560.27
2023-11-03,Store_03,180268,Apparel,0,None,0.0,50.7,3.51,244.04,6.12,19400.68
2023-11-10,Store_03,180268,Apparel,0,None,0.13,51.6,3.46,243.24,6.12,22702.77
2023-11-17,Store_03,180268,Apparel,0,None,0.0,46.3,3.57,244.33,6.16,19605.66
2023-11-24,Store_03,180268,Apparel,1,Thanksgiving_BlackFriday,0.21,46.3,3.43,244.24,6.0,50777.78
2023-12-01,Store_03,180268,Apparel,0,None,0.0,46.8,3.34,244.64,6.27,18764.34
2023-12-08,Store_03,180268,Apparel,0,None,0.0,43.7,3.26,245.37,5.95,17131.52
2023-12-15,Store_03,180268,Apparel,0,None,0.16,35.2,3.19,244.49,5.91,24734.37
2023-12-22,Store_03,180268,Apparel,1,Christmas_Holiday,0.0,38.0,3.25,244.43,6.13,35801.89
2023-12-29,Store_03,180268,Apparel,1,Christmas_Holiday,0.19,40.9,3.16,244.56,6.08,50608.26
2021-01-01,Store_03,180268,Electronics,0,None,0.0,36.5,3.23,214.14,8.42,22003.6
2021-01-08,Store_03,180268,Electronics,0,None,0.0,34.8,3.27,214.91,8.48,20544.18
2021-01-15,Store_03,180268,Electronics,0,None,0.0,43.7,3.27,214.88,8.5,22764.37
2021-01-22,Store_03,180268,Electronics,0,None,0.19,32.5,3.26,215.73,8.48,33246.62
2021-01-29,Store_03,180268,Electronics,0,None,0.0,34.1,3.35,215.32,8.52,20764.16
2021-02-05,Store_03,180268,Electronics,1,Super_Bowl,0.06,36.5,3.34,215.26,8.42,42101.71
2021-02-12,Store_03,180268,Electronics,1,Super_Bowl,0.0,32.8,3.46,216.89,8.55,35996.46
2021-02-19,Store_03,180268,Electronics,0,None,0.0,39.6,3.44,216.23,8.36,26615.97
2021-02-26,Store_03,180268,Electronics,0,None,0.0,32.3,3.44,216.57,8.64,22774.57
2021-03-05,Store_03,180268,Electronics,0,None,0.0,33.8,3.49,216.02,8.42,24638.17
2021-03-12,Store_03,180268,Electronics,0,None,0.17,44.8,3.56,216.65,8.25,33785.48
2021-03-19,Store_03,180268,Electronics,0,None,0.0,46.3,3.54,217.17,8.22,26025.92
2021-03-26,Store_03,180268,Electronics,1,Easter,0.0,47.7,3.56,216.73,8.36,43389.08
2021-04-02,Store_03,180268,Electronics,1,Easter,0.0,44.6,3.64,217.69,8.27,37201.32
2021-04-09,Store_03,180268,Electronics,1,Easter,0.0,52.9,3.66,217.39,8.35,39471.53
2021-04-16,Store_03,180268,Electronics,0,None,0.0,58.0,3.65,217.74,8.31,28628.13
2021-04-23,Store_03,180268,Electronics,0,None,0.2,64.3,3.67,217.78,8.24,37107.28
2021-04-30,Store_03,180268,Electronics,0,None,0.0,65.1,3.73,219.2,8.14,27942.87
2021-05-07,Store_03,180268,Electronics,0,None,0.3,63.5,3.66,218.45,8.06,52402.9
2021-05-14,Store_03,180268,Electronics,0,None,0.0,70.7,3.68,218.12,8.15,27937.71
2021-05-21,Store_03,180268,Electronics,0,None,0.0,66.6,3.73,219.26,8.27,26775.61
2021-05-28,Store_03,180268,Electronics,0,None,0.09,75.1,3.76,218.43,8.18,35638.73
2021-06-04,Store_03,180268,Electronics,0,None,0.0,78.6,3.8,219.34,8.02,29241.52
2021-06-11,Store_03,180268,Electronics,0,None,0.0,77.5,3.86,218.44,8.15,27058.32
2021-06-18,Store_03,180268,Electronics,0,None,0.0,77.0,3.84,218.95,8.15,29443.6
2021-06-25,Store_03,180268,Electronics,0,None,0.0,78.5,3.79,219.91,8.01,27069.46
2021-07-02,Store_03,180268,Electronics,0,None,0.0,82.3,3.8,220.37,8.1,32182.13
2021-07-09,Store_03,180268,Electronics,0,None,0.0,81.3,3.75,220.28,8.07,27601.71
2021-07-16,Store_03,180268,Electronics,0,None,0.0,86.7,3.79,220.33,7.94,26815.68
2021-07-23,Store_03,180268,Electronics,0,None,0.0,79.6,3.78,220.43,8.07,27215.33
2021-07-30,Store_03,180268,Electronics,0,None,0.0,84.0,3.8,220.03,8.08,29160.05
2021-08-06,Store_03,180268,Electronics,0,None,0.0,88.0,3.73,220.6,8.11,25909.96
2021-08-13,Store_03,180268,Electronics,0,None,0.0,82.8,3.79,220.92,8.09,26316.16
2021-08-20,Store_03,180268,Electronics,0,None,0.0,80.0,3.82,221.87,7.83,26965.69
2021-08-27,Store_03,180268,Electronics,0,None,0.08,77.9,3.73,221.71,7.86,29500.29
2021-09-03,Store_03,180268,Electronics,1,Labor_Day,0.0,82.4,3.73,220.85,7.99,37048.75
2021-09-10,Store_03,180268,Electronics,1,Labor_Day,0.0,77.7,3.73,222.09,7.97,39058.63
2021-09-17,Store_03,180268,Electronics,0,None,0.0,71.2,3.65,221.92,7.96,25475.69
2021-09-24,Store_03,180268,Electronics,0,None,0.0,67.1,3.66,221.97,8.28,23003.19
2021-10-01,Store_03,180268,Electronics,0,None,0.0,67.4,3.62,222.81,7.93,21753.18
2021-10-08,Store_03,180268,Electronics,0,None,0.0,64.9,3.6,223.21,7.97,22196.75
2021-10-15,Store_03,180268,Electronics,0,None,0.0,58.7,3.53,223.35,7.94,23529.41
2021-10-22,Store_03,180268,Electronics,0,None,0.0,63.0,3.54,222.66,7.89,23682.77
2021-10-29,Store_03,180268,Electronics,0,None,0.27,55.4,3.54,223.11,7.78,33269.35
2021-11-05,Store_03,180268,Electronics,0,None,0.0,55.0,3.55,223.63,7.87,22011.78
2021-11-12,Store_03,180268,Electronics,0,None,0.0,54.3,3.49,224.14,7.7,21748.63
2021-11-19,Store_03,180268,Electronics,0,None,0.0,45.1,3.52,223.61,7.74,23174.01
2021-11-26,Store_03,180268,Electronics,1,Thanksgiving_BlackFriday,0.0,43.1,3.34,223.95,7.7,50175.16
2021-12-03,Store_03,180268,Electronics,0,None,0.15,44.6,3.39,223.68,7.74,30177.63
2021-12-10,Store_03,180268,Electronics,0,None,0.0,35.7,3.32,223.82,7.95,21133.22
2021-12-17,Store_03,180268,Electronics,0,None,0.0,40.9,3.38,225.02,7.51,22580.3
2021-12-24,Store_03,180268,Electronics,1,Christmas_Holiday,0.19,38.3,3.2,225.49,7.75,67846.06
2021-12-31,Store_03,180268,Electronics,1,Christmas_Holiday,0.0,38.4,3.16,224.96,7.51,48251.94
2022-01-07,Store_03,180268,Electronics,0,None,0.0,33.0,3.13,225.69,7.6,21799.63
2022-01-14,Store_03,180268,Electronics,0,None,0.0,32.8,3.02,225.57,7.74,22776.81
2022-01-21,Store_03,180268,Electronics,0,None,0.0,33.4,3.07,225.25,7.63,24767.51
2022-01-28,Store_03,180268,Electronics,0,None,0.0,36.5,3.02,225.95,7.49,24827.23
2022-02-04,Store_03,180268,Electronics,0,None,0.0,41.1,3.03,226.73,7.52,22657.54
2022-02-11,Store_03,180268,Electronics,1,Super_Bowl,0.08,38.9,3.0,226.14,7.64,44658.18
2022-02-18,Store_03,180268,Electronics,0,None,0.0,33.2,3.05,227.13,7.48,25720.77
2022-02-25,Store_03,180268,Electronics,0,None,0.0,41.5,2.97,225.23,7.56,23530.11
2022-03-04,Store_03,180268,Electronics,0,None,0.07,36.8,2.86,227.14,7.53,30154.41
2022-03-11,Store_03,180268,Electronics,0,None,0.06,43.5,2.81,226.97,7.44,29057.73
2022-03-18,Store_03,180268,Electronics,0,None,0.0,48.2,2.85,226.97,7.7,26896.07
2022-03-25,Store_03,180268,Electronics,1,Easter,0.22,48.7,2.74,227.35,7.54,69372.89
2022-04-01,Store_03,180268,Electronics,1,Easter,0.1,49.4,2.87,226.51,7.26,59407.59
2022-04-08,Store_03,180268,Electronics,1,Easter,0.0,56.7,2.81,227.58,7.46,44544.21
2022-04-15,Store_03,180268,Electronics,1,Easter,0.23,60.7,2.7,228.06,7.36,70472.44
2022-04-22,Store_03,180268,Electronics,0,None,0.0,60.0,2.62,228.82,7.5,28625.71
2022-04-29,Store_03,180268,Electronics,0,None,0.0,61.9,2.75,228.01,7.31,29605.66
2022-05-06,Store_03,180268,Electronics,0,None,0.09,64.1,2.66,228.06,7.37,38085.81
2022-05-13,Store_03,180268,Electronics,0,None,0.0,70.7,2.71,228.4,7.41,30823.64
2022-05-20,Store_03,180268,Electronics,0,None,0.0,75.3,2.56,229.3,7.43,32192.27
2022-05-27,Store_03,180268,Electronics,0,None,0.0,75.4,2.6,229.2,7.21,30156.42
2022-06-03,Store_03,180268,Electronics,0,None,0.1,81.8,2.62,228.97,7.28,37996.92
2022-06-10,Store_03,180268,Electronics,0,None,0.0,81.0,2.61,229.68,7.25,28871.24
2022-06-17,Store_03,180268,Electronics,0,None,0.0,82.1,2.58,229.66,7.22,29701.1
2022-06-24,Store_03,180268,Electronics,0,None,0.0,84.1,2.63,230.29,7.44,30518.86
2022-07-01,Store_03,180268,Electronics,0,None,0.0,79.9,2.55,229.65,7.29,29024.72
2022-07-08,Store_03,180268,Electronics,0,None,0.28,81.2,2.59,230.03,7.11,46685.62
2022-07-15,Store_03,180268,Electronics,0,None,0.0,83.1,2.61,230.19,7.31,30717.45
2022-07-22,Store_03,180268,Electronics,0,None,0.0,82.5,2.64,229.85,7.41,30364.8
2022-07-29,Store_03,180268,Electronics,0,None,0.0,84.3,2.65,230.92,7.29,29301.57
2022-08-05,Store_03,180268,Electronics,0,None,0.0,81.7,2.57,231.09,7.02,29275.4
2022-08-12,Store_03,180268,Electronics,0,None,0.0,84.3,2.56,231.16,7.11,28251.6
2022-08-19,Store_03,180268,Electronics,0,None,0.0,83.3,2.72,231.23,7.26,25738.77
2022-08-26,Store_03,180268,Electronics,0,None,0.0,83.5,2.69,230.83,7.05,26744.04
2022-09-02,Store_03,180268,Electronics,1,Labor_Day,0.21,79.1,2.65,231.52,7.15,56813.83
2022-09-09,Store_03,180268,Electronics,1,Labor_Day,0.12,74.8,2.78,231.75,7.17,52910.88
2022-09-16,Store_03,180268,Electronics,0,None,0.0,71.5,2.73,231.71,6.98,25044.21
2022-09-23,Store_03,180268,Electronics,0,None,0.0,68.5,2.81,232.23,7.05,26038.09
2022-09-30,Store_03,180268,Electronics,0,None,0.0,71.3,2.78,232.7,6.72,24482.53
2022-10-07,Store_03,180268,Electronics,0,None,0.0,72.1,2.91,233.64,6.92,24433.41
2022-10-14,Store_03,180268,Electronics,0,None,0.0,61.8,2.92,232.97,6.98,21777.26
2022-10-21,Store_03,180268,Electronics,0,None,0.0,60.0,2.85,233.21,6.87,24845.8
2022-10-28,Store_03,180268,Electronics,0,None,0.0,60.0,2.94,233.23,7.14,24312.97
2022-11-04,Store_03,180268,Electronics,0,None,0.0,51.9,2.95,232.5,6.82,22989.84
2022-11-11,Store_03,180268,Electronics,0,None,0.0,54.2,3.02,233.64,6.9,24071.84
2022-11-18,Store_03,180268,Electronics,0,None,0.0,49.8,2.94,233.88,6.94,22526.45
2022-11-25,Store_03,180268,Electronics,1,Thanksgiving_BlackFriday,0.0,48.0,3.06,235.27,7.06,50454.99
2022-12-02,Store_03,180268,Electronics,0,None,0.0,42.6,3.11,234.13,6.75,21254.05
2022-12-09,Store_03,180268,Electronics,0,None,0.0,38.0,3.0,234.57,7.0,22739.71
2022-12-16,Store_03,180268,Electronics,0,None,0.0,34.9,3.07,234.6,6.87,21512.96
2022-12-23,Store_03,180268,Electronics,1,Christmas_Holiday,0.12,43.1,3.06,234.22,6.75,61376.71
2022-12-30,Store_03,180268,Electronics,1,Christmas_Holiday,0.19,40.6,3.19,235.57,6.88,71255.62
2023-01-06,Store_03,180268,Electronics,0,None,0.0,40.5,3.27,235.57,6.84,23354.13
2023-01-13,Store_03,180268,Electronics,0,None,0.0,34.2,3.35,235.78,6.74,22970.83
2023-01-20,Store_03,180268,Electronics,0,None,0.0,34.7,3.31,235.12,6.79,24252.32
2023-01-27,Store_03,180268,Electronics,0,None,0.0,35.1,3.43,236.47,6.73,24732.91
2023-02-03,Store_03,180268,Electronics,0,None,0.07,36.5,3.31,235.26,6.76,29697.69
2023-02-10,Store_03,180268,Electronics,1,Super_Bowl,0.0,36.3,3.33,236.45,6.8,36958.86
2023-02-17,Store_03,180268,Electronics,0,None,0.25,38.1,3.44,237.44,6.88,41335.31
2023-02-24,Store_03,180268,Electronics,0,None,0.0,37.3,3.5,236.04,6.58,26714.63
2023-03-03,Store_03,180268,Electronics,0,None,0.2,38.0,3.51,236.45,6.9,40088.22
2023-03-10,Store_03,180268,Electronics,0,None,0.0,41.2,3.44,236.97,6.48,29561.95
2023-03-17,Store_03,180268,Electronics,0,None,0.24,43.2,3.57,236.86,6.64,45181.88
2023-03-24,Store_03,180268,Electronics,0,None,0.22,44.6,3.53,236.53,6.7,42436.4
2023-03-31,Store_03,180268,Electronics,1,Easter,0.24,48.0,3.66,237.53,6.65,70628.08
2023-04-07,Store_03,180268,Electronics,1,Easter,0.0,53.0,3.67,237.16,6.55,45357.83
2023-04-14,Store_03,180268,Electronics,1,Easter,0.15,53.3,3.63,238.12,6.57,63779.94
2023-04-21,Store_03,180268,Electronics,0,None,0.0,63.8,3.67,237.62,6.53,28752.61
2023-04-28,Store_03,180268,Electronics,0,None,0.23,58.6,3.66,239.04,6.5,50155.52
2023-05-05,Store_03,180268,Electronics,0,None,0.0,66.1,3.73,238.07,6.63,28948.0
2023-05-12,Store_03,180268,Electronics,0,None,0.14,65.1,3.79,238.49,6.56,40960.95
2023-05-19,Store_03,180268,Electronics,0,None,0.0,71.7,3.71,239.25,6.44,30228.4
2023-05-26,Store_03,180268,Electronics,0,None,0.0,74.1,3.8,238.42,6.59,28321.15
2023-06-02,Store_03,180268,Electronics,0,None,0.0,76.1,3.76,239.34,6.51,31138.53
2023-06-09,Store_03,180268,Electronics,0,None,0.0,77.6,3.75,240.08,6.55,30637.54
2023-06-16,Store_03,180268,Electronics,0,None,0.0,76.3,3.79,238.81,6.51,30099.05
2023-06-23,Store_03,180268,Electronics,0,None,0.08,79.5,3.75,239.9,6.35,37987.66
2023-06-30,Store_03,180268,Electronics,0,None,0.0,84.7,3.77,240.13,6.36,28997.65
2023-07-07,Store_03,180268,Electronics,0,None,0.0,83.1,3.74,240.58,6.48,30800.22
2023-07-14,Store_03,180268,Electronics,0,None,0.0,87.4,3.89,239.77,6.45,28774.11
2023-07-21,Store_03,180268,Electronics,0,None,0.0,79.7,3.79,239.92,6.37,31435.49
2023-07-28,Store_03,180268,Electronics,0,None,0.0,84.4,3.75,241.03,6.36,30568.5
2023-08-04,Store_03,180268,Electronics,0,None,0.1,78.5,3.78,241.11,6.46,34424.04
2023-08-11,Store_03,180268,Electronics,0,None,0.0,82.2,3.76,241.28,6.26,28736.78
2023-08-18,Store_03,180268,Electronics,0,None,0.0,78.5,3.74,241.52,6.36,27411.72
2023-08-25,Store_03,180268,Electronics,0,None,0.0,85.2,3.76,241.2,6.27,26067.39
2023-09-01,Store_03,180268,Electronics,1,Labor_Day,0.17,84.6,3.75,241.85,6.25,60673.01
2023-09-08,Store_03,180268,Electronics,1,Labor_Day,0.0,80.1,3.67,242.07,6.37,39900.96
2023-09-15,Store_03,180268,Electronics,0,None,0.13,74.2,3.64,241.76,6.32,36194.38
2023-09-22,Store_03,180268,Electronics,0,None,0.0,73.6,3.64,243.24,6.31,23235.48
2023-09-29,Store_03,180268,Electronics,0,None,0.0,68.4,3.51,242.74,6.34,25073.36
2023-10-06,Store_03,180268,Electronics,0,None,0.06,64.9,3.52,242.1,6.19,27072.99
2023-10-13,Store_03,180268,Electronics,0,None,0.0,66.1,3.64,243.21,6.24,24184.07
2023-10-20,Store_03,180268,Electronics,0,None,0.0,56.7,3.62,242.59,6.13,24430.83
2023-10-27,Store_03,180268,Electronics,0,None,0.0,59.9,3.5,243.66,6.18,22883.13
2023-11-03,Store_03,180268,Electronics,0,None,0.0,58.8,3.51,244.04,6.12,25743.8
2023-11-10,Store_03,180268,Electronics,0,None,0.0,45.6,3.46,243.24,6.12,22996.45
2023-11-17,Store_03,180268,Electronics,0,None,0.0,44.5,3.57,244.33,6.16,22232.78
2023-11-24,Store_03,180268,Electronics,1,Thanksgiving_BlackFriday,0.0,44.9,3.43,244.24,6.0,50450.36
2023-12-01,Store_03,180268,Electronics,0,None,0.0,34.8,3.34,244.64,6.27,22928.26
2023-12-08,Store_03,180268,Electronics,0,None,0.0,46.9,3.26,245.37,5.95,23156.24
2023-12-15,Store_03,180268,Electronics,0,None,0.0,42.3,3.19,244.49,5.91,23771.66
2023-12-22,Store_03,180268,Electronics,1,Christmas_Holiday,0.0,36.0,3.25,244.43,6.13,50390.99
2023-12-29,Store_03,180268,Electronics,1,Christmas_Holiday,0.0,35.5,3.16,244.56,6.08,50891.87
2021-01-01,Store_03,180268,Grocery,0,None,0.0,32.5,3.23,214.14,8.42,29690.6
2021-01-08,Store_03,180268,Grocery,0,None,0.0,37.0,3.27,214.91,8.48,29135.2
2021-01-15,Store_03,180268,Grocery,0,None,0.0,33.6,3.27,214.88,8.5,29960.65
2021-01-22,Store_03,180268,Grocery,0,None,0.0,36.4,3.26,215.73,8.48,28105.9
2021-01-29,Store_03,180268,Grocery,0,None,0.0,29.6,3.35,215.32,8.52,29049.58
2021-02-05,Store_03,180268,Grocery,1,Super_Bowl,0.0,38.0,3.34,215.26,8.42,35090.1
2021-02-12,Store_03,180268,Grocery,1,Super_Bowl,0.0,33.7,3.46,216.89,8.55,34269.51
2021-02-19,Store_03,180268,Grocery,0,None,0.16,41.1,3.44,216.23,8.36,35189.29
2021-02-26,Store_03,180268,Grocery,0,None,0.0,36.5,3.44,216.57,8.64,33366.76
2021-03-05,Store_03,180268,Grocery,0,None,0.13,37.0,3.49,216.02,8.42,36237.07
2021-03-12,Store_03,180268,Grocery,0,None,0.0,47.5,3.56,216.65,8.25,31906.75
2021-03-19,Store_03,180268,Grocery,0,None,0.19,47.4,3.54,217.17,8.22,41944.85
2021-03-26,Store_03,180268,Grocery,1,Easter,0.0,49.0,3.56,216.73,8.36,36074.27
2021-04-02,Store_03,180268,Grocery,1,Easter,0.0,49.0,3.64,217.69,8.27,38355.46
2021-04-09,Store_03,180268,Grocery,1,Easter,0.16,53.3,3.66,217.39,8.35,47945.83
2021-04-16,Store_03,180268,Grocery,0,None,0.0,60.6,3.65,217.74,8.31,33492.36
2021-04-23,Store_03,180268,Grocery,0,None,0.09,57.1,3.67,217.78,8.24,40601.43
2021-04-30,Store_03,180268,Grocery,0,None,0.0,61.0,3.73,219.2,8.14,35269.56
2021-05-07,Store_03,180268,Grocery,0,None,0.27,68.3,3.66,218.45,8.06,45813.92
2021-05-14,Store_03,180268,Grocery,0,None,0.0,70.1,3.68,218.12,8.15,37883.45
2021-05-21,Store_03,180268,Grocery,0,None,0.0,68.9,3.73,219.26,8.27,36262.81
2021-05-28,Store_03,180268,Grocery,0,None,0.0,67.6,3.76,218.43,8.18,38513.79
2021-06-04,Store_03,180268,Grocery,0,None,0.0,73.8,3.8,219.34,8.02,37191.75
2021-06-11,Store_03,180268,Grocery,0,None,0.0,82.2,3.86,218.44,8.15,35752.89
2021-06-18,Store_03,180268,Grocery,0,None,0.0,75.8,3.84,218.95,8.15,34273.74
2021-06-25,Store_03,180268,Grocery,0,None,0.0,81.3,3.79,219.91,8.01,35913.01
2021-07-02,Store_03,180268,Grocery,0,None,0.0,82.5,3.8,220.37,8.1,36386.83
2021-07-09,Store_03,180268,Grocery,0,None,0.0,79.8,3.75,220.28,8.07,37363.19
2021-07-16,Store_03,180268,Grocery,0,None,0.0,87.2,3.79,220.33,7.94,34330.4
2021-07-23,Store_03,180268,Grocery,0,None,0.0,81.6,3.78,220.43,8.07,35606.75
2021-07-30,Store_03,180268,Grocery,0,None,0.11,89.1,3.8,220.03,8.08,39769.79
2021-08-06,Store_03,180268,Grocery,0,None,0.0,89.8,3.73,220.6,8.11,35745.59
2021-08-13,Store_03,180268,Grocery,0,None,0.1,81.7,3.79,220.92,8.09,37124.72
2021-08-20,Store_03,180268,Grocery,0,None,0.0,87.2,3.82,221.87,7.83,33899.89
2021-08-27,Store_03,180268,Grocery,0,None,0.0,77.9,3.73,221.71,7.86,35110.32
2021-09-03,Store_03,180268,Grocery,1,Labor_Day,0.29,74.2,3.73,220.85,7.99,48361.42
2021-09-10,Store_03,180268,Grocery,1,Labor_Day,0.0,70.0,3.73,222.09,7.97,38846.4
2021-09-17,Store_03,180268,Grocery,0,None,0.0,69.8,3.65,221.92,7.96,31877.15
2021-09-24,Store_03,180268,Grocery,0,None,0.28,73.8,3.66,221.97,8.28,38282.34
2021-10-01,Store_03,180268,Grocery,0,None,0.0,69.8,3.62,222.81,7.93,30817.63
2021-10-08,Store_03,180268,Grocery,0,None,0.0,62.2,3.6,223.21,7.97,28895.43
2021-10-15,Store_03,180268,Grocery,0,None,0.0,63.0,3.53,223.35,7.94,30485.25
2021-10-22,Store_03,180268,Grocery,0,None,0.0,58.8,3.54,222.66,7.89,28347.53
2021-10-29,Store_03,180268,Grocery,0,None,0.0,55.4,3.54,223.11,7.78,29548.27
2021-11-05,Store_03,180268,Grocery,0,None,0.0,51.7,3.55,223.63,7.87,27755.14
2021-11-12,Store_03,180268,Grocery,0,None,0.0,45.2,3.49,224.14,7.7,26792.18
2021-11-19,Store_03,180268,Grocery,0,None,0.0,47.2,3.52,223.61,7.74,28669.94
2021-11-26,Store_03,180268,Grocery,1,Thanksgiving_BlackFriday,0.17,45.5,3.34,223.95,7.7,44840.15
2021-12-03,Store_03,180268,Grocery,0,None,0.06,42.2,3.39,223.68,7.74,27795.94
2021-12-10,Store_03,180268,Grocery,0,None,0.11,43.7,3.32,223.82,7.95,31458.44
2021-12-17,Store_03,180268,Grocery,0,None,0.0,40.5,3.38,225.02,7.51,27741.88
2021-12-24,Store_03,180268,Grocery,1,Christmas_Holiday,0.12,37.7,3.2,225.49,7.75,41108.67
2021-12-31,Store_03,180268,Grocery,1,Christmas_Holiday,0.0,33.2,3.16,224.96,7.51,40797.79
2022-01-07,Store_03,180268,Grocery,0,None,0.1,35.3,3.13,225.69,7.6,34909.26
2022-01-14,Store_03,180268,Grocery,0,None,0.15,38.6,3.02,225.57,7.74,36266.38
2022-01-21,Store_03,180268,Grocery,0,None,0.0,38.0,3.07,225.25,7.63,28801.71
2022-01-28,Store_03,180268,Grocery,0,None,0.0,34.3,3.02,225.95,7.49,27598.17
2022-02-04,Store_03,180268,Grocery,0,None,0.0,34.9,3.03,226.73,7.52,28049.62
2022-02-11,Store_03,180268,Grocery,1,Super_Bowl,0.0,36.6,3.0,226.14,7.64,36395.91
2022-02-18,Store_03,180268,Grocery,0,None,0.19,40.3,3.05,227.13,7.48,37871.92
2022-02-25,Store_03,180268,Grocery,0,None,0.0,40.6,2.97,225.23,7.56,31868.65
2022-03-04,Store_03,180268,Grocery,0,None,0.0,46.2,2.86,227.14,7.53,33489.66
2022-03-11,Store_03,180268,Grocery,0,None,0.0,37.0,2.81,226.97,7.44,33391.55
2022-03-18,Store_03,180268,Grocery,0,None,0.0,45.9,2.85,226.97,7.7,34599.76
2022-03-25,Store_03,180268,Grocery,1,Easter,0.0,48.0,2.74,227.35,7.54,38770.39
2022-04-01,Store_03,180268,Grocery,1,Easter,0.0,50.0,2.87,226.51,7.26,42856.03
2022-04-08,Store_03,180268,Grocery,1,Easter,0.0,50.4,2.81,227.58,7.46,41918.77
2022-04-15,Store_03,180268,Grocery,1,Easter,0.15,53.2,2.7,228.06,7.36,45000.73
2022-04-22,Store_03,180268,Grocery,0,None,0.0,64.8,2.62,228.82,7.5,37340.88
2022-04-29,Store_03,180268,Grocery,0,None,0.1,64.9,2.75,228.01,7.31,42679.74
2022-05-06,Store_03,180268,Grocery,0,None,0.0,66.2,2.66,228.06,7.37,36666.57
2022-05-13,Store_03,180268,Grocery,0,None,0.0,71.4,2.71,228.4,7.41,35863.12
2022-05-20,Store_03,180268,Grocery,0,None,0.29,71.3,2.56,229.3,7.43,49545.48
2022-05-27,Store_03,180268,Grocery,0,None,0.28,71.8,2.6,229.2,7.21,54605.8
2022-06-03,Store_03,180268,Grocery,0,None,0.0,79.2,2.62,228.97,7.28,40065.71
2022-06-10,Store_03,180268,Grocery,0,None,0.1,74.2,2.61,229.68,7.25,43731.57
2022-06-17,Store_03,180268,Grocery,0,None,0.0,82.5,2.58,229.66,7.22,39176.44
2022-06-24,Store_03,180268,Grocery,0,None,0.11,75.4,2.63,230.29,7.44,42007.95
2022-07-01,Store_03,180268,Grocery,0,None,0.0,81.0,2.55,229.65,7.29,36649.24
2022-07-08,Store_03,180268,Grocery,0,None,0.0,82.4,2.59,230.03,7.11,37123.82
2022-07-15,Store_03,180268,Grocery,0,None,0.14,86.4,2.61,230.19,7.31,44249.95
2022-07-22,Store_03,180268,Grocery,0,None,0.0,89.9,2.64,229.85,7.41,36780.54
2022-07-29,Store_03,180268,Grocery,0,None,0.3,92.3,2.65,230.92,7.29,47663.5
2022-08-05,Store_03,180268,Grocery,0,None,0.0,83.2,2.57,231.09,7.02,37052.45
2022-08-12,Store_03,180268,Grocery,0,None,0.0,78.5,2.56,231.16,7.11,37344.32
2022-08-19,Store_03,180268,Grocery,0,None,0.0,81.5,2.72,231.23,7.26,37432.73
2022-08-26,Store_03,180268,Grocery,0,None,0.0,73.6,2.69,230.83,7.05,33797.64
2022-09-02,Store_03,180268,Grocery,1,Labor_Day,0.0,82.7,2.65,231.52,7.15,41496.4
2022-09-09,Store_03,180268,Grocery,1,Labor_Day,0.1,74.4,2.78,231.75,7.17,44966.33
2022-09-16,Store_03,180268,Grocery,0,None,0.0,74.1,2.73,231.71,6.98,32641.42
2022-09-23,Store_03,180268,Grocery,0,None,0.0,73.9,2.81,232.23,7.05,32356.07
2022-09-30,Store_03,180268,Grocery,0,None,0.0,68.1,2.78,232.7,6.72,31550.79
2022-10-07,Store_03,180268,Grocery,0,None,0.0,68.1,2.91,233.64,6.92,30407.84
2022-10-14,Store_03,180268,Grocery,0,None,0.0,64.0,2.92,232.97,6.98,30442.07
2022-10-21,Store_03,180268,Grocery,0,None,0.1,58.4,2.85,233.21,6.87,32251.68
2022-10-28,Store_03,180268,Grocery,0,None,0.0,51.1,2.94,233.23,7.14,29552.87
2022-11-04,Store_03,180268,Grocery,0,None,0.19,51.6,2.95,232.5,6.82,37028.47
2022-11-11,Store_03,180268,Grocery,0,None,0.0,57.2,3.02,233.64,6.9,30208.8
2022-11-18,Store_03,180268,Grocery,0,None,0.0,46.2,2.94,233.88,6.94,31118.4
2022-11-25,Store_03,180268,Grocery,1,Thanksgiving_BlackFriday,0.0,45.1,3.06,235.27,7.06,34790.19
2022-12-02,Store_03,180268,Grocery,0,None,0.07,46.3,3.11,234.13,6.75,30980.53
2022-12-09,Store_03,180268,Grocery,0,None,0.14,42.8,3.0,234.57,7.0,34575.33
2022-12-16,Store_03,180268,Grocery,0,None,0.11,40.4,3.07,234.6,6.87,30213.05
2022-12-23,Store_03,180268,Grocery,1,Christmas_Holiday,0.11,39.9,3.06,234.22,6.75,41806.5
2022-12-30,Store_03,180268,Grocery,1,Christmas_Holiday,0.0,39.5,3.19,235.57,6.88,38241.1
2023-01-06,Store_03,180268,Grocery,0,None,0.0,34.6,3.27,235.57,6.84,30056.32
2023-01-13,Store_03,180268,Grocery,0,None,0.0,33.9,3.35,235.78,6.74,31412.33
2023-01-20,Store_03,180268,Grocery,0,None,0.0,35.3,3.31,235.12,6.79,29595.0
2023-01-27,Store_03,180268,Grocery,0,None,0.0,35.1,3.43,236.47,6.73,31468.24
2023-02-03,Store_03,180268,Grocery,0,None,0.0,35.3,3.31,235.26,6.76,33985.3
2023-02-10,Store_03,180268,Grocery,1,Super_Bowl,0.17,35.3,3.33,236.45,6.8,45700.25
2023-02-17,Store_03,180268,Grocery,0,None,0.0,39.1,3.44,237.44,6.88,31520.04
2023-02-24,Store_03,180268,Grocery,0,None,0.0,40.5,3.5,236.04,6.58,33637.97
2023-03-03,Store_03,180268,Grocery,0,None,0.0,39.9,3.51,236.45,6.9,33989.33
2023-03-10,Store_03,180268,Grocery,0,None,0.0,44.3,3.44,236.97,6.48,33998.87
2023-03-17,Store_03,180268,Grocery,0,None,0.0,41.4,3.57,236.86,6.64,34552.85
2023-03-24,Store_03,180268,Grocery,0,None,0.0,49.1,3.53,236.53,6.7,35186.44
2023-03-31,Store_03,180268,Grocery,1,Easter,0.0,52.8,3.66,237.53,6.65,37191.08
2023-04-07,Store_03,180268,Grocery,1,Easter,0.2,58.1,3.67,237.16,6.55,51542.76
2023-04-14,Store_03,180268,Grocery,1,Easter,0.0,61.7,3.63,238.12,6.57,45073.03
2023-04-21,Store_03,180268,Grocery,0,None,0.26,63.0,3.67,237.62,6.53,46293.22
2023-04-28,Store_03,180268,Grocery,0,None,0.0,62.1,3.66,239.04,6.5,39816.42
2023-05-05,Store_03,180268,Grocery,0,None,0.0,65.8,3.73,238.07,6.63,38049.82
2023-05-12,Store_03,180268,Grocery,0,None,0.0,69.6,3.79,238.49,6.56,38988.15
2023-05-19,Store_03,180268,Grocery,0,None,0.0,67.2,3.71,239.25,6.44,41406.7
2023-05-26,Store_03,180268,Grocery,0,None,0.0,72.9,3.8,238.42,6.59,36689.74
2023-06-02,Store_03,180268,Grocery,0,None,0.0,80.6,3.76,239.34,6.51,41395.9
2023-06-09,Store_03,180268,Grocery,0,None,0.0,84.9,3.75,240.08,6.55,37480.29
2023-06-16,Store_03,180268,Grocery,0,None,0.0,80.6,3.79,238.81,6.51,37815.79
2023-06-23,Store_03,180268,Grocery,0,None,0.0,82.5,3.75,239.9,6.35,37918.12
2023-06-30,Store_03,180268,Grocery,0,None,0.0,82.3,3.77,240.13,6.36,38327.59
2023-07-07,Store_03,180268,Grocery,0,None,0.0,82.1,3.74,240.58,6.48,40933.53
2023-07-14,Store_03,180268,Grocery,0,None,0.0,83.3,3.89,239.77,6.45,37826.19
2023-07-21,Store_03,180268,Grocery,0,None,0.0,82.7,3.79,239.92,6.37,38777.58
2023-07-28,Store_03,180268,Grocery,0,None,0.0,81.7,3.75,241.03,6.36,38261.06
2023-08-04,Store_03,180268,Grocery,0,None,0.0,84.7,3.78,241.11,6.46,36741.34
2023-08-11,Store_03,180268,Grocery,0,None,0.0,81.1,3.76,241.28,6.26,36566.35
2023-08-18,Store_03,180268,Grocery,0,None,0.0,82.1,3.74,241.52,6.36,36321.55
2023-08-25,Store_03,180268,Grocery,0,None,0.0,78.8,3.76,241.2,6.27,38994.8
2023-09-01,Store_03,180268,Grocery,1,Labor_Day,0.0,77.1,3.75,241.85,6.25,39291.54
2023-09-08,Store_03,180268,Grocery,1,Labor_Day,0.0,82.3,3.67,242.07,6.37,36953.14
2023-09-15,Store_03,180268,Grocery,0,None,0.22,75.0,3.64,241.76,6.32,42475.83
2023-09-22,Store_03,180268,Grocery,0,None,0.0,72.0,3.64,243.24,6.31,33769.45
2023-09-29,Store_03,180268,Grocery,0,None,0.0,68.1,3.51,242.74,6.34,31759.09
2023-10-06,Store_03,180268,Grocery,0,None,0.23,66.2,3.52,242.1,6.19,38189.97
2023-10-13,Store_03,180268,Grocery,0,None,0.22,61.9,3.64,243.21,6.24,39275.03
2023-10-20,Store_03,180268,Grocery,0,None,0.0,52.8,3.62,242.59,6.13,31152.81
2023-10-27,Store_03,180268,Grocery,0,None,0.0,56.8,3.5,243.66,6.18,30475.25
2023-11-03,Store_03,180268,Grocery,0,None,0.0,52.9,3.51,244.04,6.12,29466.82
2023-11-10,Store_03,180268,Grocery,0,None,0.0,50.3,3.46,243.24,6.12,31380.48
2023-11-17,Store_03,180268,Grocery,0,None,0.09,54.2,3.57,244.33,6.16,31142.73
2023-11-24,Store_03,180268,Grocery,1,Thanksgiving_BlackFriday,0.0,47.4,3.43,244.24,6.0,40623.85
2023-12-01,Store_03,180268,Grocery,0,None,0.0,43.3,3.34,244.64,6.27,28833.78
2023-12-08,Store_03,180268,Grocery,0,None,0.17,41.9,3.26,245.37,5.95,35148.2
2023-12-15,Store_03,180268,Grocery,0,None,0.0,35.7,3.19,244.49,5.91,28226.07
2023-12-22,Store_03,180268,Grocery,1,Christmas_Holiday,0.27,38.9,3.25,244.43,6.13,52006.36
2023-12-29,Store_03,180268,Grocery,1,Christmas_Holiday,0.29,39.2,3.16,244.56,6.08,52249.39
2021-01-01,Store_03,180268,Home_Garden,0,None,0.0,40.1,3.23,214.14,8.42,15564.85
2021-01-08,Store_03,180268,Home_Garden,0,None,0.0,35.5,3.27,214.91,8.48,15556.31
2021-01-15,Store_03,180268,Home_Garden,0,None,0.0,37.0,3.27,214.88,8.5,15301.17
2021-01-22,Store_03,180268,Home_Garden,0,None,0.0,27.5,3.26,215.73,8.48,14447.04
2021-01-29,Store_03,180268,Home_Garden,0,None,0.28,30.5,3.35,215.32,8.52,22910.57
2021-02-05,Store_03,180268,Home_Garden,1,Super_Bowl,0.15,33.6,3.34,215.26,8.42,21459.22
2021-02-12,Store_03,180268,Home_Garden,1,Super_Bowl,0.0,37.2,3.46,216.89,8.55,18266.97
2021-02-19,Store_03,180268,Home_Garden,0,None,0.27,39.4,3.44,216.23,8.36,24341.72
2021-02-26,Store_03,180268,Home_Garden,0,None,0.0,40.4,3.44,216.57,8.64,17155.69
2021-03-05,Store_03,180268,Home_Garden,0,None,0.0,41.5,3.49,216.02,8.42,15757.53
2021-03-12,Store_03,180268,Home_Garden,0,None,0.0,42.2,3.56,216.65,8.25,16184.32
2021-03-19,Store_03,180268,Home_Garden,0,None,0.0,43.4,3.54,217.17,8.22,16868.16
2021-03-26,Store_03,180268,Home_Garden,1,Easter,0.07,49.9,3.56,216.73,8.36,22937.35
2021-04-02,Store_03,180268,Home_Garden,1,Easter,0.0,48.8,3.64,217.69,8.27,20024.54
2021-04-09,Store_03,180268,Home_Garden,1,Easter,0.0,49.5,3.66,217.39,8.35,20784.08
2021-04-16,Store_03,180268,Home_Garden,0,None,0.0,58.5,3.65,217.74,8.31,25621.64
2021-04-23,Store_03,180268,Home_Garden,0,None,0.15,61.3,3.67,217.78,8.24,31448.11
2021-04-30,Store_03,180268,Home_Garden,0,None,0.0,64.2,3.73,219.2,8.14,23049.62
2021-05-07,Store_03,180268,Home_Garden,0,None,0.0,67.2,3.66,218.45,8.06,24415.87
2021-05-14,Store_03,180268,Home_Garden,0,None,0.0,74.3,3.68,218.12,8.15,25510.84
2021-05-21,Store_03,180268,Home_Garden,0,None,0.0,71.7,3.73,219.26,8.27,27394.51
2021-05-28,Store_03,180268,Home_Garden,0,None,0.0,71.7,3.76,218.43,8.18,26663.3
2021-06-04,Store_03,180268,Home_Garden,0,None,0.0,77.6,3.8,219.34,8.02,25562.83
2021-06-11,Store_03,180268,Home_Garden,0,None,0.0,77.6,3.86,218.44,8.15,27081.86
2021-06-18,Store_03,180268,Home_Garden,0,None,0.2,80.6,3.84,218.95,8.15,35281.77
2021-06-25,Store_03,180268,Home_Garden,0,None,0.0,80.9,3.79,219.91,8.01,26916.86
2021-07-02,Store_03,180268,Home_Garden,0,None,0.0,87.0,3.8,220.37,8.1,25580.73
2021-07-09,Store_03,180268,Home_Garden,0,None,0.0,82.9,3.75,220.28,8.07,26092.86
2021-07-16,Store_03,180268,Home_Garden,0,None,0.0,86.5,3.79,220.33,7.94,26944.83
2021-07-23,Store_03,180268,Home_Garden,0,None,0.0,89.7,3.78,220.43,8.07,17903.39
2021-07-30,Store_03,180268,Home_Garden,0,None,0.0,83.2,3.8,220.03,8.08,17159.16
2021-08-06,Store_03,180268,Home_Garden,0,None,0.0,89.3,3.73,220.6,8.11,18888.0
2021-08-13,Store_03,180268,Home_Garden,0,None,0.0,81.9,3.79,220.92,8.09,18150.33
2021-08-20,Store_03,180268,Home_Garden,0,None,0.0,78.2,3.82,221.87,7.83,16821.59
2021-08-27,Store_03,180268,Home_Garden,0,None,0.0,84.1,3.73,221.71,7.86,16828.35
2021-09-03,Store_03,180268,Home_Garden,1,Labor_Day,0.27,79.2,3.73,220.85,7.99,25986.7
2021-09-10,Store_03,180268,Home_Garden,1,Labor_Day,0.17,72.1,3.73,222.09,7.97,26495.32
2021-09-17,Store_03,180268,Home_Garden,0,None,0.0,79.7,3.65,221.92,7.96,16540.28
2021-09-24,Store_03,180268,Home_Garden,0,None,0.0,69.5,3.66,221.97,8.28,15614.48
2021-10-01,Store_03,180268,Home_Garden,0,None,0.13,68.8,3.62,222.81,7.93,20159.07
2021-10-08,Store_03,180268,Home_Garden,0,None,0.0,63.7,3.6,223.21,7.97,15714.69
2021-10-15,Store_03,180268,Home_Garden,0,None,0.0,64.4,3.53,223.35,7.94,16343.54
2021-10-22,Store_03,180268,Home_Garden,0,None,0.0,54.7,3.54,222.66,7.89,15462.68
2021-10-29,Store_03,180268,Home_Garden,0,None,0.16,56.6,3.54,223.11,7.78,18364.28
2021-11-05,Store_03,180268,Home_Garden,0,None,0.18,56.5,3.55,223.63,7.87,19931.82
2021-11-12,Store_03,180268,Home_Garden,0,None,0.0,51.4,3.49,224.14,7.7,16450.12
2021-11-19,Store_03,180268,Home_Garden,0,None,0.0,45.4,3.52,223.61,7.74,14506.06
2021-11-26,Store_03,180268,Home_Garden,1,Thanksgiving_BlackFriday,0.18,48.7,3.34,223.95,7.7,23606.73
2021-12-03,Store_03,180268,Home_Garden,0,None,0.23,48.5,3.39,223.68,7.74,19725.11
2021-12-10,Store_03,180268,Home_Garden,0,None,0.0,44.0,3.32,223.82,7.95,15198.33
2021-12-17,Store_03,180268,Home_Garden,0,None,0.0,38.9,3.38,225.02,7.51,15795.08
2021-12-24,Store_03,180268,Home_Garden,1,Christmas_Holiday,0.0,38.6,3.2,225.49,7.75,20469.92
2021-12-31,Store_03,180268,Home_Garden,1,Christmas_Holiday,0.27,34.2,3.16,224.96,7.51,25692.39
2022-01-07,Store_03,180268,Home_Garden,0,None,0.0,40.4,3.13,225.69,7.6,14628.03
2022-01-14,Store_03,180268,Home_Garden,0,None,0.24,32.5,3.02,225.57,7.74,21554.6
2022-01-21,Store_03,180268,Home_Garden,0,None,0.0,30.1,3.07,225.25,7.63,15797.42
2022-01-28,Store_03,180268,Home_Garden,0,None,0.07,35.8,3.02,225.95,7.49,19122.35
2022-02-04,Store_03,180268,Home_Garden,0,None,0.0,40.4,3.03,226.73,7.52,15896.92
2022-02-11,Store_03,180268,Home_Garden,1,Super_Bowl,0.0,36.3,3.0,226.14,7.64,17572.59
2022-02-18,Store_03,180268,Home_Garden,0,None,0.08,37.9,3.05,227.13,7.48,19285.57
2022-02-25,Store_03,180268,Home_Garden,0,None,0.11,36.9,2.97,225.23,7.56,19974.85
2022-03-04,Store_03,180268,Home_Garden,0,None,0.0,42.9,2.86,227.14,7.53,17478.02
2022-03-11,Store_03,180268,Home_Garden,0,None,0.22,39.0,2.81,226.97,7.44,25221.68
2022-03-18,Store_03,180268,Home_Garden,0,None,0.25,46.0,2.85,226.97,7.7,25262.63
2022-03-25,Store_03,180268,Home_Garden,1,Easter,0.09,49.2,2.74,227.35,7.54,22786.95
2022-04-01,Store_03,180268,Home_Garden,1,Easter,0.0,48.5,2.87,226.51,7.26,21385.26
2022-04-08,Store_03,180268,Home_Garden,1,Easter,0.29,53.7,2.81,227.58,7.46,32290.69
2022-04-15,Store_03,180268,Home_Garden,1,Easter,0.09,54.8,2.7,228.06,7.36,32131.75
2022-04-22,Store_03,180268,Home_Garden,0,None,0.0,62.4,2.62,228.82,7.5,24717.89
2022-04-29,Store_03,180268,Home_Garden,0,None,0.0,70.7,2.75,228.01,7.31,25644.4
2022-05-06,Store_03,180268,Home_Garden,0,None,0.0,66.7,2.66,228.06,7.37,26724.86
2022-05-13,Store_03,180268,Home_Garden,0,None,0.0,66.7,2.71,228.4,7.41,25344.43
2022-05-20,Store_03,180268,Home_Garden,0,None,0.0,70.8,2.56,229.3,7.43,26498.65
2022-05-27,Store_03,180268,Home_Garden,0,None,0.0,71.0,2.6,229.2,7.21,26522.45
2022-06-03,Store_03,180268,Home_Garden,0,None,0.0,71.5,2.62,228.97,7.28,27664.04
2022-06-10,Store_03,180268,Home_Garden,0,None,0.0,80.2,2.61,229.68,7.25,26476.26
2022-06-17,Store_03,180268,Home_Garden,0,None,0.0,79.6,2.58,229.66,7.22,26265.88
2022-06-24,Store_03,180268,Home_Garden,0,None,0.0,85.0,2.63,230.29,7.44,27389.27
2022-07-01,Store_03,180268,Home_Garden,0,None,0.0,88.3,2.55,229.65,7.29,24616.17
2022-07-08,Store_03,180268,Home_Garden,0,None,0.3,87.0,2.59,230.03,7.11,38942.78
2022-07-15,Store_03,180268,Home_Garden,0,None,0.0,86.9,2.61,230.19,7.31,25199.82
2022-07-22,Store_03,180268,Home_Garden,0,None,0.0,80.2,2.64,229.85,7.41,19039.38
2022-07-29,Store_03,180268,Home_Garden,0,None,0.0,79.6,2.65,230.92,7.29,20144.51
2022-08-05,Store_03,180268,Home_Garden,0,None,0.18,84.3,2.57,231.09,7.02,25867.99
2022-08-12,Store_03,180268,Home_Garden,0,None,0.19,83.8,2.56,231.16,7.11,24620.62
2022-08-19,Store_03,180268,Home_Garden,0,None,0.0,83.9,2.72,231.23,7.26,18924.18
2022-08-26,Store_03,180268,Home_Garden,0,None,0.0,82.2,2.69,230.83,7.05,18114.93
2022-09-02,Store_03,180268,Home_Garden,1,Labor_Day,0.0,78.6,2.65,231.52,7.15,19332.64
2022-09-09,Store_03,180268,Home_Garden,1,Labor_Day,0.07,76.4,2.78,231.75,7.17,23818.25
2022-09-16,Store_03,180268,Home_Garden,0,None,0.0,77.7,2.73,231.71,6.98,17716.81
2022-09-23,Store_03,180268,Home_Garden,0,None,0.0,72.4,2.81,232.23,7.05,18262.06
2022-09-30,Store_03,180268,Home_Garden,0,None,0.0,63.0,2.78,232.7,6.72,17322.44
2022-10-07,Store_03,180268,Home_Garden,0,None,0.22,65.3,2.91,233.64,6.92,21588.99
2022-10-14,Store_03,180268,Home_Garden,0,None,0.0,58.6,2.92,232.97,6.98,15395.16
2022-10-21,Store_03,180268,Home_Garden,0,None,0.13,66.3,2.85,233.21,6.87,19958.52
2022-10-28,Store_03,180268,Home_Garden,0,None,0.0,59.9,2.94,233.23,7.14,15149.24
2022-11-04,Store_03,180268,Home_Garden,0,None,0.12,57.4,2.95,232.5,6.82,18513.51
2022-11-11,Store_03,180268,Home_Garden,0,None,0.13,51.1,3.02,233.64,6.9,18213.4
2022-11-18,Store_03,180268,Home_Garden,0,None,0.0,48.8,2.94,233.88,6.94,15766.94
2022-11-25,Store_03,180268,Home_Garden,1,Thanksgiving_BlackFriday,0.0,45.1,3.06,235.27,7.06,21352.9
2022-12-02,Store_03,180268,Home_Garden,0,None,0.0,47.5,3.11,234.13,6.75,15702.75
2022-12-09,Store_03,180268,Home_Garden,0,None,0.0,47.5,3.0,234.57,7.0,15684.0
2022-12-16,Store_03,180268,Home_Garden,0,None,0.0,41.6,3.07,234.6,6.87,16536.41
2022-12-23,Store_03,180268,Home_Garden,1,Christmas_Holiday,0.19,29.7,3.06,234.22,6.75,25908.05
2022-12-30,Store_03,180268,Home_Garden,1,Christmas_Holiday,0.0,36.7,3.19,235.57,6.88,20055.01
2023-01-06,Store_03,180268,Home_Garden,0,None,0.0,32.3,3.27,235.57,6.84,15948.27
2023-01-13,Store_03,180268,Home_Garden,0,None,0.0,35.9,3.35,235.78,6.74,16480.54
2023-01-20,Store_03,180268,Home_Garden,0,None,0.0,32.1,3.31,235.12,6.79,15906.34
2023-01-27,Store_03,180268,Home_Garden,0,None,0.0,35.9,3.43,236.47,6.73,15555.45
2023-02-03,Store_03,180268,Home_Garden,0,None,0.0,32.9,3.31,235.26,6.76,17538.57
2023-02-10,Store_03,180268,Home_Garden,1,Super_Bowl,0.0,35.7,3.33,236.45,6.8,19661.21
2023-02-17,Store_03,180268,Home_Garden,0,None,0.0,36.6,3.44,237.44,6.88,16314.13
2023-02-24,Store_03,180268,Home_Garden,0,None,0.0,41.1,3.5,236.04,6.58,17779.21
2023-03-03,Store_03,180268,Home_Garden,0,None,0.0,41.0,3.51,236.45,6.9,18908.62
2023-03-10,Store_03,180268,Home_Garden,0,None,0.0,39.3,3.44,236.97,6.48,19206.41
2023-03-17,Store_03,180268,Home_Garden,0,None,0.0,46.8,3.57,236.86,6.64,16674.71
2023-03-24,Store_03,180268,Home_Garden,0,None,0.19,51.7,3.53,236.53,6.7,26067.01
2023-03-31,Store_03,180268,Home_Garden,1,Easter,0.0,56.3,3.66,237.53,6.65,20982.1
2023-04-07,Store_03,180268,Home_Garden,1,Easter,0.2,54.4,3.67,237.16,6.55,28725.36
2023-04-14,Store_03,180268,Home_Garden,1,Easter,0.19,56.4,3.63,238.12,6.57,40521.07
2023-04-21,Store_03,180268,Home_Garden,0,None,0.0,57.2,3.67,237.62,6.53,27974.21
2023-04-28,Store_03,180268,Home_Garden,0,None,0.0,60.7,3.66,239.04,6.5,27816.26
2023-05-05,Store_03,180268,Home_Garden,0,None,0.22,72.2,3.73,238.07,6.63,37844.9
2023-05-12,Store_03,180268,Home_Garden,0,None,0.0,68.4,3.79,238.49,6.56,25678.85
2023-05-19,Store_03,180268,Home_Garden,0,None,0.0,73.2,3.71,239.25,6.44,27129.2
2023-05-26,Store_03,180268,Home_Garden,0,None,0.0,67.9,3.8,238.42,6.59,26173.51
2023-06-02,Store_03,180268,Home_Garden,0,None,0.0,76.7,3.76,239.34,6.51,27686.81
2023-06-09,Store_03,180268,Home_Garden,0,None,0.0,81.3,3.75,240.08,6.55,29857.19
2023-06-16,Store_03,180268,Home_Garden,0,None,0.0,77.6,3.79,238.81,6.51,28374.29
2023-06-23,Store_03,180268,Home_Garden,0,None,0.0,77.0,3.75,239.9,6.35,25735.15
2023-06-30,Store_03,180268,Home_Garden,0,None,0.0,85.2,3.77,240.13,6.36,27226.92
2023-07-07,Store_03,180268,Home_Garden,0,None,0.25,83.9,3.74,240.58,6.48,38764.45
2023-07-14,Store_03,180268,Home_Garden,0,None,0.0,83.9,3.89,239.77,6.45,27111.2
2023-07-21,Store_03,180268,Home_Garden,0,None,0.0,88.3,3.79,239.92,6.37,18560.23
2023-07-28,Store_03,180268,Home_Garden,0,None,0.0,85.9,3.75,241.03,6.36,18749.85
2023-08-04,Store_03,180268,Home_Garden,0,None,0.0,81.5,3.78,241.11,6.46,20851.95
2023-08-11,Store_03,180268,Home_Garden,0,None,0.0,82.1,3.76,241.28,6.26,19269.2
2023-08-18,Store_03,180268,Home_Garden,0,None,0.0,83.1,3.74,241.52,6.36,18760.0
2023-08-25,Store_03,180268,Home_Garden,0,None,0.13,82.6,3.76,241.2,6.27,22746.29
2023-09-01,Store_03,180268,Home_Garden,1,Labor_Day,0.19,78.6,3.75,241.85,6.25,27446.73
2023-09-08,Store_03,180268,Home_Garden,1,Labor_Day,0.0,78.5,3.67,242.07,6.37,20044.71
2023-09-15,Store_03,180268,Home_Garden,0,None,0.0,74.4,3.64,241.76,6.32,18527.78
2023-09-22,Store_03,180268,Home_Garden,0,None,0.0,71.9,3.64,243.24,6.31,17262.14
2023-09-29,Store_03,180268,Home_Garden,0,None,0.0,66.8,3.51,242.74,6.34,17083.22
2023-10-06,Store_03,180268,Home_Garden,0,None,0.0,70.0,3.52,242.1,6.19,16014.3
2023-10-13,Store_03,180268,Home_Garden,0,None,0.0,62.3,3.64,243.21,6.24,17070.52
2023-10-20,Store_03,180268,Home_Garden,0,None,0.0,61.4,3.62,242.59,6.13,15075.73
2023-10-27,Store_03,180268,Home_Garden,0,None,0.0,57.9,3.5,243.66,6.18,16812.08
2023-11-03,Store_03,180268,Home_Garden,0,None,0.0,56.2,3.51,244.04,6.12,15766.47
2023-11-10,Store_03,180268,Home_Garden,0,None,0.0,47.8,3.46,243.24,6.12,16730.7
2023-11-17,Store_03,180268,Home_Garden,0,None,0.0,46.1,3.57,244.33,6.16,15664.78
2023-11-24,Store_03,180268,Home_Garden,1,Thanksgiving_BlackFriday,0.2,42.7,3.43,244.24,6.0,27374.18
2023-12-01,Store_03,180268,Home_Garden,0,None,0.0,43.1,3.34,244.64,6.27,15765.38
2023-12-08,Store_03,180268,Home_Garden,0,None,0.0,47.0,3.26,245.37,5.95,15364.28
2023-12-15,Store_03,180268,Home_Garden,0,None,0.0,38.7,3.19,244.49,5.91,16432.05
2023-12-22,Store_03,180268,Home_Garden,1,Christmas_Holiday,0.23,32.2,3.25,244.43,6.13,28174.45
2023-12-29,Store_03,180268,Home_Garden,1,Christmas_Holiday,0.0,34.5,3.16,244.56,6.08,19925.61
2021-01-01,Store_03,180268,Pharmacy,0,None,0.0,32.9,3.23,214.14,8.42,13149.37
2021-01-08,Store_03,180268,Pharmacy,0,None,0.0,40.9,3.27,214.91,8.48,11815.36
2021-01-15,Store_03,180268,Pharmacy,0,None,0.0,29.1,3.27,214.88,8.5,13088.64
2021-01-22,Store_03,180268,Pharmacy,0,None,0.0,33.7,3.26,215.73,8.48,12454.09
2021-01-29,Store_03,180268,Pharmacy,0,None,0.0,34.9,3.35,215.32,8.52,13192.14
2021-02-05,Store_03,180268,Pharmacy,1,Super_Bowl,0.0,38.0,3.34,215.26,8.42,13602.69
2021-02-12,Store_03,180268,Pharmacy,1,Super_Bowl,0.0,34.1,3.46,216.89,8.55,13867.17
2021-02-19,Store_03,180268,Pharmacy,0,None,0.0,35.7,3.44,216.23,8.36,12385.04
2021-02-26,Store_03,180268,Pharmacy,0,None,0.0,42.9,3.44,216.57,8.64,12554.27
2021-03-05,Store_03,180268,Pharmacy,0,None,0.29,46.4,3.49,216.02,8.42,17621.58
2021-03-12,Store_03,180268,Pharmacy,0,None,0.0,43.7,3.56,216.65,8.25,13166.72
2021-03-19,Store_03,180268,Pharmacy,0,None,0.0,40.6,3.54,217.17,8.22,15167.73
2021-03-26,Store_03,180268,Pharmacy,1,Easter,0.0,54.6,3.56,216.73,8.36,14911.03
2021-04-02,Store_03,180268,Pharmacy,1,Easter,0.08,47.8,3.64,217.69,8.27,16180.61
2021-04-09,Store_03,180268,Pharmacy,1,Easter,0.0,56.0,3.66,217.39,8.35,15903.44
2021-04-16,Store_03,180268,Pharmacy,0,None,0.0,56.4,3.65,217.74,8.31,14579.62
2021-04-23,Store_03,180268,Pharmacy,0,None,0.0,63.9,3.67,217.78,8.24,15344.84
2021-04-30,Store_03,180268,Pharmacy,0,None,0.12,63.9,3.73,219.2,8.14,16041.7
2021-05-07,Store_03,180268,Pharmacy,0,None,0.0,63.2,3.66,218.45,8.06,14953.58
2021-05-14,Store_03,180268,Pharmacy,0,None,0.0,66.9,3.68,218.12,8.15,15793.75
2021-05-21,Store_03,180268,Pharmacy,0,None,0.16,75.8,3.73,219.26,8.27,16941.46
2021-05-28,Store_03,180268,Pharmacy,0,None,0.0,73.5,3.76,218.43,8.18,16455.55
2021-06-04,Store_03,180268,Pharmacy,0,None,0.0,79.5,3.8,219.34,8.02,16109.79
2021-06-11,Store_03,180268,Pharmacy,0,None,0.23,79.9,3.86,218.44,8.15,18644.3
2021-06-18,Store_03,180268,Pharmacy,0,None,0.0,81.2,3.84,218.95,8.15,15780.57
2021-06-25,Store_03,180268,Pharmacy,0,None,0.0,84.1,3.79,219.91,8.01,16264.67
2021-07-02,Store_03,180268,Pharmacy,0,None,0.18,83.3,3.8,220.37,8.1,18562.53
2021-07-09,Store_03,180268,Pharmacy,0,None,0.0,86.2,3.75,220.28,8.07,15519.6
2021-07-16,Store_03,180268,Pharmacy,0,None,0.13,82.8,3.79,220.33,7.94,17585.9
2021-07-23,Store_03,180268,Pharmacy,0,None,0.0,85.2,3.78,220.43,8.07,15863.62
2021-07-30,Store_03,180268,Pharmacy,0,None,0.0,92.1,3.8,220.03,8.08,15700.36
2021-08-06,Store_03,180268,Pharmacy,0,None,0.0,83.6,3.73,220.6,8.11,14851.21
2021-08-13,Store_03,180268,Pharmacy,0,None,0.28,88.5,3.79,220.92,8.09,19040.92
2021-08-20,Store_03,180268,Pharmacy,0,None,0.0,81.1,3.82,221.87,7.83,15656.05
2021-08-27,Store_03,180268,Pharmacy,0,None,0.0,80.5,3.73,221.71,7.86,14898.11
2021-09-03,Store_03,180268,Pharmacy,1,Labor_Day,0.0,81.9,3.73,220.85,7.99,15168.01
2021-09-10,Store_03,180268,Pharmacy,1,Labor_Day,0.0,76.5,3.73,222.09,7.97,13601.33
2021-09-17,Store_03,180268,Pharmacy,0,None,0.0,73.5,3.65,221.92,7.96,13598.1
2021-09-24,Store_03,180268,Pharmacy,0,None,0.0,70.4,3.66,221.97,8.28,13833.06
2021-10-01,Store_03,180268,Pharmacy,0,None,0.0,66.6,3.62,222.81,7.93,12703.07
2021-10-08,Store_03,180268,Pharmacy,0,None,0.0,64.4,3.6,223.21,7.97,12751.69
2021-10-15,Store_03,180268,Pharmacy,0,None,0.0,59.8,3.53,223.35,7.94,13122.0
2021-10-22,Store_03,180268,Pharmacy,0,None,0.0,64.3,3.54,222.66,7.89,12389.53
2021-10-29,Store_03,180268,Pharmacy,0,None,0.0,56.7,3.54,223.11,7.78,12013.47
2021-11-05,Store_03,180268,Pharmacy,0,None,0.0,51.7,3.55,223.63,7.87,13087.98
2021-11-12,Store_03,180268,Pharmacy,0,None,0.0,52.0,3.49,224.14,7.7,11507.0
2021-11-19,Store_03,180268,Pharmacy,0,None,0.0,52.1,3.52,223.61,7.74,11648.24
2021-11-26,Store_03,180268,Pharmacy,1,Thanksgiving_BlackFriday,0.29,45.9,3.34,223.95,7.7,14945.81
2021-12-03,Store_03,180268,Pharmacy,0,None,0.0,44.2,3.39,223.68,7.74,12058.49
2021-12-10,Store_03,180268,Pharmacy,0,None,0.0,45.7,3.32,223.82,7.95,11069.37
2021-12-17,Store_03,180268,Pharmacy,0,None,0.0,38.0,3.38,225.02,7.51,12565.65
2021-12-24,Store_03,180268,Pharmacy,1,Christmas_Holiday,0.0,44.7,3.2,225.49,7.75,13215.63
2021-12-31,Store_03,180268,Pharmacy,1,Christmas_Holiday,0.0,35.2,3.16,224.96,7.51,14212.42
2022-01-07,Store_03,180268,Pharmacy,0,None,0.11,35.8,3.13,225.69,7.6,12991.12
2022-01-14,Store_03,180268,Pharmacy,0,None,0.0,36.7,3.02,225.57,7.74,12091.48
2022-01-21,Store_03,180268,Pharmacy,0,None,0.0,31.1,3.07,225.25,7.63,13098.93
2022-01-28,Store_03,180268,Pharmacy,0,None,0.25,29.0,3.02,225.95,7.49,16137.79
2022-02-04,Store_03,180268,Pharmacy,0,None,0.0,31.9,3.03,226.73,7.52,13207.83
2022-02-11,Store_03,180268,Pharmacy,1,Super_Bowl,0.0,35.9,3.0,226.14,7.64,13157.28
2022-02-18,Store_03,180268,Pharmacy,0,None,0.0,37.0,3.05,227.13,7.48,13094.39
2022-02-25,Store_03,180268,Pharmacy,0,None,0.0,41.4,2.97,225.23,7.56,14079.2
2022-03-04,Store_03,180268,Pharmacy,0,None,0.0,44.1,2.86,227.14,7.53,14973.59
2022-03-11,Store_03,180268,Pharmacy,0,None,0.0,42.0,2.81,226.97,7.44,14584.22
2022-03-18,Store_03,180268,Pharmacy,0,None,0.0,42.1,2.85,226.97,7.7,14292.8
2022-03-25,Store_03,180268,Pharmacy,1,Easter,0.0,42.7,2.74,227.35,7.54,16184.65
2022-04-01,Store_03,180268,Pharmacy,1,Easter,0.0,51.6,2.87,226.51,7.26,16057.57
2022-04-08,Store_03,180268,Pharmacy,1,Easter,0.0,55.2,2.81,227.58,7.46,16483.78
2022-04-15,Store_03,180268,Pharmacy,1,Easter,0.07,56.0,2.7,228.06,7.36,17386.63
2022-04-22,Store_03,180268,Pharmacy,0,None,0.26,61.4,2.62,228.82,7.5,18898.82
2022-04-29,Store_03,180268,Pharmacy,0,None,0.0,68.9,2.75,228.01,7.31,15034.98
2022-05-06,Store_03,180268,Pharmacy,0,None,0.0,64.9,2.66,228.06,7.37,18124.3
2022-05-13,Store_03,180268,Pharmacy,0,None,0.0,70.5,2.71,228.4,7.41,16404.36
2022-05-20,Store_03,180268,Pharmacy,0,None,0.0,75.7,2.56,229.3,7.43,16794.92
2022-05-27,Store_03,180268,Pharmacy,0,None,0.0,71.0,2.6,229.2,7.21,16095.35
2022-06-03,Store_03,180268,Pharmacy,0,None,0.13,78.7,2.62,228.97,7.28,16636.23
2022-06-10,Store_03,180268,Pharmacy,0,None,0.0,82.3,2.61,229.68,7.25,16221.92
2022-06-17,Store_03,180268,Pharmacy,0,None,0.0,75.5,2.58,229.66,7.22,16899.97
2022-06-24,Store_03,180268,Pharmacy,0,None,0.0,79.4,2.63,230.29,7.44,15754.7
2022-07-01,Store_03,180268,Pharmacy,0,None,0.22,74.3,2.55,229.65,7.29,19336.75
2022-07-08,Store_03,180268,Pharmacy,0,None,0.0,79.0,2.59,230.03,7.11,15946.84
2022-07-15,Store_03,180268,Pharmacy,0,None,0.0,81.3,2.61,230.19,7.31,15123.48
2022-07-22,Store_03,180268,Pharmacy,0,None,0.0,85.5,2.64,229.85,7.41,16157.61
2022-07-29,Store_03,180268,Pharmacy,0,None,0.0,82.0,2.65,230.92,7.29,15630.94
2022-08-05,Store_03,180268,Pharmacy,0,None,0.2,81.3,2.57,231.09,7.02,17943.85
2022-08-12,Store_03,180268,Pharmacy,0,None,0.0,78.2,2.56,231.16,7.11,15313.36
2022-08-19,Store_03,180268,Pharmacy,0,None,0.0,84.5,2.72,231.23,7.26,15362.34
2022-08-26,Store_03,180268,Pharmacy,0,None,0.0,80.2,2.69,230.83,7.05,15234.22
2022-09-02,Store_03,180268,Pharmacy,1,Labor_Day,0.26,77.3,2.65,231.52,7.15,17801.64
2022-09-09,Store_03,180268,Pharmacy,1,Labor_Day,0.0,78.0,2.78,231.75,7.17,14295.88
2022-09-16,Store_03,180268,Pharmacy,0,None,0.0,71.0,2.73,231.71,6.98,13495.92
2022-09-23,Store_03,180268,Pharmacy,0,None,0.23,73.9,2.81,232.23,7.05,15725.76
2022-09-30,Store_03,180268,Pharmacy,0,None,0.0,64.8,2.78,232.7,6.72,12982.46
2022-10-07,Store_03,180268,Pharmacy,0,None,0.0,69.5,2.91,233.64,6.92,14389.76
2022-10-14,Store_03,180268,Pharmacy,0,None,0.1,60.4,2.92,232.97,6.98,13790.25
2022-10-21,Store_03,180268,Pharmacy,0,None,0.0,61.9,2.85,233.21,6.87,13033.85
2022-10-28,Store_03,180268,Pharmacy,0,None,0.0,59.5,2.94,233.23,7.14,12613.7
2022-11-04,Store_03,180268,Pharmacy,0,None,0.0,59.2,2.95,232.5,6.82,12515.94
2022-11-11,Store_03,180268,Pharmacy,0,None,0.0,53.8,3.02,233.64,6.9,13318.24
2022-11-18,Store_03,180268,Pharmacy,0,None,0.0,47.3,2.94,233.88,6.94,12086.23
2022-11-25,Store_03,180268,Pharmacy,1,Thanksgiving_BlackFriday,0.12,47.7,3.06,235.27,7.06,14854.02
2022-12-02,Store_03,180268,Pharmacy,0,None,0.0,44.8,3.11,234.13,6.75,12150.45
2022-12-09,Store_03,180268,Pharmacy,0,None,0.14,34.5,3.0,234.57,7.0,13660.54
2022-12-16,Store_03,180268,Pharmacy,0,None,0.0,36.2,3.07,234.6,6.87,10792.61
2022-12-23,Store_03,180268,Pharmacy,1,Christmas_Holiday,0.18,37.3,3.06,234.22,6.75,16769.03
2022-12-30,Store_03,180268,Pharmacy,1,Christmas_Holiday,0.17,41.6,3.19,235.57,6.88,16579.72
2023-01-06,Store_03,180268,Pharmacy,0,None,0.0,33.4,3.27,235.57,6.84,12869.02
2023-01-13,Store_03,180268,Pharmacy,0,None,0.0,31.5,3.35,235.78,6.74,13037.75
2023-01-20,Store_03,180268,Pharmacy,0,None,0.0,33.6,3.31,235.12,6.79,13019.94
2023-01-27,Store_03,180268,Pharmacy,0,None,0.0,31.1,3.43,236.47,6.73,12015.41
2023-02-03,Store_03,180268,Pharmacy,0,None,0.0,37.7,3.31,235.26,6.76,13818.95
2023-02-10,Store_03,180268,Pharmacy,1,Super_Bowl,0.0,37.1,3.33,236.45,6.8,14293.26
2023-02-17,Store_03,180268,Pharmacy,0,None,0.0,35.5,3.44,237.44,6.88,13857.56
2023-02-24,Store_03,180268,Pharmacy,0,None,0.0,41.2,3.5,236.04,6.58,13371.88
2023-03-03,Store_03,180268,Pharmacy,0,None,0.0,35.1,3.51,236.45,6.9,13755.19
2023-03-10,Store_03,180268,Pharmacy,0,None,0.0,44.5,3.44,236.97,6.48,14491.29
2023-03-17,Store_03,180268,Pharmacy,0,None,0.0,39.4,3.57,236.86,6.64,14992.58
2023-03-24,Store_03,180268,Pharmacy,0,None,0.0,46.8,3.53,236.53,6.7,15760.81
2023-03-31,Store_03,180268,Pharmacy,1,Easter,0.0,55.2,3.66,237.53,6.65,17481.1
2023-04-07,Store_03,180268,Pharmacy,1,Easter,0.0,54.2,3.67,237.16,6.55,16709.06
2023-04-14,Store_03,180268,Pharmacy,1,Easter,0.14,62.7,3.63,238.12,6.57,19110.32
2023-04-21,Store_03,180268,Pharmacy,0,None,0.0,60.8,3.67,237.62,6.53,15979.38
2023-04-28,Store_03,180268,Pharmacy,0,None,0.07,66.6,3.66,239.04,6.5,17165.59
2023-05-05,Store_03,180268,Pharmacy,0,None,0.0,64.4,3.73,238.07,6.63,17210.49
2023-05-12,Store_03,180268,Pharmacy,0,None,0.11,71.5,3.79,238.49,6.56,18344.95
2023-05-19,Store_03,180268,Pharmacy,0,None,0.08,66.5,3.71,239.25,6.44,17567.23
2023-05-26,Store_03,180268,Pharmacy,0,None,0.0,70.5,3.8,238.42,6.59,16928.23
2023-06-02,Store_03,180268,Pharmacy,0,None,0.23,81.0,3.76,239.34,6.51,18680.41
2023-06-09,Store_03,180268,Pharmacy,0,None,0.0,76.8,3.75,240.08,6.55,15497.31
2023-06-16,Store_03,180268,Pharmacy,0,None,0.0,80.5,3.79,238.81,6.51,16767.08
2023-06-23,Store_03,180268,Pharmacy,0,None,0.0,82.0,3.75,239.9,6.35,17696.97
2023-06-30,Store_03,180268,Pharmacy,0,None,0.0,85.4,3.77,240.13,6.36,15836.15
2023-07-07,Store_03,180268,Pharmacy,0,None,0.0,84.2,3.74,240.58,6.48,16009.91
2023-07-14,Store_03,180268,Pharmacy,0,None,0.0,87.3,3.89,239.77,6.45,16845.29
2023-07-21,Store_03,180268,Pharmacy,0,None,0.0,87.4,3.79,239.92,6.37,15846.03
2023-07-28,Store_03,180268,Pharmacy,0,None,0.0,86.6,3.75,241.03,6.36,16099.44
2023-08-04,Store_03,180268,Pharmacy,0,None,0.0,82.2,3.78,241.11,6.46,14995.41
2023-08-11,Store_03,180268,Pharmacy,0,None,0.0,80.2,3.76,241.28,6.26,15089.18
2023-08-18,Store_03,180268,Pharmacy,0,None,0.0,81.0,3.74,241.52,6.36,15720.0
2023-08-25,Store_03,180268,Pharmacy,0,None,0.0,78.4,3.76,241.2,6.27,15248.22
2023-09-01,Store_03,180268,Pharmacy,1,Labor_Day,0.17,77.7,3.75,241.85,6.25,16251.43
2023-09-08,Store_03,180268,Pharmacy,1,Labor_Day,0.14,76.6,3.67,242.07,6.37,17774.77
2023-09-15,Store_03,180268,Pharmacy,0,None,0.0,76.2,3.64,241.76,6.32,13718.74
2023-09-22,Store_03,180268,Pharmacy,0,None,0.0,72.8,3.64,243.24,6.31,13935.35
2023-09-29,Store_03,180268,Pharmacy,0,None,0.0,66.9,3.51,242.74,6.34,15481.51
2023-10-06,Store_03,180268,Pharmacy,0,None,0.0,68.5,3.52,242.1,6.19,14010.04
2023-10-13,Store_03,180268,Pharmacy,0,None,0.0,59.6,3.64,243.21,6.24,12622.6
2023-10-20,Store_03,180268,Pharmacy,0,None,0.0,61.2,3.62,242.59,6.13,13657.2
2023-10-27,Store_03,180268,Pharmacy,0,None,0.0,54.1,3.5,243.66,6.18,14059.91
2023-11-03,Store_03,180268,Pharmacy,0,None,0.0,52.8,3.51,244.04,6.12,12751.84
2023-11-10,Store_03,180268,Pharmacy,0,None,0.0,47.8,3.46,243.24,6.12,11729.31
2023-11-17,Store_03,180268,Pharmacy,0,None,0.0,48.7,3.57,244.33,6.16,12788.58
2023-11-24,Store_03,180268,Pharmacy,1,Thanksgiving_BlackFriday,0.12,49.7,3.43,244.24,6.0,16024.27
2023-12-01,Store_03,180268,Pharmacy,0,None,0.0,42.3,3.34,244.64,6.27,11519.49
2023-12-08,Store_03,180268,Pharmacy,0,None,0.0,37.7,3.26,245.37,5.95,13295.95
2023-12-15,Store_03,180268,Pharmacy,0,None,0.0,33.0,3.19,244.49,5.91,12660.3
2023-12-22,Store_03,180268,Pharmacy,1,Christmas_Holiday,0.0,42.9,3.25,244.43,6.13,15169.73
2023-12-29,Store_03,180268,Pharmacy,1,Christmas_Holiday,0.09,33.9,3.16,244.56,6.08,15831.59
2021-01-01,Store_04,207337,Apparel,0,None,0.0,33.4,3.23,214.14,8.42,15269.16
2021-01-08,Store_04,207337,Apparel,0,None,0.0,37.0,3.27,214.91,8.48,13661.81
2021-01-15,Store_04,207337,Apparel,0,None,0.0,40.4,3.27,214.88,8.5,15313.29
2021-01-22,Store_04,207337,Apparel,0,None,0.0,34.1,3.26,215.73,8.48,14958.22
2021-01-29,Store_04,207337,Apparel,0,None,0.0,34.7,3.35,215.32,8.52,16524.75
2021-02-05,Store_04,207337,Apparel,1,Super_Bowl,0.23,35.4,3.34,215.26,8.42,28739.78
2021-02-12,Store_04,207337,Apparel,1,Super_Bowl,0.24,39.4,3.46,216.89,8.55,32479.49
2021-02-19,Store_04,207337,Apparel,0,None,0.0,36.5,3.44,216.23,8.36,16461.97
2021-02-26,Store_04,207337,Apparel,0,None,0.0,40.1,3.44,216.57,8.64,15311.97
2021-03-05,Store_04,207337,Apparel,0,None,0.0,39.7,3.49,216.02,8.42,15530.8
2021-03-12,Store_04,207337,Apparel,0,None,0.0,42.6,3.56,216.65,8.25,16736.82
2021-03-19,Store_04,207337,Apparel,0,None,0.0,45.2,3.54,217.17,8.22,16249.32
2021-03-26,Store_04,207337,Apparel,1,Easter,0.22,44.9,3.56,216.73,8.36,35105.94
2021-04-02,Store_04,207337,Apparel,1,Easter,0.07,49.3,3.64,217.69,8.27,29217.86
2021-04-09,Store_04,207337,Apparel,1,Easter,0.0,51.7,3.66,217.39,8.35,23871.1
2021-04-16,Store_04,207337,Apparel,0,None,0.0,59.5,3.65,217.74,8.31,16529.98
2021-04-23,Store_04,207337,Apparel,0,None,0.0,59.3,3.67,217.78,8.24,18175.11
2021-04-30,Store_04,207337,Apparel,0,None,0.0,62.3,3.73,219.2,8.14,17770.32
2021-05-07,Store_04,207337,Apparel,0,None,0.0,67.7,3.66,218.45,8.06,19663.86
2021-05-14,Store_04,207337,Apparel,0,None,0.0,71.4,3.68,218.12,8.15,18974.26
2021-05-21,Store_04,207337,Apparel,0,None,0.0,72.0,3.73,219.26,8.27,20401.53
2021-05-28,Store_04,207337,Apparel,0,None,0.0,76.1,3.76,218.43,8.18,18888.07
2021-06-04,Store_04,207337,Apparel,0,None,0.0,79.2,3.8,219.34,8.02,20071.14
2021-06-11,Store_04,207337,Apparel,0,None,0.0,82.5,3.86,218.44,8.15,19157.72
2021-06-18,Store_04,207337,Apparel,0,None,0.0,84.2,3.84,218.95,8.15,19668.29
2021-06-25,Store_04,207337,Apparel,0,None,0.0,81.5,3.79,219.91,8.01,19460.92
2021-07-02,Store_04,207337,Apparel,0,None,0.0,78.6,3.8,220.37,8.1,19247.88
2021-07-09,Store_04,207337,Apparel,0,None,0.0,81.1,3.75,220.28,8.07,19582.22
2021-07-16,Store_04,207337,Apparel,0,None,0.0,85.8,3.79,220.33,7.94,18914.21
2021-07-23,Store_04,207337,Apparel,0,None,0.0,78.3,3.78,220.43,8.07,18958.83
2021-07-30,Store_04,207337,Apparel,0,None,0.0,85.4,3.8,220.03,8.08,18416.98
2021-08-06,Store_04,207337,Apparel,0,None,0.28,84.7,3.73,220.6,8.11,25420.8
2021-08-13,Store_04,207337,Apparel,0,None,0.0,79.9,3.79,220.92,8.09,21952.81
2021-08-20,Store_04,207337,Apparel,0,None,0.0,78.6,3.82,221.87,7.83,22507.08
2021-08-27,Store_04,207337,Apparel,0,None,0.0,82.5,3.73,221.71,7.86,20239.59
2021-09-03,Store_04,207337,Apparel,1,Labor_Day,0.0,80.6,3.73,220.85,7.99,29258.1
2021-09-10,Store_04,207337,Apparel,1,Labor_Day,0.0,80.9,3.73,222.09,7.97,28629.34
2021-09-17,Store_04,207337,Apparel,0,None,0.0,75.4,3.65,221.92,7.96,15478.8
2021-09-24,Store_04,207337,Apparel,0,None,0.06,66.5,3.66,221.97,8.28,18402.9
2021-10-01,Store_04,207337,Apparel,0,None,0.0,66.2,3.62,222.81,7.93,16223.06
2021-10-08,Store_04,207337,Apparel,0,None,0.23,66.4,3.6,223.21,7.97,22759.84
2021-10-15,Store_04,207337,Apparel,0,None,0.0,63.6,3.53,223.35,7.94,15352.75
2021-10-22,Store_04,207337,Apparel,0,None,0.0,53.7,3.54,222.66,7.89,15291.03
2021-10-29,Store_04,207337,Apparel,0,None,0.0,56.3,3.54,223.11,7.78,14788.03
2021-11-05,Store_04,207337,Apparel,0,None,0.0,53.6,3.55,223.63,7.87,13722.74
2021-11-12,Store_04,207337,Apparel,0,None,0.25,49.2,3.49,224.14,7.7,23396.25
2021-11-19,Store_04,207337,Apparel,0,None,0.0,43.9,3.52,223.61,7.74,14827.63
2021-11-26,Store_04,207337,Apparel,1,Thanksgiving_BlackFriday,0.0,45.1,3.34,223.95,7.7,26615.44
2021-12-03,Store_04,207337,Apparel,0,None,0.0,43.8,3.39,223.68,7.74,14160.15
2021-12-10,Store_04,207337,Apparel,0,None,0.0,40.5,3.32,223.82,7.95,14846.69
2021-12-17,Store_04,207337,Apparel,0,None,0.0,36.3,3.38,225.02,7.51,14568.68
2021-12-24,Store_04,207337,Apparel,1,Christmas_Holiday,0.23,36.7,3.2,225.49,7.75,39730.7
2021-12-31,Store_04,207337,Apparel,1,Christmas_Holiday,0.21,35.9,3.16,224.96,7.51,36068.95
2022-01-07,Store_04,207337,Apparel,0,None,0.16,37.5,3.13,225.69,7.6,20843.49
2022-01-14,Store_04,207337,Apparel,0,None,0.0,35.7,3.02,225.57,7.74,16141.59
2022-01-21,Store_04,207337,Apparel,0,None,0.0,35.6,3.07,225.25,7.63,14863.7
2022-01-28,Store_04,207337,Apparel,0,None,0.0,37.2,3.02,225.95,7.49,16052.17
2022-02-04,Store_04,207337,Apparel,0,None,0.0,37.3,3.03,226.73,7.52,16547.53
2022-02-11,Store_04,207337,Apparel,1,Super_Bowl,0.0,36.1,3.0,226.14,7.64,21009.94
2022-02-18,Store_04,207337,Apparel,0,None,0.0,34.3,3.05,227.13,7.48,15580.72
2022-02-25,Store_04,207337,Apparel,0,None,0.0,40.1,2.97,225.23,7.56,16867.23
2022-03-04,Store_04,207337,Apparel,0,None,0.0,43.2,2.86,227.14,7.53,17437.27
2022-03-11,Store_04,207337,Apparel,0,None,0.22,41.3,2.81,226.97,7.44,23137.88
2022-03-18,Store_04,207337,Apparel,0,None,0.0,44.5,2.85,226.97,7.7,16479.99
2022-03-25,Store_04,207337,Apparel,1,Easter,0.26,52.3,2.74,227.35,7.54,38183.21
2022-04-01,Store_04,207337,Apparel,1,Easter,0.22,50.7,2.87,226.51,7.26,34512.95
2022-04-08,Store_04,207337,Apparel,1,Easter,0.26,56.4,2.81,227.58,7.46,37719.06
2022-04-15,Store_04,207337,Apparel,1,Easter,0.0,60.4,2.7,228.06,7.36,24631.2
2022-04-22,Store_04,207337,Apparel,0,None,0.0,59.9,2.62,228.82,7.5,19154.33
2022-04-29,Store_04,207337,Apparel,0,None,0.0,63.3,2.75,228.01,7.31,19294.97
2022-05-06,Store_04,207337,Apparel,0,None,0.0,68.0,2.66,228.06,7.37,19452.97
2022-05-13,Store_04,207337,Apparel,0,None,0.23,69.3,2.71,228.4,7.41,31093.23
2022-05-20,Store_04,207337,Apparel,0,None,0.0,74.2,2.56,229.3,7.43,19922.45
2022-05-27,Store_04,207337,Apparel,0,None,0.0,72.3,2.6,229.2,7.21,20791.14
2022-06-03,Store_04,207337,Apparel,0,None,0.1,81.4,2.62,228.97,7.28,23128.76
2022-06-10,Store_04,207337,Apparel,0,None,0.0,79.6,2.61,229.68,7.25,19494.84
2022-06-17,Store_04,207337,Apparel,0,None,0.0,83.4,2.58,229.66,7.22,21062.25
2022-06-24,Store_04,207337,Apparel,0,None,0.0,77.4,2.63,230.29,7.44,19246.65
2022-07-01,Store_04,207337,Apparel,0,None,0.15,85.5,2.55,229.65,7.29,26374.34
2022-07-08,Store_04,207337,Apparel,0,None,0.0,82.0,2.59,230.03,7.11,19255.1
2022-07-15,Store_04,207337,Apparel,0,None,0.0,80.1,2.61,230.19,7.31,18129.17
2022-07-22,Store_04,207337,Apparel,0,None,0.15,79.0,2.64,229.85,7.41,25497.29
2022-07-29,Store_04,207337,Apparel,0,None,0.0,85.2,2.65,230.92,7.29,20309.8
2022-08-05,Store_04,207337,Apparel,0,None,0.0,82.3,2.57,231.09,7.02,18442.18
2022-08-12,Store_04,207337,Apparel,0,None,0.0,78.4,2.56,231.16,7.11,22007.37
2022-08-19,Store_04,207337,Apparel,0,None,0.0,82.9,2.72,231.23,7.26,22570.48
2022-08-26,Store_04,207337,Apparel,0,None,0.0,76.5,2.69,230.83,7.05,22138.07
2022-09-02,Store_04,207337,Apparel,1,Labor_Day,0.11,81.9,2.65,231.52,7.15,36589.86
2022-09-09,Store_04,207337,Apparel,1,Labor_Day,0.1,76.8,2.78,231.75,7.17,35356.95
2022-09-16,Store_04,207337,Apparel,0,None,0.0,78.8,2.73,231.71,6.98,17642.24
2022-09-23,Store_04,207337,Apparel,0,None,0.0,70.5,2.81,232.23,7.05,17035.73
2022-09-30,Store_04,207337,Apparel,0,None,0.0,69.8,2.78,232.7,6.72,16590.8
2022-10-07,Store_04,207337,Apparel,0,None,0.14,65.6,2.91,233.64,6.92,20560.32
2022-10-14,Store_04,207337,Apparel,0,None,0.0,64.6,2.92,232.97,6.98,16371.34
2022-10-21,Store_04,207337,Apparel,0,None,0.0,55.4,2.85,233.21,6.87,15899.2
2022-10-28,Store_04,207337,Apparel,0,None,0.0,57.9,2.94,233.23,7.14,14927.77
2022-11-04,Store_04,207337,Apparel,0,None,0.19,52.6,2.95,232.5,6.82,20295.54
2022-11-11,Store_04,207337,Apparel,0,None,0.0,48.2,3.02,233.64,6.9,15331.04
2022-11-18,Store_04,207337,Apparel,0,None,0.0,50.4,2.94,233.88,6.94,14425.19
2022-11-25,Store_04,207337,Apparel,1,Thanksgiving_BlackFriday,0.0,39.9,3.06,235.27,7.06,28027.3
2022-12-02,Store_04,207337,Apparel,0,None,0.0,37.8,3.11,234.13,6.75,14073.99
2022-12-09,Store_04,207337,Apparel,0,None,0.0,40.9,3.0,234.57,7.0,14499.28
2022-12-16,Store_04,207337,Apparel,0,None,0.19,35.2,3.07,234.6,6.87,20945.36
2022-12-23,Store_04,207337,Apparel,1,Christmas_Holiday,0.18,35.6,3.06,234.22,6.75,36725.18
2022-12-30,Store_04,207337,Apparel,1,Christmas_Holiday,0.0,36.5,3.19,235.57,6.88,27006.44
2023-01-06,Store_04,207337,Apparel,0,None,0.0,42.4,3.27,235.57,6.84,15580.92
2023-01-13,Store_04,207337,Apparel,0,None,0.0,36.9,3.35,235.78,6.74,15575.73
2023-01-20,Store_04,207337,Apparel,0,None,0.0,36.0,3.31,235.12,6.79,15390.06
2023-01-27,Store_04,207337,Apparel,0,None,0.0,36.7,3.43,236.47,6.73,15491.21
2023-02-03,Store_04,207337,Apparel,0,None,0.0,34.1,3.31,235.26,6.76,15280.82
2023-02-10,Store_04,207337,Apparel,1,Super_Bowl,0.15,32.0,3.33,236.45,6.8,29339.29
2023-02-17,Store_04,207337,Apparel,0,None,0.0,40.6,3.44,237.44,6.88,17096.35
2023-02-24,Store_04,207337,Apparel,0,None,0.0,38.7,3.5,236.04,6.58,18123.1
2023-03-03,Store_04,207337,Apparel,0,None,0.08,42.6,3.51,236.45,6.9,20610.48
2023-03-10,Store_04,207337,Apparel,0,None,0.0,44.1,3.44,236.97,6.48,17593.67
2023-03-17,Store_04,207337,Apparel,0,None,0.0,50.2,3.57,236.86,6.64,17224.28
2023-03-24,Store_04,207337,Apparel,0,None,0.0,46.4,3.53,236.53,6.7,18742.22
2023-03-31,Store_04,207337,Apparel,1,Easter,0.28,51.0,3.66,237.53,6.65,40154.01
2023-04-07,Store_04,207337,Apparel,1,Easter,0.0,58.1,3.67,237.16,6.55,27702.1
2023-04-14,Store_04,207337,Apparel,1,Easter,0.0,56.0,3.63,238.12,6.57,25663.08
2023-04-21,Store_04,207337,Apparel,0,None,0.0,58.2,3.67,237.62,6.53,20111.6
2023-04-28,Store_04,207337,Apparel,0,None,0.0,67.3,3.66,239.04,6.5,19757.0
2023-05-05,Store_04,207337,Apparel,0,None,0.25,60.5,3.73,238.07,6.63,30597.78
2023-05-12,Store_04,207337,Apparel,0,None,0.09,69.2,3.79,238.49,6.56,25197.8
2023-05-19,Store_04,207337,Apparel,0,None,0.0,76.4,3.71,239.25,6.44,21061.16
2023-05-26,Store_04,207337,Apparel,0,None,0.0,71.9,3.8,238.42,6.59,20884.76
2023-06-02,Store_04,207337,Apparel,0,None,0.16,70.8,3.76,239.34,6.51,27211.98
2023-06-09,Store_04,207337,Apparel,0,None,0.0,81.7,3.75,240.08,6.55,19503.96
2023-06-16,Store_04,207337,Apparel,0,None,0.0,81.7,3.79,238.81,6.51,18464.07
2023-06-23,Store_04,207337,Apparel,0,None,0.15,82.6,3.75,239.9,6.35,25094.68
2023-06-30,Store_04,207337,Apparel,0,None,0.0,81.2,3.77,240.13,6.36,21476.83
2023-07-07,Store_04,207337,Apparel,0,None,0.0,82.3,3.74,240.58,6.48,19408.4
2023-07-14,Store_04,207337,Apparel,0,None,0.0,87.5,3.89,239.77,6.45,21100.75
2023-07-21,Store_04,207337,Apparel,0,None,0.0,85.3,3.79,239.92,6.37,20114.74
2023-07-28,Store_04,207337,Apparel,0,None,0.17,82.8,3.75,241.03,6.36,27188.26
2023-08-04,Store_04,207337,Apparel,0,None,0.0,80.7,3.78,241.11,6.46,20428.2
2023-08-11,Store_04,207337,Apparel,0,None,0.0,82.9,3.76,241.28,6.26,24317.74
2023-08-18,Store_04,207337,Apparel,0,None,0.0,82.1,3.74,241.52,6.36,22648.79
2023-08-25,Store_04,207337,Apparel,0,None,0.0,83.5,3.76,241.2,6.27,22705.93
2023-09-01,Store_04,207337,Apparel,1,Labor_Day,0.0,74.3,3.75,241.85,6.25,30475.29
2023-09-08,Store_04,207337,Apparel,1,Labor_Day,0.0,76.4,3.67,242.07,6.37,30897.77
2023-09-15,Store_04,207337,Apparel,0,None,0.15,70.8,3.64,241.76,6.32,21467.91
2023-09-22,Store_04,207337,Apparel,0,None,0.0,69.5,3.64,243.24,6.31,16980.85
2023-09-29,Store_04,207337,Apparel,0,None,0.21,70.4,3.51,242.74,6.34,25605.29
2023-10-06,Store_04,207337,Apparel,0,None,0.08,62.4,3.52,242.1,6.19,18619.42
2023-10-13,Store_04,207337,Apparel,0,None,0.0,65.0,3.64,243.21,6.24,15763.88
2023-10-20,Store_04,207337,Apparel,0,None,0.0,61.7,3.62,242.59,6.13,15497.31
2023-10-27,Store_04,207337,Apparel,0,None,0.0,60.4,3.5,243.66,6.18,14852.54
2023-11-03,Store_04,207337,Apparel,0,None,0.0,58.5,3.51,244.04,6.12,14917.35
2023-11-10,Store_04,207337,Apparel,0,None,0.0,52.0,3.46,243.24,6.12,14838.64
2023-11-17,Store_04,207337,Apparel,0,None,0.0,43.3,3.57,244.33,6.16,15803.05
2023-11-24,Store_04,207337,Apparel,1,Thanksgiving_BlackFriday,0.25,45.7,3.43,244.24,6.0,45179.65
2023-12-01,Store_04,207337,Apparel,0,None,0.15,49.4,3.34,244.64,6.27,20561.39
2023-12-08,Store_04,207337,Apparel,0,None,0.0,40.2,3.26,245.37,5.95,15530.09
2023-12-15,Store_04,207337,Apparel,0,None,0.0,33.3,3.19,244.49,5.91,14443.37
2023-12-22,Store_04,207337,Apparel,1,Christmas_Holiday,0.0,34.2,3.25,244.43,6.13,26453.15
2023-12-29,Store_04,207337,Apparel,1,Christmas_Holiday,0.0,39.7,3.16,244.56,6.08,27463.91
2021-01-01,Store_04,207337,Electronics,0,None,0.19,32.8,3.23,214.14,8.42,25267.93
2021-01-08,Store_04,207337,Electronics,0,None,0.0,31.3,3.27,214.91,8.48,18472.34
2021-01-15,Store_04,207337,Electronics,0,None,0.0,35.1,3.27,214.88,8.5,17303.67
2021-01-22,Store_04,207337,Electronics,0,None,0.0,35.5,3.26,215.73,8.48,18462.44
2021-01-29,Store_04,207337,Electronics,0,None,0.0,33.5,3.35,215.32,8.52,17052.94
2021-02-05,Store_04,207337,Electronics,1,Super_Bowl,0.0,32.7,3.34,215.26,8.42,28971.0
2021-02-12,Store_04,207337,Electronics,1,Super_Bowl,0.23,33.5,3.46,216.89,8.55,45136.94
2021-02-19,Store_04,207337,Electronics,0,None,0.0,40.5,3.44,216.23,8.36,19359.93
2021-02-26,Store_04,207337,Electronics,0,None,0.0,41.8,3.44,216.57,8.64,21057.62
2021-03-05,Store_04,207337,Electronics,0,None,0.26,43.5,3.49,216.02,8.42,31575.17
2021-03-12,Store_04,207337,Electronics,0,None,0.0,43.1,3.56,216.65,8.25,19755.94
2021-03-19,Store_04,207337,Electronics,0,None,0.0,45.1,3.54,217.17,8.22,20393.68
2021-03-26,Store_04,207337,Electronics,1,Easter,0.0,51.7,3.56,216.73,8.36,30453.74
2021-04-02,Store_04,207337,Electronics,1,Easter,0.0,55.0,3.64,217.69,8.27,28819.46
2021-04-09,Store_04,207337,Electronics,1,Easter,0.0,54.9,3.66,217.39,8.35,31845.65
2021-04-16,Store_04,207337,Electronics,0,None,0.0,56.9,3.65,217.74,8.31,22649.56
2021-04-23,Store_04,207337,Electronics,0,None,0.0,61.9,3.67,217.78,8.24,21537.4
2021-04-30,Store_04,207337,Electronics,0,None,0.0,65.6,3.73,219.2,8.14,22643.83
2021-05-07,Store_04,207337,Electronics,0,None,0.29,66.3,3.66,218.45,8.06,39067.44
2021-05-14,Store_04,207337,Electronics,0,None,0.0,71.9,3.68,218.12,8.15,22536.87
2021-05-21,Store_04,207337,Electronics,0,None,0.0,71.8,3.73,219.26,8.27,25333.93
2021-05-28,Store_04,207337,Electronics,0,None,0.0,74.4,3.76,218.43,8.18,22176.15
2021-06-04,Store_04,207337,Electronics,0,None,0.0,76.5,3.8,219.34,8.02,23082.17
2021-06-11,Store_04,207337,Electronics,0,None,0.0,77.4,3.86,218.44,8.15,23034.01
2021-06-18,Store_04,207337,Electronics,0,None,0.0,78.4,3.84,218.95,8.15,22444.84
2021-06-25,Store_04,207337,Electronics,0,None,0.0,83.2,3.79,219.91,8.01,22750.13
2021-07-02,Store_04,207337,Electronics,0,None,0.0,85.6,3.8,220.37,8.1,22807.56
2021-07-09,Store_04,207337,Electronics,0,None,0.0,85.0,3.75,220.28,8.07,21905.39
2021-07-16,Store_04,207337,Electronics,0,None,0.0,85.6,3.79,220.33,7.94,21420.39
2021-07-23,Store_04,207337,Electronics,0,None,0.0,87.9,3.78,220.43,8.07,22277.6
2021-07-30,Store_04,207337,Electronics,0,None,0.0,87.6,3.8,220.03,8.08,22058.23
2021-08-06,Store_04,207337,Electronics,0,None,0.0,90.8,3.73,220.6,8.11,20925.05
2021-08-13,Store_04,207337,Electronics,0,None,0.0,80.7,3.79,220.92,8.09,20052.99
2021-08-20,Store_04,207337,Electronics,0,None,0.0,80.4,3.82,221.87,7.83,22005.49
2021-08-27,Store_04,207337,Electronics,0,None,0.0,81.9,3.73,221.71,7.86,21922.08
2021-09-03,Store_04,207337,Electronics,1,Labor_Day,0.22,75.8,3.73,220.85,7.99,49326.13
2021-09-10,Store_04,207337,Electronics,1,Labor_Day,0.0,76.5,3.73,222.09,7.97,29383.48
2021-09-17,Store_04,207337,Electronics,0,None,0.0,73.4,3.65,221.92,7.96,20062.84
2021-09-24,Store_04,207337,Electronics,0,None,0.0,70.4,3.66,221.97,8.28,20041.35
2021-10-01,Store_04,207337,Electronics,0,None,0.0,68.9,3.62,222.81,7.93,19013.5
2021-10-08,Store_04,207337,Electronics,0,None,0.0,62.8,3.6,223.21,7.97,19881.84
2021-10-15,Store_04,207337,Electronics,0,None,0.0,61.4,3.53,223.35,7.94,19514.26
2021-10-22,Store_04,207337,Electronics,0,None,0.0,60.7,3.54,222.66,7.89,18682.29
2021-10-29,Store_04,207337,Electronics,0,None,0.0,54.9,3.54,223.11,7.78,17986.55
2021-11-05,Store_04,207337,Electronics,0,None,0.0,53.8,3.55,223.63,7.87,16975.03
2021-11-12,Store_04,207337,Electronics,0,None,0.0,48.9,3.49,224.14,7.7,17172.69
2021-11-19,Store_04,207337,Electronics,0,None,0.26,50.8,3.52,223.61,7.74,26821.64
2021-11-26,Store_04,207337,Electronics,1,Thanksgiving_BlackFriday,0.11,49.0,3.34,223.95,7.7,48816.81
2021-12-03,Store_04,207337,Electronics,0,None,0.18,40.4,3.39,223.68,7.74,23240.41
2021-12-10,Store_04,207337,Electronics,0,None,0.06,43.5,3.32,223.82,7.95,20668.04
2021-12-17,Store_04,207337,Electronics,0,None,0.0,37.5,3.38,225.02,7.51,17936.55
2021-12-24,Store_04,207337,Electronics,1,Christmas_Holiday,0.08,29.0,3.2,225.49,7.75,43334.12
2021-12-31,Store_04,207337,Electronics,1,Christmas_Holiday,0.0,38.5,3.16,224.96,7.51,42611.97
2022-01-07,Store_04,207337,Electronics,0,None,0.0,35.4,3.13,225.69,7.6,18970.74
2022-01-14,Store_04,207337,Electronics,0,None,0.0,38.3,3.02,225.57,7.74,19101.88
2022-01-21,Store_04,207337,Electronics,0,None,0.0,36.1,3.07,225.25,7.63,19848.88
2022-01-28,Store_04,207337,Electronics,0,None,0.0,33.7,3.02,225.95,7.49,19126.45
2022-02-04,Store_04,207337,Electronics,0,None,0.0,34.0,3.03,226.73,7.52,18834.23
2022-02-11,Store_04,207337,Electronics,1,Super_Bowl,0.0,35.8,3.0,226.14,7.64,29104.73
2022-02-18,Store_04,207337,Electronics,0,None,0.0,37.7,3.05,227.13,7.48,20697.92
2022-02-25,Store_04,207337,Electronics,0,None,0.0,41.7,2.97,225.23,7.56,20821.11
2022-03-04,Store_04,207337,Electronics,0,None,0.0,41.0,2.86,227.14,7.53,20063.51
2022-03-11,Store_04,207337,Electronics,0,None,0.0,41.9,2.81,226.97,7.44,22350.4
2022-03-18,Store_04,207337,Electronics,0,None,0.0,40.2,2.85,226.97,7.7,21569.16
2022-03-25,Store_04,207337,Electronics,1,Easter,0.26,53.4,2.74,227.35,7.54,54393.06
2022-04-01,Store_04,207337,Electronics,1,Easter,0.23,50.4,2.87,226.51,7.26,52732.05
2022-04-08,Store_04,207337,Electronics,1,Easter,0.0,57.4,2.81,227.58,7.46,37262.26
2022-04-15,Store_04,207337,Electronics,1,Easter,0.0,60.7,2.7,228.06,7.36,33943.22
2022-04-22,Store_04,207337,Electronics,0,None,0.0,55.9,2.62,228.82,7.5,22917.97
2022-04-29,Store_04,207337,Electronics,0,None,0.0,66.7,2.75,228.01,7.31,25931.82
2022-05-06,Store_04,207337,Electronics,0,None,0.0,62.0,2.66,228.06,7.37,23238.94
2022-05-13,Store_04,207337,Electronics,0,None,0.0,68.2,2.71,228.4,7.41,23576.6
2022-05-20,Store_04,207337,Electronics,0,None,0.0,72.6,2.56,229.3,7.43,22873.79
2022-05-27,Store_04,207337,Electronics,0,None,0.0,79.5,2.6,229.2,7.21,24623.15
2022-06-03,Store_04,207337,Electronics,0,None,0.0,78.9,2.62,228.97,7.28,23511.73
2022-06-10,Store_04,207337,Electronics,0,None,0.0,79.3,2.61,229.68,7.25,23751.58
2022-06-17,Store_04,207337,Electronics,0,None,0.0,78.8,2.58,229.66,7.22,24095.18
2022-06-24,Store_04,207337,Electronics,0,None,0.0,84.5,2.63,230.29,7.44,25057.72
2022-07-01,Store_04,207337,Electronics,0,None,0.0,84.4,2.55,229.65,7.29,24198.17
2022-07-08,Store_04,207337,Electronics,0,None,0.0,87.5,2.59,230.03,7.11,23567.41
2022-07-15,Store_04,207337,Electronics,0,None,0.0,82.1,2.61,230.19,7.31,24480.69
2022-07-22,Store_04,207337,Electronics,0,None,0.0,85.1,2.64,229.85,7.41,23329.7
2022-07-29,Store_04,207337,Electronics,0,None,0.0,84.2,2.65,230.92,7.29,24000.93
2022-08-05,Store_04,207337,Electronics,0,None,0.0,79.7,2.57,231.09,7.02,23024.39
2022-08-12,Store_04,207337,Electronics,0,None,0.0,84.3,2.56,231.16,7.11,21285.43
2022-08-19,Store_04,207337,Electronics,0,None,0.0,82.5,2.72,231.23,7.26,23705.55
2022-08-26,Store_04,207337,Electronics,0,None,0.0,81.7,2.69,230.83,7.05,20649.31
2022-09-02,Store_04,207337,Electronics,1,Labor_Day,0.0,74.6,2.65,231.52,7.15,35215.34
2022-09-09,Store_04,207337,Electronics,1,Labor_Day,0.0,75.5,2.78,231.75,7.17,33184.95
2022-09-16,Store_04,207337,Electronics,0,None,0.0,69.4,2.73,231.71,6.98,21309.78
2022-09-23,Store_04,207337,Electronics,0,None,0.0,71.5,2.81,232.23,7.05,20733.2
2022-09-30,Store_04,207337,Electronics,0,None,0.0,69.4,2.78,232.7,6.72,20193.7
2022-10-07,Store_04,207337,Electronics,0,None,0.0,69.5,2.91,233.64,6.92,19570.61
2022-10-14,Store_04,207337,Electronics,0,None,0.0,65.1,2.92,232.97,6.98,20916.63
2022-10-21,Store_04,207337,Electronics,0,None,0.0,54.9,2.85,233.21,6.87,20641.73
2022-10-28,Store_04,207337,Electronics,0,None,0.05,53.0,2.94,233.23,7.14,21695.61
2022-11-04,Store_04,207337,Electronics,0,None,0.28,51.0,2.95,232.5,6.82,30176.7
2022-11-11,Store_04,207337,Electronics,0,None,0.05,49.3,3.02,233.64,6.9,20890.57
2022-11-18,Store_04,207337,Electronics,0,None,0.0,49.4,2.94,233.88,6.94,17732.14
2022-11-25,Store_04,207337,Electronics,1,Thanksgiving_BlackFriday,0.0,43.2,3.06,235.27,7.06,41435.0
2022-12-02,Store_04,207337,Electronics,0,None,0.0,40.7,3.11,234.13,6.75,17696.09
2022-12-09,Store_04,207337,Electronics,0,None,0.25,35.8,3.0,234.57,7.0,29673.71
2022-12-16,Store_04,207337,Electronics,0,None,0.29,36.6,3.07,234.6,6.87,30762.53
2022-12-23,Store_04,207337,Electronics,1,Christmas_Holiday,0.0,37.3,3.06,234.22,6.75,43895.58
2022-12-30,Store_04,207337,Electronics,1,Christmas_Holiday,0.16,36.1,3.19,235.57,6.88,55872.71
2023-01-06,Store_04,207337,Electronics,0,None,0.0,33.2,3.27,235.57,6.84,20490.33
2023-01-13,Store_04,207337,Electronics,0,None,0.19,36.6,3.35,235.78,6.74,28180.71
2023-01-20,Store_04,207337,Electronics,0,None,0.0,34.6,3.31,235.12,6.79,18705.32
2023-01-27,Store_04,207337,Electronics,0,None,0.11,33.3,3.43,236.47,6.73,23770.25
2023-02-03,Store_04,207337,Electronics,0,None,0.0,37.9,3.31,235.26,6.76,20253.51
2023-02-10,Store_04,207337,Electronics,1,Super_Bowl,0.14,38.7,3.33,236.45,6.8,39644.36
2023-02-17,Store_04,207337,Electronics,0,None,0.0,37.3,3.44,237.44,6.88,21501.0
2023-02-24,Store_04,207337,Electronics,0,None,0.0,38.3,3.5,236.04,6.58,19722.21
2023-03-03,Store_04,207337,Electronics,0,None,0.0,45.2,3.51,236.45,6.9,21385.16
2023-03-10,Store_04,207337,Electronics,0,None,0.0,48.0,3.44,236.97,6.48,21437.49
2023-03-17,Store_04,207337,Electronics,0,None,0.0,44.5,3.57,236.86,6.64,22375.71
2023-03-24,Store_04,207337,Electronics,0,None,0.0,43.7,3.53,236.53,6.7,23532.7
2023-03-31,Store_04,207337,Electronics,1,Easter,0.0,51.8,3.66,237.53,6.65,34974.8
2023-04-07,Store_04,207337,Electronics,1,Easter,0.2,53.9,3.67,237.16,6.55,57486.07
2023-04-14,Store_04,207337,Electronics,1,Easter,0.21,59.3,3.63,238.12,6.57,56162.38
2023-04-21,Store_04,207337,Electronics,0,None,0.0,57.8,3.67,237.62,6.53,23921.76
2023-04-28,Store_04,207337,Electronics,0,None,0.0,63.2,3.66,239.04,6.5,23337.96
2023-05-05,Store_04,207337,Electronics,0,None,0.0,68.2,3.73,238.07,6.63,25716.15
2023-05-12,Store_04,207337,Electronics,0,None,0.0,74.2,3.79,238.49,6.56,27226.52
2023-05-19,Store_04,207337,Electronics,0,None,0.0,70.3,3.71,239.25,6.44,24318.92
2023-05-26,Store_04,207337,Electronics,0,None,0.0,79.5,3.8,238.42,6.59,26075.92
2023-06-02,Store_04,207337,Electronics,0,None,0.0,74.1,3.76,239.34,6.51,25953.43
2023-06-09,Store_04,207337,Electronics,0,None,0.0,78.7,3.75,240.08,6.55,24687.41
2023-06-16,Store_04,207337,Electronics,0,None,0.0,81.3,3.79,238.81,6.51,26251.45
2023-06-23,Store_04,207337,Electronics,0,None,0.0,80.3,3.75,239.9,6.35,24792.74
2023-06-30,Store_04,207337,Electronics,0,None,0.14,84.0,3.77,240.13,6.36,30955.76
2023-07-07,Store_04,207337,Electronics,0,None,0.0,81.1,3.74,240.58,6.48,24479.48
2023-07-14,Store_04,207337,Electronics,0,None,0.0,82.6,3.89,239.77,6.45,23675.98
2023-07-21,Store_04,207337,Electronics,0,None,0.0,80.7,3.79,239.92,6.37,25964.14
2023-07-28,Store_04,207337,Electronics,0,None,0.0,88.2,3.75,241.03,6.36,24631.41
2023-08-04,Store_04,207337,Electronics,0,None,0.0,89.4,3.78,241.11,6.46,22801.43
2023-08-11,Store_04,207337,Electronics,0,None,0.0,85.3,3.76,241.28,6.26,22728.64
2023-08-18,Store_04,207337,Electronics,0,None,0.0,82.1,3.74,241.52,6.36,23366.18
2023-08-25,Store_04,207337,Electronics,0,None,0.0,78.4,3.76,241.2,6.27,22702.8
2023-09-01,Store_04,207337,Electronics,1,Labor_Day,0.08,82.2,3.75,241.85,6.25,38655.27
2023-09-08,Store_04,207337,Electronics,1,Labor_Day,0.0,74.4,3.67,242.07,6.37,33743.15
2023-09-15,Store_04,207337,Electronics,0,None,0.0,75.6,3.64,241.76,6.32,21147.68
2023-09-22,Store_04,207337,Electronics,0,None,0.0,78.1,3.64,243.24,6.31,21983.72
2023-09-29,Store_04,207337,Electronics,0,None,0.0,68.6,3.51,242.74,6.34,21450.87
2023-10-06,Store_04,207337,Electronics,0,None,0.0,66.6,3.52,242.1,6.19,20323.46
2023-10-13,Store_04,207337,Electronics,0,None,0.0,61.0,3.64,243.21,6.24,20967.21
2023-10-20,Store_04,207337,Electronics,0,None,0.0,61.6,3.62,242.59,6.13,21062.16
2023-10-27,Store_04,207337,Electronics,0,None,0.25,58.4,3.5,243.66,6.18,31708.0
2023-11-03,Store_04,207337,Electronics,0,None,0.0,54.4,3.51,244.04,6.12,19160.88
2023-11-10,Store_04,207337,Electronics,0,None,0.29,48.2,3.46,243.24,6.12,29229.4
2023-11-17,Store_04,207337,Electronics,0,None,0.21,49.7,3.57,244.33,6.16,26417.51
2023-11-24,Store_04,207337,Electronics,1,Thanksgiving_BlackFriday,0.16,47.7,3.43,244.24,6.0,56870.02
2023-12-01,Store_04,207337,Electronics,0,None,0.0,43.7,3.34,244.64,6.27,18071.9
2023-12-08,Store_04,207337,Electronics,0,None,0.0,40.7,3.26,245.37,5.95,18821.82
2023-12-15,Store_04,207337,Electronics,0,None,0.0,46.9,3.19,244.49,5.91,18520.79
2023-12-22,Store_04,207337,Electronics,1,Christmas_Holiday,0.26,37.3,3.25,244.43,6.13,72397.32
2023-12-29,Store_04,207337,Electronics,1,Christmas_Holiday,0.1,31.9,3.16,244.56,6.08,49827.19
2021-01-01,Store_04,207337,Grocery,0,None,0.0,35.6,3.23,214.14,8.42,21333.31
2021-01-08,Store_04,207337,Grocery,0,None,0.0,36.4,3.27,214.91,8.48,21777.03
2021-01-15,Store_04,207337,Grocery,0,None,0.0,33.0,3.27,214.88,8.5,21409.82
2021-01-22,Store_04,207337,Grocery,0,None,0.0,35.0,3.26,215.73,8.48,23558.11
2021-01-29,Store_04,207337,Grocery,0,None,0.0,32.8,3.35,215.32,8.52,25081.98
2021-02-05,Store_04,207337,Grocery,1,Super_Bowl,0.0,34.8,3.34,215.26,8.42,26963.46
2021-02-12,Store_04,207337,Grocery,1,Super_Bowl,0.08,38.3,3.46,216.89,8.55,31168.41
2021-02-19,Store_04,207337,Grocery,0,None,0.0,36.1,3.44,216.23,8.36,25294.57
2021-02-26,Store_04,207337,Grocery,0,None,0.0,41.9,3.44,216.57,8.64,26084.93
2021-03-05,Store_04,207337,Grocery,0,None,0.06,37.1,3.49,216.02,8.42,27837.87
2021-03-12,Store_04,207337,Grocery,0,None,0.0,46.0,3.56,216.65,8.25,27038.1
2021-03-19,Store_04,207337,Grocery,0,None,0.0,47.8,3.54,217.17,8.22,25647.67
2021-03-26,Store_04,207337,Grocery,1,Easter,0.0,47.5,3.56,216.73,8.36,30246.75
2021-04-02,Store_04,207337,Grocery,1,Easter,0.11,53.2,3.64,217.69,8.27,36938.01
2021-04-09,Store_04,207337,Grocery,1,Easter,0.29,54.4,3.66,217.39,8.35,44370.46
2021-04-16,Store_04,207337,Grocery,0,None,0.0,53.3,3.65,217.74,8.31,27392.6
2021-04-23,Store_04,207337,Grocery,0,None,0.16,63.5,3.67,217.78,8.24,33819.31
2021-04-30,Store_04,207337,Grocery,0,None,0.0,67.3,3.73,219.2,8.14,27113.73
2021-05-07,Store_04,207337,Grocery,0,None,0.0,70.0,3.66,218.45,8.06,29626.7
2021-05-14,Store_04,207337,Grocery,0,None,0.0,69.4,3.68,218.12,8.15,29165.0
2021-05-21,Store_04,207337,Grocery,0,None,0.0,72.1,3.73,219.26,8.27,29149.25
2021-05-28,Store_04,207337,Grocery,0,None,0.0,74.2,3.76,218.43,8.18,29357.86
2021-06-04,Store_04,207337,Grocery,0,None,0.0,76.6,3.8,219.34,8.02,33089.57
2021-06-11,Store_04,207337,Grocery,0,None,0.0,80.3,3.86,218.44,8.15,28620.05
2021-06-18,Store_04,207337,Grocery,0,None,0.0,86.0,3.84,218.95,8.15,29099.31
2021-06-25,Store_04,207337,Grocery,0,None,0.22,83.9,3.79,219.91,8.01,39762.84
2021-07-02,Store_04,207337,Grocery,0,None,0.0,84.3,3.8,220.37,8.1,28441.18
2021-07-09,Store_04,207337,Grocery,0,None,0.0,84.5,3.75,220.28,8.07,30388.79
2021-07-16,Store_04,207337,Grocery,0,None,0.0,82.6,3.79,220.33,7.94,30122.16
2021-07-23,Store_04,207337,Grocery,0,None,0.0,89.9,3.78,220.43,8.07,27274.41
2021-07-30,Store_04,207337,Grocery,0,None,0.0,80.9,3.8,220.03,8.08,29489.15
2021-08-06,Store_04,207337,Grocery,0,None,0.17,87.7,3.73,220.6,8.11,33785.37
2021-08-13,Store_04,207337,Grocery,0,None,0.0,87.8,3.79,220.92,8.09,28566.62
2021-08-20,Store_04,207337,Grocery,0,None,0.0,85.6,3.82,221.87,7.83,28264.64
2021-08-27,Store_04,207337,Grocery,0,None,0.0,77.8,3.73,221.71,7.86,28036.47
2021-09-03,Store_04,207337,Grocery,1,Labor_Day,0.15,75.7,3.73,220.85,7.99,35573.78
2021-09-10,Store_04,207337,Grocery,1,Labor_Day,0.0,79.6,3.73,222.09,7.97,32745.09
2021-09-17,Store_04,207337,Grocery,0,None,0.0,74.4,3.65,221.92,7.96,25622.49
2021-09-24,Store_04,207337,Grocery,0,None,0.0,69.7,3.66,221.97,8.28,24225.96
2021-10-01,Store_04,207337,Grocery,0,None,0.0,68.8,3.62,222.81,7.93,23691.47
2021-10-08,Store_04,207337,Grocery,0,None,0.0,64.6,3.6,223.21,7.97,24900.41
2021-10-15,Store_04,207337,Grocery,0,None,0.0,63.1,3.53,223.35,7.94,22495.31
2021-10-22,Store_04,207337,Grocery,0,None,0.0,59.0,3.54,222.66,7.89,22885.28
2021-10-29,Store_04,207337,Grocery,0,None,0.0,54.5,3.54,223.11,7.78,22297.41
2021-11-05,Store_04,207337,Grocery,0,None,0.0,52.0,3.55,223.63,7.87,24070.31
2021-11-12,Store_04,207337,Grocery,0,None,0.0,48.7,3.49,224.14,7.7,24010.26
2021-11-19,Store_04,207337,Grocery,0,None,0.0,42.6,3.52,223.61,7.74,22984.0
2021-11-26,Store_04,207337,Grocery,1,Thanksgiving_BlackFriday,0.12,46.8,3.34,223.95,7.7,35430.08
2021-12-03,Store_04,207337,Grocery,0,None,0.0,44.1,3.39,223.68,7.74,22978.44
2021-12-10,Store_04,207337,Grocery,0,None,0.23,44.1,3.32,223.82,7.95,29236.69
2021-12-17,Store_04,207337,Grocery,0,None,0.06,41.0,3.38,225.02,7.51,22743.6
2021-12-24,Store_04,207337,Grocery,1,Christmas_Holiday,0.0,36.8,3.2,225.49,7.75,32053.26
2021-12-31,Store_04,207337,Grocery,1,Christmas_Holiday,0.06,35.6,3.16,224.96,7.51,31932.79
2022-01-07,Store_04,207337,Grocery,0,None,0.2,34.9,3.13,225.69,7.6,29732.33
2022-01-14,Store_04,207337,Grocery,0,None,0.1,34.9,3.02,225.57,7.74,26335.83
2022-01-21,Store_04,207337,Grocery,0,None,0.0,33.7,3.07,225.25,7.63,24141.01
2022-01-28,Store_04,207337,Grocery,0,None,0.0,38.1,3.02,225.95,7.49,23354.65
2022-02-04,Store_04,207337,Grocery,0,None,0.0,35.9,3.03,226.73,7.52,24385.59
2022-02-11,Store_04,207337,Grocery,1,Super_Bowl,0.13,35.7,3.0,226.14,7.64,33385.27
2022-02-18,Store_04,207337,Grocery,0,None,0.0,34.9,3.05,227.13,7.48,25829.78
2022-02-25,Store_04,207337,Grocery,0,None,0.0,41.0,2.97,225.23,7.56,24617.17
2022-03-04,Store_04,207337,Grocery,0,None,0.0,44.2,2.86,227.14,7.53,25133.21
2022-03-11,Store_04,207337,Grocery,0,None,0.0,40.8,2.81,226.97,7.44,27527.51
2022-03-18,Store_04,207337,Grocery,0,None,0.0,37.3,2.85,226.97,7.7,25828.53
2022-03-25,Store_04,207337,Grocery,1,Easter,0.14,46.5,2.74,227.35,7.54,38959.84
2022-04-01,Store_04,207337,Grocery,1,Easter,0.0,53.6,2.87,226.51,7.26,33412.38
2022-04-08,Store_04,207337,Grocery,1,Easter,0.0,49.7,2.81,227.58,7.46,37115.38
2022-04-15,Store_04,207337,Grocery,1,Easter,0.0,54.3,2.7,228.06,7.36,36090.82
2022-04-22,Store_04,207337,Grocery,0,None,0.24,61.6,2.62,228.82,7.5,37948.65
2022-04-29,Store_04,207337,Grocery,0,None,0.17,60.9,2.75,228.01,7.31,33975.51
2022-05-06,Store_04,207337,Grocery,0,None,0.0,69.9,2.66,228.06,7.37,30919.7
2022-05-13,Store_04,207337,Grocery,0,None,0.0,68.1,2.71,228.4,7.41,28156.78
2022-05-20,Store_04,207337,Grocery,0,None,0.0,73.5,2.56,229.3,7.43,28291.2
2022-05-27,Store_04,207337,Grocery,0,None,0.0,72.6,2.6,229.2,7.21,30578.41
2022-06-03,Store_04,207337,Grocery,0,None,0.0,77.1,2.62,228.97,7.28,29241.67
2022-06-10,Store_04,207337,Grocery,0,None,0.0,77.3,2.61,229.68,7.25,29690.7
2022-06-17,Store_04,207337,Grocery,0,None,0.0,79.0,2.58,229.66,7.22,32273.08
2022-06-24,Store_04,207337,Grocery,0,None,0.21,81.9,2.63,230.29,7.44,39766.78
2022-07-01,Store_04,207337,Grocery,0,None,0.0,85.7,2.55,229.65,7.29,31039.34
2022-07-08,Store_04,207337,Grocery,0,None,0.0,84.8,2.59,230.03,7.11,30053.55
2022-07-15,Store_04,207337,Grocery,0,None,0.11,84.8,2.61,230.19,7.31,33825.71
2022-07-22,Store_04,207337,Grocery,0,None,0.06,83.6,2.64,229.85,7.41,31182.68
2022-07-29,Store_04,207337,Grocery,0,None,0.0,86.2,2.65,230.92,7.29,29924.11
2022-08-05,Store_04,207337,Grocery,0,None,0.0,86.6,2.57,231.09,7.02,27718.02
2022-08-12,Store_04,207337,Grocery,0,None,0.0,87.2,2.56,231.16,7.11,29372.54
2022-08-19,Store_04,207337,Grocery,0,None,0.28,76.9,2.72,231.23,7.26,37258.92
2022-08-26,Store_04,207337,Grocery,0,None,0.0,79.1,2.69,230.83,7.05,28536.58
2022-09-02,Store_04,207337,Grocery,1,Labor_Day,0.05,82.8,2.65,231.52,7.15,33358.73
2022-09-09,Store_04,207337,Grocery,1,Labor_Day,0.0,80.7,2.78,231.75,7.17,31988.55
2022-09-16,Store_04,207337,Grocery,0,None,0.0,66.7,2.73,231.71,6.98,27986.74
2022-09-23,Store_04,207337,Grocery,0,None,0.0,70.8,2.81,232.23,7.05,24759.72
2022-09-30,Store_04,207337,Grocery,0,None,0.2,66.3,2.78,232.7,6.72,30880.37
2022-10-07,Store_04,207337,Grocery,0,None,0.0,64.7,2.91,233.64,6.92,26140.47
2022-10-14,Store_04,207337,Grocery,0,None,0.0,65.4,2.92,232.97,6.98,25102.71
2022-10-21,Store_04,207337,Grocery,0,None,0.0,63.5,2.85,233.21,6.87,23956.4
2022-10-28,Store_04,207337,Grocery,0,None,0.29,52.8,2.94,233.23,7.14,33922.42
2022-11-04,Store_04,207337,Grocery,0,None,0.0,60.3,2.95,232.5,6.82,23088.02
2022-11-11,Store_04,207337,Grocery,0,None,0.0,51.1,3.02,233.64,6.9,22733.3
2022-11-18,Store_04,207337,Grocery,0,None,0.0,53.3,2.94,233.88,6.94,22463.31
2022-11-25,Store_04,207337,Grocery,1,Thanksgiving_BlackFriday,0.26,43.7,3.06,235.27,7.06,39272.39
2022-12-02,Store_04,207337,Grocery,0,None,0.0,46.8,3.11,234.13,6.75,22024.37
2022-12-09,Store_04,207337,Grocery,0,None,0.29,43.7,3.0,234.57,7.0,31040.56
2022-12-16,Store_04,207337,Grocery,0,None,0.0,39.6,3.07,234.6,6.87,21984.33
2022-12-23,Store_04,207337,Grocery,1,Christmas_Holiday,0.0,40.0,3.06,234.22,6.75,29626.46
2022-12-30,Store_04,207337,Grocery,1,Christmas_Holiday,0.23,35.1,3.19,235.57,6.88,38073.47
2023-01-06,Store_04,207337,Grocery,0,None,0.08,35.7,3.27,235.57,6.84,25580.6
2023-01-13,Store_04,207337,Grocery,0,None,0.0,35.8,3.35,235.78,6.74,24687.19
2023-01-20,Store_04,207337,Grocery,0,None,0.26,36.7,3.31,235.12,6.79,33948.01
2023-01-27,Store_04,207337,Grocery,0,None,0.0,35.1,3.43,236.47,6.73,25648.72
2023-02-03,Store_04,207337,Grocery,0,None,0.0,31.8,3.31,235.26,6.76,25766.4
2023-02-10,Store_04,207337,Grocery,1,Super_Bowl,0.0,34.1,3.33,236.45,6.8,29358.62
2023-02-17,Store_04,207337,Grocery,0,None,0.0,38.0,3.44,237.44,6.88,26142.44
2023-02-24,Store_04,207337,Grocery,0,None,0.0,41.6,3.5,236.04,6.58,27531.72
2023-03-03,Store_04,207337,Grocery,0,None,0.0,43.3,3.51,236.45,6.9,26958.49
2023-03-10,Store_04,207337,Grocery,0,None,0.0,46.5,3.44,236.97,6.48,26911.56
2023-03-17,Store_04,207337,Grocery,0,None,0.25,43.0,3.57,236.86,6.64,34675.55
2023-03-24,Store_04,207337,Grocery,0,None,0.0,47.1,3.53,236.53,6.7,31244.3
2023-03-31,Store_04,207337,Grocery,1,Easter,0.0,54.1,3.66,237.53,6.65,34917.42
2023-04-07,Store_04,207337,Grocery,1,Easter,0.15,53.4,3.67,237.16,6.55,40579.81
2023-04-14,Store_04,207337,Grocery,1,Easter,0.0,50.5,3.63,238.12,6.57,33328.69
2023-04-21,Store_04,207337,Grocery,0,None,0.0,60.2,3.67,237.62,6.53,29710.94
2023-04-28,Store_04,207337,Grocery,0,None,0.24,61.3,3.66,239.04,6.5,42898.59
2023-05-05,Store_04,207337,Grocery,0,None,0.0,62.7,3.73,238.07,6.63,30826.91
2023-05-12,Store_04,207337,Grocery,0,None,0.0,74.8,3.79,238.49,6.56,33365.67
2023-05-19,Store_04,207337,Grocery,0,None,0.0,67.7,3.71,239.25,6.44,31445.62
2023-05-26,Store_04,207337,Grocery,0,None,0.0,73.7,3.8,238.42,6.59,31520.24
2023-06-02,Store_04,207337,Grocery,0,None,0.0,77.7,3.76,239.34,6.51,33160.7
2023-06-09,Store_04,207337,Grocery,0,None,0.0,81.1,3.75,240.08,6.55,32134.97
2023-06-16,Store_04,207337,Grocery,0,None,0.13,75.8,3.79,238.81,6.51,35584.18
2023-06-23,Store_04,207337,Grocery,0,None,0.0,80.7,3.75,239.9,6.35,31166.6
2023-06-30,Store_04,207337,Grocery,0,None,0.21,84.8,3.77,240.13,6.36,39981.72
2023-07-07,Store_04,207337,Grocery,0,None,0.0,81.3,3.74,240.58,6.48,32186.95
2023-07-14,Store_04,207337,Grocery,0,None,0.0,88.6,3.89,239.77,6.45,30133.72
2023-07-21,Store_04,207337,Grocery,0,None,0.0,85.3,3.79,239.92,6.37,33163.7
2023-07-28,Store_04,207337,Grocery,0,None,0.0,86.0,3.75,241.03,6.36,29812.2
2023-08-04,Store_04,207337,Grocery,0,None,0.0,81.9,3.78,241.11,6.46,31213.47
2023-08-11,Store_04,207337,Grocery,0,None,0.0,82.2,3.76,241.28,6.26,30168.03
2023-08-18,Store_04,207337,Grocery,0,None,0.0,86.1,3.74,241.52,6.36,30422.61
2023-08-25,Store_04,207337,Grocery,0,None,0.0,79.1,3.76,241.2,6.27,27120.31
2023-09-01,Store_04,207337,Grocery,1,Labor_Day,0.0,79.4,3.75,241.85,6.25,31265.68
2023-09-08,Store_04,207337,Grocery,1,Labor_Day,0.0,73.9,3.67,242.07,6.37,32748.59
2023-09-15,Store_04,207337,Grocery,0,None,0.0,72.6,3.64,241.76,6.32,28021.29
2023-09-22,Store_04,207337,Grocery,0,None,0.2,71.2,3.64,243.24,6.31,34674.73
2023-09-29,Store_04,207337,Grocery,0,None,0.22,68.9,3.51,242.74,6.34,34803.26
2023-10-06,Store_04,207337,Grocery,0,None,0.0,69.7,3.52,242.1,6.19,23385.75
2023-10-13,Store_04,207337,Grocery,0,None,0.0,61.0,3.64,243.21,6.24,23229.04
2023-10-20,Store_04,207337,Grocery,0,None,0.0,57.3,3.62,242.59,6.13,24998.92
2023-10-27,Store_04,207337,Grocery,0,None,0.0,59.4,3.5,243.66,6.18,24237.79
2023-11-03,Store_04,207337,Grocery,0,None,0.0,57.2,3.51,244.04,6.12,22657.97
2023-11-10,Store_04,207337,Grocery,0,None,0.0,47.3,3.46,243.24,6.12,23943.72
2023-11-17,Store_04,207337,Grocery,0,None,0.2,45.6,3.57,244.33,6.16,29726.45
2023-11-24,Store_04,207337,Grocery,1,Thanksgiving_BlackFriday,0.22,42.3,3.43,244.24,6.0,39718.63
2023-12-01,Store_04,207337,Grocery,0,None,0.0,43.4,3.34,244.64,6.27,23260.58
2023-12-08,Store_04,207337,Grocery,0,None,0.0,40.9,3.26,245.37,5.95,24463.31
2023-12-15,Store_04,207337,Grocery,0,None,0.0,36.6,3.19,244.49,5.91,23927.16
2023-12-22,Store_04,207337,Grocery,1,Christmas_Holiday,0.0,37.3,3.25,244.43,6.13,32110.63
2023-12-29,Store_04,207337,Grocery,1,Christmas_Holiday,0.0,36.0,3.16,244.56,6.08,33942.97
2021-01-01,Store_04,207337,Home_Garden,0,None,0.0,34.7,3.23,214.14,8.42,12282.53
2021-01-08,Store_04,207337,Home_Garden,0,None,0.1,38.2,3.27,214.91,8.48,14129.92
2021-01-15,Store_04,207337,Home_Garden,0,None,0.0,33.0,3.27,214.88,8.5,13103.57
2021-01-22,Store_04,207337,Home_Garden,0,None,0.0,36.6,3.26,215.73,8.48,12220.7
2021-01-29,Store_04,207337,Home_Garden,0,None,0.0,32.3,3.35,215.32,8.52,12542.53
2021-02-05,Store_04,207337,Home_Garden,1,Super_Bowl,0.0,38.5,3.34,215.26,8.42,14639.14
2021-02-12,Store_04,207337,Home_Garden,1,Super_Bowl,0.25,38.2,3.46,216.89,8.55,18066.91
2021-02-19,Store_04,207337,Home_Garden,0,None,0.0,34.7,3.44,216.23,8.36,13538.89
2021-02-26,Store_04,207337,Home_Garden,0,None,0.0,39.5,3.44,216.57,8.64,13867.58
2021-03-05,Store_04,207337,Home_Garden,0,None,0.0,43.1,3.49,216.02,8.42,14335.59
2021-03-12,Store_04,207337,Home_Garden,0,None,0.0,49.5,3.56,216.65,8.25,13845.0
2021-03-19,Store_04,207337,Home_Garden,0,None,0.0,46.1,3.54,217.17,8.22,13308.2
2021-03-26,Store_04,207337,Home_Garden,1,Easter,0.0,46.8,3.56,216.73,8.36,16891.49
2021-04-02,Store_04,207337,Home_Garden,1,Easter,0.05,50.3,3.64,217.69,8.27,16987.3
2021-04-09,Store_04,207337,Home_Garden,1,Easter,0.0,54.0,3.66,217.39,8.35,16281.17
2021-04-16,Store_04,207337,Home_Garden,0,None,0.12,51.9,3.65,217.74,8.31,23439.74
2021-04-23,Store_04,207337,Home_Garden,0,None,0.0,61.3,3.67,217.78,8.24,20373.77
2021-04-30,Store_04,207337,Home_Garden,0,None,0.0,64.7,3.73,219.2,8.14,20114.6
2021-05-07,Store_04,207337,Home_Garden,0,None,0.0,64.6,3.66,218.45,8.06,21240.13
2021-05-14,Store_04,207337,Home_Garden,0,None,0.0,73.0,3.68,218.12,8.15,20193.71
2021-05-21,Store_04,207337,Home_Garden,0,None,0.0,71.3,3.73,219.26,8.27,20492.43
2021-05-28,Store_04,207337,Home_Garden,0,None,0.0,80.2,3.76,218.43,8.18,19774.95
2021-06-04,Store_04,207337,Home_Garden,0,None,0.0,73.6,3.8,219.34,8.02,20925.33
2021-06-11,Store_04,207337,Home_Garden,0,None,0.1,83.0,3.86,218.44,8.15,23202.8
2021-06-18,Store_04,207337,Home_Garden,0,None,0.0,85.3,3.84,218.95,8.15,21914.3
2021-06-25,Store_04,207337,Home_Garden,0,None,0.0,80.5,3.79,219.91,8.01,21491.01
2021-07-02,Store_04,207337,Home_Garden,0,None,0.0,82.7,3.8,220.37,8.1,20602.21
2021-07-09,Store_04,207337,Home_Garden,0,None,0.0,84.1,3.75,220.28,8.07,20773.06
2021-07-16,Store_04,207337,Home_Garden,0,None,0.0,81.5,3.79,220.33,7.94,20437.15
2021-07-23,Store_04,207337,Home_Garden,0,None,0.0,89.8,3.78,220.43,8.07,15930.73
2021-07-30,Store_04,207337,Home_Garden,0,None,0.0,84.4,3.8,220.03,8.08,15682.93
2021-08-06,Store_04,207337,Home_Garden,0,None,0.0,85.3,3.73,220.6,8.11,15986.75
2021-08-13,Store_04,207337,Home_Garden,0,None,0.0,78.8,3.79,220.92,8.09,13408.74
2021-08-20,Store_04,207337,Home_Garden,0,None,0.0,80.8,3.82,221.87,7.83,14509.05
2021-08-27,Store_04,207337,Home_Garden,0,None,0.0,84.4,3.73,221.71,7.86,14136.67
2021-09-03,Store_04,207337,Home_Garden,1,Labor_Day,0.15,77.9,3.73,220.85,7.99,20496.08
2021-09-10,Store_04,207337,Home_Garden,1,Labor_Day,0.09,71.0,3.73,222.09,7.97,17961.53
2021-09-17,Store_04,207337,Home_Garden,0,None,0.0,76.9,3.65,221.92,7.96,14090.48
2021-09-24,Store_04,207337,Home_Garden,0,None,0.0,70.3,3.66,221.97,8.28,14071.52
2021-10-01,Store_04,207337,Home_Garden,0,None,0.0,70.5,3.62,222.81,7.93,13689.92
2021-10-08,Store_04,207337,Home_Garden,0,None,0.0,60.3,3.6,223.21,7.97,12483.35
2021-10-15,Store_04,207337,Home_Garden,0,None,0.0,61.8,3.53,223.35,7.94,12376.59
2021-10-22,Store_04,207337,Home_Garden,0,None,0.0,56.9,3.54,222.66,7.89,11786.12
2021-10-29,Store_04,207337,Home_Garden,0,None,0.11,57.5,3.54,223.11,7.78,13567.35
2021-11-05,Store_04,207337,Home_Garden,0,None,0.0,54.1,3.55,223.63,7.87,11862.1
2021-11-12,Store_04,207337,Home_Garden,0,None,0.0,51.0,3.49,224.14,7.7,12639.44
2021-11-19,Store_04,207337,Home_Garden,0,None,0.0,44.4,3.52,223.61,7.74,12670.63
2021-11-26,Store_04,207337,Home_Garden,1,Thanksgiving_BlackFriday,0.13,46.9,3.34,223.95,7.7,19947.9
2021-12-03,Store_04,207337,Home_Garden,0,None,0.0,43.2,3.39,223.68,7.74,11383.13
2021-12-10,Store_04,207337,Home_Garden,0,None,0.0,41.3,3.32,223.82,7.95,12013.45
2021-12-17,Store_04,207337,Home_Garden,0,None,0.0,36.5,3.38,225.02,7.51,12348.79
2021-12-24,Store_04,207337,Home_Garden,1,Christmas_Holiday,0.0,38.7,3.2,225.49,7.75,13709.69
2021-12-31,Store_04,207337,Home_Garden,1,Christmas_Holiday,0.22,35.4,3.16,224.96,7.51,19872.33
2022-01-07,Store_04,207337,Home_Garden,0,None,0.27,32.4,3.13,225.69,7.6,20059.35
2022-01-14,Store_04,207337,Home_Garden,0,None,0.0,34.4,3.02,225.57,7.74,11981.14
2022-01-21,Store_04,207337,Home_Garden,0,None,0.0,33.9,3.07,225.25,7.63,12312.2
2022-01-28,Store_04,207337,Home_Garden,0,None,0.0,37.2,3.02,225.95,7.49,11596.69
2022-02-04,Store_04,207337,Home_Garden,0,None,0.0,31.8,3.03,226.73,7.52,13967.96
2022-02-11,Store_04,207337,Home_Garden,1,Super_Bowl,0.0,40.5,3.0,226.14,7.64,14307.13
2022-02-18,Store_04,207337,Home_Garden,0,None,0.0,34.3,3.05,227.13,7.48,13409.16
2022-02-25,Store_04,207337,Home_Garden,0,None,0.06,40.6,2.97,225.23,7.56,14982.54
2022-03-04,Store_04,207337,Home_Garden,0,None,0.0,40.4,2.86,227.14,7.53,14390.61
2022-03-11,Store_04,207337,Home_Garden,0,None,0.0,45.4,2.81,226.97,7.44,14521.08
2022-03-18,Store_04,207337,Home_Garden,0,None,0.0,38.2,2.85,226.97,7.7,15806.56
2022-03-25,Store_04,207337,Home_Garden,1,Easter,0.19,48.7,2.74,227.35,7.54,21438.99
2022-04-01,Store_04,207337,Home_Garden,1,Easter,0.0,46.5,2.87,226.51,7.26,16367.47
2022-04-08,Store_04,207337,Home_Garden,1,Easter,0.0,51.9,2.81,227.58,7.46,16637.46
2022-04-15,Store_04,207337,Home_Garden,1,Easter,0.0,55.8,2.7,228.06,7.36,23391.09
2022-04-22,Store_04,207337,Home_Garden,0,None,0.0,62.5,2.62,228.82,7.5,22323.66
2022-04-29,Store_04,207337,Home_Garden,0,None,0.0,64.5,2.75,228.01,7.31,21766.82
2022-05-06,Store_04,207337,Home_Garden,0,None,0.0,67.1,2.66,228.06,7.37,19821.52
2022-05-13,Store_04,207337,Home_Garden,0,None,0.0,74.5,2.71,228.4,7.41,22284.49
2022-05-20,Store_04,207337,Home_Garden,0,None,0.0,71.4,2.56,229.3,7.43,20521.87
2022-05-27,Store_04,207337,Home_Garden,0,None,0.0,74.0,2.6,229.2,7.21,21148.14
2022-06-03,Store_04,207337,Home_Garden,0,None,0.0,73.3,2.62,228.97,7.28,21888.75
2022-06-10,Store_04,207337,Home_Garden,0,None,0.06,77.0,2.61,229.68,7.25,23288.69
2022-06-17,Store_04,207337,Home_Garden,0,None,0.0,78.7,2.58,229.66,7.22,20346.34
2022-06-24,Store_04,207337,Home_Garden,0,None,0.0,83.2,2.63,230.29,7.44,21982.99
2022-07-01,Store_04,207337,Home_Garden,0,None,0.0,82.7,2.55,229.65,7.29,22681.82
2022-07-08,Store_04,207337,Home_Garden,0,None,0.0,83.3,2.59,230.03,7.11,20532.82
2022-07-15,Store_04,207337,Home_Garden,0,None,0.0,81.0,2.61,230.19,7.31,22409.72
2022-07-22,Store_04,207337,Home_Garden,0,None,0.0,84.4,2.64,229.85,7.41,16066.73
2022-07-29,Store_04,207337,Home_Garden,0,None,0.2,87.3,2.65,230.92,7.29,20900.4
2022-08-05,Store_04,207337,Home_Garden,0,None,0.05,84.7,2.57,231.09,7.02,17553.53
2022-08-12,Store_04,207337,Home_Garden,0,None,0.0,84.1,2.56,231.16,7.11,15787.03
2022-08-19,Store_04,207337,Home_Garden,0,None,0.0,81.1,2.72,231.23,7.26,15404.58
2022-08-26,Store_04,207337,Home_Garden,0,None,0.18,85.2,2.69,230.83,7.05,20268.17
2022-09-02,Store_04,207337,Home_Garden,1,Labor_Day,0.0,77.0,2.65,231.52,7.15,16059.91
2022-09-09,Store_04,207337,Home_Garden,1,Labor_Day,0.06,77.5,2.78,231.75,7.17,18618.03
2022-09-16,Store_04,207337,Home_Garden,0,None,0.0,78.4,2.73,231.71,6.98,13211.78
2022-09-23,Store_04,207337,Home_Garden,0,None,0.0,68.6,2.81,232.23,7.05,13710.48
2022-09-30,Store_04,207337,Home_Garden,0,None,0.0,72.9,2.78,232.7,6.72,13624.1
2022-10-07,Store_04,207337,Home_Garden,0,None,0.0,69.5,2.91,233.64,6.92,13086.59
2022-10-14,Store_04,207337,Home_Garden,0,None,0.0,64.0,2.92,232.97,6.98,13459.88
2022-10-21,Store_04,207337,Home_Garden,0,None,0.0,54.7,2.85,233.21,6.87,12766.63
2022-10-28,Store_04,207337,Home_Garden,0,None,0.17,57.5,2.94,233.23,7.14,15552.25
2022-11-04,Store_04,207337,Home_Garden,0,None,0.27,51.0,2.95,232.5,6.82,17726.63
2022-11-11,Store_04,207337,Home_Garden,0,None,0.29,52.2,3.02,233.64,6.9,17883.89
2022-11-18,Store_04,207337,Home_Garden,0,None,0.0,53.6,2.94,233.88,6.94,12770.15
2022-11-25,Store_04,207337,Home_Garden,1,Thanksgiving_BlackFriday,0.05,47.9,3.06,235.27,7.06,17059.55
2022-12-02,Store_04,207337,Home_Garden,0,None,0.0,45.5,3.11,234.13,6.75,12427.54
2022-12-09,Store_04,207337,Home_Garden,0,None,0.0,42.4,3.0,234.57,7.0,12596.44
2022-12-16,Store_04,207337,Home_Garden,0,None,0.06,38.2,3.07,234.6,6.87,12620.22
2022-12-23,Store_04,207337,Home_Garden,1,Christmas_Holiday,0.0,37.2,3.06,234.22,6.75,15275.52
2022-12-30,Store_04,207337,Home_Garden,1,Christmas_Holiday,0.07,35.3,3.19,235.57,6.88,17571.44
2023-01-06,Store_04,207337,Home_Garden,0,None,0.11,35.6,3.27,235.57,6.84,14951.31
2023-01-13,Store_04,207337,Home_Garden,0,None,0.0,38.2,3.35,235.78,6.74,13961.25
2023-01-20,Store_04,207337,Home_Garden,0,None,0.0,36.2,3.31,235.12,6.79,13689.06
2023-01-27,Store_04,207337,Home_Garden,0,None,0.0,36.7,3.43,236.47,6.73,13569.59
2023-02-03,Store_04,207337,Home_Garden,0,None,0.0,36.1,3.31,235.26,6.76,13372.07
2023-02-10,Store_04,207337,Home_Garden,1,Super_Bowl,0.19,39.2,3.33,236.45,6.8,21086.84
2023-02-17,Store_04,207337,Home_Garden,0,None,0.11,37.5,3.44,237.44,6.88,16415.48
2023-02-24,Store_04,207337,Home_Garden,0,None,0.0,40.1,3.5,236.04,6.58,15245.71
2023-03-03,Store_04,207337,Home_Garden,0,None,0.27,37.0,3.51,236.45,6.9,21839.71
2023-03-10,Store_04,207337,Home_Garden,0,None,0.0,43.1,3.44,236.97,6.48,14481.59
2023-03-17,Store_04,207337,Home_Garden,0,None,0.18,44.5,3.57,236.86,6.64,19478.17
2023-03-24,Store_04,207337,Home_Garden,0,None,0.0,45.8,3.53,236.53,6.7,14935.16
2023-03-31,Store_04,207337,Home_Garden,1,Easter,0.0,49.5,3.66,237.53,6.65,17715.82
2023-04-07,Store_04,207337,Home_Garden,1,Easter,0.21,53.5,3.67,237.16,6.55,23745.78
2023-04-14,Store_04,207337,Home_Garden,1,Easter,0.0,56.4,3.63,238.12,6.57,24524.65
2023-04-21,Store_04,207337,Home_Garden,0,None,0.0,60.2,3.67,237.62,6.53,21461.25
2023-04-28,Store_04,207337,Home_Garden,0,None,0.0,66.2,3.66,239.04,6.5,21695.85
2023-05-05,Store_04,207337,Home_Garden,0,None,0.0,66.8,3.73,238.07,6.63,21590.26
2023-05-12,Store_04,207337,Home_Garden,0,None,0.0,70.3,3.79,238.49,6.56,23352.13
2023-05-19,Store_04,207337,Home_Garden,0,None,0.0,66.0,3.71,239.25,6.44,22148.77
2023-05-26,Store_04,207337,Home_Garden,0,None,0.24,75.5,3.8,238.42,6.59,29019.32
2023-06-02,Store_04,207337,Home_Garden,0,None,0.0,82.8,3.76,239.34,6.51,20425.96
2023-06-09,Store_04,207337,Home_Garden,0,None,0.0,78.8,3.75,240.08,6.55,23274.26
2023-06-16,Store_04,207337,Home_Garden,0,None,0.0,80.9,3.79,238.81,6.51,22846.62
2023-06-23,Store_04,207337,Home_Garden,0,None,0.0,80.8,3.75,239.9,6.35,22741.9
2023-06-30,Store_04,207337,Home_Garden,0,None,0.0,79.7,3.77,240.13,6.36,22052.46
2023-07-07,Store_04,207337,Home_Garden,0,None,0.0,87.9,3.74,240.58,6.48,21898.97
2023-07-14,Store_04,207337,Home_Garden,0,None,0.0,82.4,3.89,239.77,6.45,21566.25
2023-07-21,Store_04,207337,Home_Garden,0,None,0.0,86.2,3.79,239.92,6.37,17346.24
2023-07-28,Store_04,207337,Home_Garden,0,None,0.0,80.8,3.75,241.03,6.36,16419.04
2023-08-04,Store_04,207337,Home_Garden,0,None,0.0,89.3,3.78,241.11,6.46,15499.7
2023-08-11,Store_04,207337,Home_Garden,0,None,0.0,82.9,3.76,241.28,6.26,17110.38
2023-08-18,Store_04,207337,Home_Garden,0,None,0.0,85.1,3.74,241.52,6.36,14529.33
2023-08-25,Store_04,207337,Home_Garden,0,None,0.0,78.2,3.76,241.2,6.27,15179.87
2023-09-01,Store_04,207337,Home_Garden,1,Labor_Day,0.0,81.2,3.75,241.85,6.25,16121.05
2023-09-08,Store_04,207337,Home_Garden,1,Labor_Day,0.0,75.8,3.67,242.07,6.37,17219.02
2023-09-15,Store_04,207337,Home_Garden,0,None,0.19,73.5,3.64,241.76,6.32,20629.92
2023-09-22,Store_04,207337,Home_Garden,0,None,0.1,75.2,3.64,243.24,6.31,16594.75
2023-09-29,Store_04,207337,Home_Garden,0,None,0.0,67.7,3.51,242.74,6.34,15229.06
2023-10-06,Store_04,207337,Home_Garden,0,None,0.0,69.5,3.52,242.1,6.19,13344.89
2023-10-13,Store_04,207337,Home_Garden,0,None,0.26,60.6,3.64,243.21,6.24,18544.46
2023-10-20,Store_04,207337,Home_Garden,0,None,0.27,61.3,3.62,242.59,6.13,20015.86
2023-10-27,Store_04,207337,Home_Garden,0,None,0.0,60.7,3.5,243.66,6.18,12881.83
2023-11-03,Store_04,207337,Home_Garden,0,None,0.0,56.9,3.51,244.04,6.12,12638.84
2023-11-10,Store_04,207337,Home_Garden,0,None,0.0,54.2,3.46,243.24,6.12,12905.05
2023-11-17,Store_04,207337,Home_Garden,0,None,0.0,48.3,3.57,244.33,6.16,13206.53
2023-11-24,Store_04,207337,Home_Garden,1,Thanksgiving_BlackFriday,0.17,44.1,3.43,244.24,6.0,22501.42
2023-12-01,Store_04,207337,Home_Garden,0,None,0.0,45.3,3.34,244.64,6.27,12358.29
2023-12-08,Store_04,207337,Home_Garden,0,None,0.0,35.1,3.26,245.37,5.95,12567.18
2023-12-15,Store_04,207337,Home_Garden,0,None,0.0,40.4,3.19,244.49,5.91,12458.24
2023-12-22,Store_04,207337,Home_Garden,1,Christmas_Holiday,0.12,43.9,3.25,244.43,6.13,20658.58
2023-12-29,Store_04,207337,Home_Garden,1,Christmas_Holiday,0.26,34.5,3.16,244.56,6.08,24071.67
2021-01-01,Store_04,207337,Pharmacy,0,None,0.0,36.0,3.23,214.14,8.42,9616.24
2021-01-08,Store_04,207337,Pharmacy,0,None,0.0,31.8,3.27,214.91,8.48,9511.67
2021-01-15,Store_04,207337,Pharmacy,0,None,0.0,33.5,3.27,214.88,8.5,9318.1
2021-01-22,Store_04,207337,Pharmacy,0,None,0.0,34.9,3.26,215.73,8.48,9248.92
2021-01-29,Store_04,207337,Pharmacy,0,None,0.07,37.4,3.35,215.32,8.52,10097.96
2021-02-05,Store_04,207337,Pharmacy,1,Super_Bowl,0.21,34.7,3.34,215.26,8.42,11566.76
2021-02-12,Store_04,207337,Pharmacy,1,Super_Bowl,0.2,37.4,3.46,216.89,8.55,12652.79
2021-02-19,Store_04,207337,Pharmacy,0,None,0.0,39.6,3.44,216.23,8.36,9967.33
2021-02-26,Store_04,207337,Pharmacy,0,None,0.0,35.2,3.44,216.57,8.64,11274.03
2021-03-05,Store_04,207337,Pharmacy,0,None,0.2,44.7,3.49,216.02,8.42,12085.49
2021-03-12,Store_04,207337,Pharmacy,0,None,0.0,43.3,3.56,216.65,8.25,11191.35
2021-03-19,Store_04,207337,Pharmacy,0,None,0.0,48.7,3.54,217.17,8.22,11423.58
2021-03-26,Store_04,207337,Pharmacy,1,Easter,0.0,47.2,3.56,216.73,8.36,12159.76
2021-04-02,Store_04,207337,Pharmacy,1,Easter,0.2,58.4,3.64,217.69,8.27,13140.59
2021-04-09,Store_04,207337,Pharmacy,1,Easter,0.25,56.4,3.66,217.39,8.35,14485.4
2021-04-16,Store_04,207337,Pharmacy,0,None,0.0,54.5,3.65,217.74,8.31,12581.33
2021-04-23,Store_04,207337,Pharmacy,0,None,0.24,58.1,3.67,217.78,8.24,14552.78
2021-04-30,Store_04,207337,Pharmacy,0,None,0.0,65.7,3.73,219.2,8.14,12677.49
2021-05-07,Store_04,207337,Pharmacy,0,None,0.0,61.9,3.66,218.45,8.06,12078.71
2021-05-14,Store_04,207337,Pharmacy,0,None,0.0,75.0,3.68,218.12,8.15,12281.83
2021-05-21,Store_04,207337,Pharmacy,0,None,0.0,72.5,3.73,219.26,8.27,12663.17
2021-05-28,Store_04,207337,Pharmacy,0,None,0.0,70.0,3.76,218.43,8.18,11687.8
2021-06-04,Store_04,207337,Pharmacy,0,None,0.19,76.0,3.8,219.34,8.02,15046.96
2021-06-11,Store_04,207337,Pharmacy,0,None,0.0,74.3,3.86,218.44,8.15,12695.29
2021-06-18,Store_04,207337,Pharmacy,0,None,0.0,79.7,3.84,218.95,8.15,12642.86
2021-06-25,Store_04,207337,Pharmacy,0,None,0.0,84.3,3.79,219.91,8.01,13331.12
2021-07-02,Store_04,207337,Pharmacy,0,None,0.0,85.4,3.8,220.37,8.1,13419.91
2021-07-09,Store_04,207337,Pharmacy,0,None,0.0,84.8,3.75,220.28,8.07,12921.29
2021-07-16,Store_04,207337,Pharmacy,0,None,0.0,79.3,3.79,220.33,7.94,13237.15
2021-07-23,Store_04,207337,Pharmacy,0,None,0.24,83.5,3.78,220.43,8.07,14378.14
2021-07-30,Store_04,207337,Pharmacy,0,None,0.0,84.5,3.8,220.03,8.08,11790.67
2021-08-06,Store_04,207337,Pharmacy,0,None,0.0,85.1,3.73,220.6,8.11,11600.23
2021-08-13,Store_04,207337,Pharmacy,0,None,0.0,87.0,3.79,220.92,8.09,12210.33
2021-08-20,Store_04,207337,Pharmacy,0,None,0.0,86.6,3.82,221.87,7.83,11602.68
2021-08-27,Store_04,207337,Pharmacy,0,None,0.0,73.3,3.73,221.71,7.86,11352.28
2021-09-03,Store_04,207337,Pharmacy,1,Labor_Day,0.24,74.6,3.73,220.85,7.99,13543.97
2021-09-10,Store_04,207337,Pharmacy,1,Labor_Day,0.05,79.6,3.73,222.09,7.97,11164.11
2021-09-17,Store_04,207337,Pharmacy,0,None,0.0,69.6,3.65,221.92,7.96,10202.34
2021-09-24,Store_04,207337,Pharmacy,0,None,0.0,71.0,3.66,221.97,8.28,11822.88
2021-10-01,Store_04,207337,Pharmacy,0,None,0.15,68.2,3.62,222.81,7.93,11787.93
2021-10-08,Store_04,207337,Pharmacy,0,None,0.0,67.8,3.6,223.21,7.97,10669.3
2021-10-15,Store_04,207337,Pharmacy,0,None,0.0,63.7,3.53,223.35,7.94,10426.29
2021-10-22,Store_04,207337,Pharmacy,0,None,0.23,60.0,3.54,222.66,7.89,12490.9
2021-10-29,Store_04,207337,Pharmacy,0,None,0.0,60.0,3.54,223.11,7.78,10333.07
2021-11-05,Store_04,207337,Pharmacy,0,None,0.0,50.6,3.55,223.63,7.87,9259.64
2021-11-12,Store_04,207337,Pharmacy,0,None,0.29,50.1,3.49,224.14,7.7,11971.13
2021-11-19,Store_04,207337,Pharmacy,0,None,0.2,48.2,3.52,223.61,7.74,11272.22
2021-11-26,Store_04,207337,Pharmacy,1,Thanksgiving_BlackFriday,0.28,44.0,3.34,223.95,7.7,13685.34
2021-12-03,Store_04,207337,Pharmacy,0,None,0.0,39.7,3.39,223.68,7.74,9193.18
2021-12-10,Store_04,207337,Pharmacy,0,None,0.18,40.4,3.32,223.82,7.95,10544.66
2021-12-17,Store_04,207337,Pharmacy,0,None,0.0,40.6,3.38,225.02,7.51,9039.92
2021-12-24,Store_04,207337,Pharmacy,1,Christmas_Holiday,0.0,34.0,3.2,225.49,7.75,10758.59
2021-12-31,Store_04,207337,Pharmacy,1,Christmas_Holiday,0.1,37.7,3.16,224.96,7.51,12470.37
2022-01-07,Store_04,207337,Pharmacy,0,None,0.0,36.9,3.13,225.69,7.6,10166.14
2022-01-14,Store_04,207337,Pharmacy,0,None,0.0,29.2,3.02,225.57,7.74,10334.25
2022-01-21,Store_04,207337,Pharmacy,0,None,0.17,37.0,3.07,225.25,7.63,11221.45
2022-01-28,Store_04,207337,Pharmacy,0,None,0.0,38.6,3.02,225.95,7.49,10433.56
2022-02-04,Store_04,207337,Pharmacy,0,None,0.26,34.1,3.03,226.73,7.52,11923.75
2022-02-11,Store_04,207337,Pharmacy,1,Super_Bowl,0.0,34.0,3.0,226.14,7.64,11148.02
2022-02-18,Store_04,207337,Pharmacy,0,None,0.0,36.2,3.05,227.13,7.48,11122.33
2022-02-25,Store_04,207337,Pharmacy,0,None,0.0,38.7,2.97,225.23,7.56,11178.01
2022-03-04,Store_04,207337,Pharmacy,0,None,0.0,40.4,2.86,227.14,7.53,11183.35
2022-03-11,Store_04,207337,Pharmacy,0,None,0.0,45.3,2.81,226.97,7.44,9717.39
2022-03-18,Store_04,207337,Pharmacy,0,None,0.0,46.6,2.85,226.97,7.7,12041.09
2022-03-25,Store_04,207337,Pharmacy,1,Easter,0.0,46.1,2.74,227.35,7.54,12676.37
2022-04-01,Store_04,207337,Pharmacy,1,Easter,0.0,51.6,2.87,226.51,7.26,12751.9
2022-04-08,Store_04,207337,Pharmacy,1,Easter,0.2,54.5,2.81,227.58,7.46,14890.64
2022-04-15,Store_04,207337,Pharmacy,1,Easter,0.24,53.4,2.7,228.06,7.36,13898.06
2022-04-22,Store_04,207337,Pharmacy,0,None,0.0,62.3,2.62,228.82,7.5,13089.18
2022-04-29,Store_04,207337,Pharmacy,0,None,0.0,64.0,2.75,228.01,7.31,13551.55
2022-05-06,Store_04,207337,Pharmacy,0,None,0.0,67.1,2.66,228.06,7.37,12921.87
2022-05-13,Store_04,207337,Pharmacy,0,None,0.17,70.0,2.71,228.4,7.41,15271.14
2022-05-20,Store_04,207337,Pharmacy,0,None,0.0,73.1,2.56,229.3,7.43,12332.0
2022-05-27,Store_04,207337,Pharmacy,0,None,0.0,76.1,2.6,229.2,7.21,13287.45
2022-06-03,Store_04,207337,Pharmacy,0,None,0.0,79.5,2.62,228.97,7.28,13230.11
2022-06-10,Store_04,207337,Pharmacy,0,None,0.0,80.5,2.61,229.68,7.25,12955.98
2022-06-17,Store_04,207337,Pharmacy,0,None,0.0,78.5,2.58,229.66,7.22,13642.16
2022-06-24,Store_04,207337,Pharmacy,0,None,0.0,82.8,2.63,230.29,7.44,13264.72
2022-07-01,Store_04,207337,Pharmacy,0,None,0.0,83.4,2.55,229.65,7.29,13526.12
2022-07-08,Store_04,207337,Pharmacy,0,None,0.0,83.2,2.59,230.03,7.11,12635.35
2022-07-15,Store_04,207337,Pharmacy,0,None,0.0,83.4,2.61,230.19,7.31,11661.12
2022-07-22,Store_04,207337,Pharmacy,0,None,0.0,81.9,2.64,229.85,7.41,13087.74
2022-07-29,Store_04,207337,Pharmacy,0,None,0.0,82.9,2.65,230.92,7.29,12306.13
2022-08-05,Store_04,207337,Pharmacy,0,None,0.0,87.2,2.57,231.09,7.02,12280.02
2022-08-12,Store_04,207337,Pharmacy,0,None,0.0,82.3,2.56,231.16,7.11,13100.48
2022-08-19,Store_04,207337,Pharmacy,0,None,0.0,84.5,2.72,231.23,7.26,11653.81
2022-08-26,Store_04,207337,Pharmacy,0,None,0.0,76.9,2.69,230.83,7.05,11383.01
2022-09-02,Store_04,207337,Pharmacy,1,Labor_Day,0.12,76.9,2.65,231.52,7.15,13151.83
2022-09-09,Store_04,207337,Pharmacy,1,Labor_Day,0.23,78.1,2.78,231.75,7.17,13849.1
2022-09-16,Store_04,207337,Pharmacy,0,None,0.11,70.3,2.73,231.71,6.98,12540.98
2022-09-23,Store_04,207337,Pharmacy,0,None,0.0,73.3,2.81,232.23,7.05,10730.74
2022-09-30,Store_04,207337,Pharmacy,0,None,0.3,67.7,2.78,232.7,6.72,13665.18
2022-10-07,Store_04,207337,Pharmacy,0,None,0.0,72.1,2.91,233.64,6.92,10892.54
2022-10-14,Store_04,207337,Pharmacy,0,None,0.1,64.3,2.92,232.97,6.98,10789.22
2022-10-21,Store_04,207337,Pharmacy,0,None,0.0,64.5,2.85,233.21,6.87,10512.79
2022-10-28,Store_04,207337,Pharmacy,0,None,0.0,57.3,2.94,233.23,7.14,10066.52
2022-11-04,Store_04,207337,Pharmacy,0,None,0.0,56.5,2.95,232.5,6.82,10126.59
2022-11-11,Store_04,207337,Pharmacy,0,None,0.0,47.5,3.02,233.64,6.9,9522.55
2022-11-18,Store_04,207337,Pharmacy,0,None,0.0,40.9,2.94,233.88,6.94,10660.78
2022-11-25,Store_04,207337,Pharmacy,1,Thanksgiving_BlackFriday,0.0,41.7,3.06,235.27,7.06,9957.6
2022-12-02,Store_04,207337,Pharmacy,0,None,0.2,48.6,3.11,234.13,6.75,10739.77
2022-12-09,Store_04,207337,Pharmacy,0,None,0.21,42.6,3.0,234.57,7.0,11276.25
2022-12-16,Store_04,207337,Pharmacy,0,None,0.2,38.4,3.07,234.6,6.87,11845.82
2022-12-23,Store_04,207337,Pharmacy,1,Christmas_Holiday,0.07,40.6,3.06,234.22,6.75,11562.12
2022-12-30,Store_04,207337,Pharmacy,1,Christmas_Holiday,0.08,36.3,3.19,235.57,6.88,12105.66
2023-01-06,Store_04,207337,Pharmacy,0,None,0.0,38.6,3.27,235.57,6.84,10315.2
2023-01-13,Store_04,207337,Pharmacy,0,None,0.12,38.6,3.35,235.78,6.74,11885.6
2023-01-20,Store_04,207337,Pharmacy,0,None,0.0,39.7,3.31,235.12,6.79,11026.92
2023-01-27,Store_04,207337,Pharmacy,0,None,0.0,39.4,3.43,236.47,6.73,11332.62
2023-02-03,Store_04,207337,Pharmacy,0,None,0.0,37.0,3.31,235.26,6.76,11185.49
2023-02-10,Store_04,207337,Pharmacy,1,Super_Bowl,0.24,37.5,3.33,236.45,6.8,13566.49
2023-02-17,Store_04,207337,Pharmacy,0,None,0.0,38.1,3.44,237.44,6.88,11255.09
2023-02-24,Store_04,207337,Pharmacy,0,None,0.2,39.6,3.5,236.04,6.58,13070.42
2023-03-03,Store_04,207337,Pharmacy,0,None,0.0,41.0,3.51,236.45,6.9,11309.56
2023-03-10,Store_04,207337,Pharmacy,0,None,0.0,42.7,3.44,236.97,6.48,11993.66
2023-03-17,Store_04,207337,Pharmacy,0,None,0.0,46.6,3.57,236.86,6.64,11788.57
2023-03-24,Store_04,207337,Pharmacy,0,None,0.0,45.8,3.53,236.53,6.7,12653.44
2023-03-31,Store_04,207337,Pharmacy,1,Easter,0.0,52.2,3.66,237.53,6.65,12451.5
2023-04-07,Store_04,207337,Pharmacy,1,Easter,0.06,48.3,3.67,237.16,6.55,13603.12
2023-04-14,Store_04,207337,Pharmacy,1,Easter,0.0,62.4,3.63,238.12,6.57,12590.44
2023-04-21,Store_04,207337,Pharmacy,0,None,0.0,61.3,3.67,237.62,6.53,11872.88
2023-04-28,Store_04,207337,Pharmacy,0,None,0.0,61.2,3.66,239.04,6.5,14417.53
2023-05-05,Store_04,207337,Pharmacy,0,None,0.0,62.9,3.73,238.07,6.63,12909.95
2023-05-12,Store_04,207337,Pharmacy,0,None,0.0,66.0,3.79,238.49,6.56,13147.96
2023-05-19,Store_04,207337,Pharmacy,0,None,0.09,72.3,3.71,239.25,6.44,15302.56
2023-05-26,Store_04,207337,Pharmacy,0,None,0.0,76.5,3.8,238.42,6.59,13066.25
2023-06-02,Store_04,207337,Pharmacy,0,None,0.0,74.2,3.76,239.34,6.51,13770.5
2023-06-09,Store_04,207337,Pharmacy,0,None,0.0,81.2,3.75,240.08,6.55,13436.08
2023-06-16,Store_04,207337,Pharmacy,0,None,0.18,80.5,3.79,238.81,6.51,14970.71
2023-06-23,Store_04,207337,Pharmacy,0,None,0.0,84.2,3.75,239.9,6.35,13453.86
2023-06-30,Store_04,207337,Pharmacy,0,None,0.0,87.2,3.77,240.13,6.36,14496.57
2023-07-07,Store_04,207337,Pharmacy,0,None,0.0,81.6,3.74,240.58,6.48,12864.92
2023-07-14,Store_04,207337,Pharmacy,0,None,0.0,83.9,3.89,239.77,6.45,13668.04
2023-07-21,Store_04,207337,Pharmacy,0,None,0.0,85.7,3.79,239.92,6.37,12952.11
2023-07-28,Store_04,207337,Pharmacy,0,None,0.0,82.3,3.75,241.03,6.36,12586.66
2023-08-04,Store_04,207337,Pharmacy,0,None,0.0,82.0,3.78,241.11,6.46,12940.04
2023-08-11,Store_04,207337,Pharmacy,0,None,0.0,82.7,3.76,241.28,6.26,13083.7
2023-08-18,Store_04,207337,Pharmacy,0,None,0.0,77.6,3.74,241.52,6.36,12199.94
2023-08-25,Store_04,207337,Pharmacy,0,None,0.0,86.6,3.76,241.2,6.27,12587.99
2023-09-01,Store_04,207337,Pharmacy,1,Labor_Day,0.08,80.6,3.75,241.85,6.25,13116.33
2023-09-08,Store_04,207337,Pharmacy,1,Labor_Day,0.24,76.9,3.67,242.07,6.37,15281.19
2023-09-15,Store_04,207337,Pharmacy,0,None,0.0,71.9,3.64,241.76,6.32,12085.99
2023-09-22,Store_04,207337,Pharmacy,0,None,0.0,68.9,3.64,243.24,6.31,10883.13
2023-09-29,Store_04,207337,Pharmacy,0,None,0.0,67.5,3.51,242.74,6.34,11379.59
2023-10-06,Store_04,207337,Pharmacy,0,None,0.22,67.9,3.52,242.1,6.19,13888.47
2023-10-13,Store_04,207337,Pharmacy,0,None,0.0,58.5,3.64,243.21,6.24,11493.58
2023-10-20,Store_04,207337,Pharmacy,0,None,0.0,60.2,3.62,242.59,6.13,10278.24
2023-10-27,Store_04,207337,Pharmacy,0,None,0.0,58.0,3.5,243.66,6.18,9856.42
2023-11-03,Store_04,207337,Pharmacy,0,None,0.0,53.8,3.51,244.04,6.12,10151.71
2023-11-10,Store_04,207337,Pharmacy,0,None,0.0,52.4,3.46,243.24,6.12,10541.35
2023-11-17,Store_04,207337,Pharmacy,0,None,0.0,46.8,3.57,244.33,6.16,9865.26
2023-11-24,Store_04,207337,Pharmacy,1,Thanksgiving_BlackFriday,0.0,44.4,3.43,244.24,6.0,10493.14
2023-12-01,Store_04,207337,Pharmacy,0,None,0.07,43.8,3.34,244.64,6.27,11043.92
2023-12-08,Store_04,207337,Pharmacy,0,None,0.19,44.3,3.26,245.37,5.95,11699.02
2023-12-15,Store_04,207337,Pharmacy,0,None,0.0,41.1,3.19,244.49,5.91,10326.79
2023-12-22,Store_04,207337,Pharmacy,1,Christmas_Holiday,0.1,39.2,3.25,244.43,6.13,12970.42
2023-12-29,Store_04,207337,Pharmacy,1,Christmas_Holiday,0.17,32.2,3.16,244.56,6.08,12664.75
2021-01-01,Store_05,157498,Apparel,0,None,0.12,37.0,3.23,214.14,8.42,25239.56
2021-01-08,Store_05,157498,Apparel,0,None,0.14,33.5,3.27,214.91,8.48,25683.4
2021-01-15,Store_05,157498,Apparel,0,None,0.0,38.4,3.27,214.88,8.5,18197.81
2021-01-22,Store_05,157498,Apparel,0,None,0.0,34.8,3.26,215.73,8.48,20349.48
2021-01-29,Store_05,157498,Apparel,0,None,0.0,41.7,3.35,215.32,8.52,20632.2
2021-02-05,Store_05,157498,Apparel,1,Super_Bowl,0.0,38.0,3.34,215.26,8.42,29178.53
2021-02-12,Store_05,157498,Apparel,1,Super_Bowl,0.0,36.6,3.46,216.89,8.55,28975.11
2021-02-19,Store_05,157498,Apparel,0,None,0.0,38.9,3.44,216.23,8.36,21132.72
2021-02-26,Store_05,157498,Apparel,0,None,0.0,37.4,3.44,216.57,8.64,22541.48
2021-03-05,Store_05,157498,Apparel,0,None,0.0,40.3,3.49,216.02,8.42,21606.51
2021-03-12,Store_05,157498,Apparel,0,None,0.0,41.6,3.56,216.65,8.25,24304.38
2021-03-19,Store_05,157498,Apparel,0,None,0.07,42.0,3.54,217.17,8.22,26777.17
2021-03-26,Store_05,157498,Apparel,1,Easter,0.0,45.7,3.56,216.73,8.36,32149.75
2021-04-02,Store_05,157498,Apparel,1,Easter,0.0,52.5,3.64,217.69,8.27,32070.16
2021-04-09,Store_05,157498,Apparel,1,Easter,0.18,56.9,3.66,217.39,8.35,46998.8
2021-04-16,Store_05,157498,Apparel,0,None,0.1,53.9,3.65,217.74,8.31,29608.97
2021-04-23,Store_05,157498,Apparel,0,None,0.28,59.3,3.67,217.78,8.24,42835.87
2021-04-30,Store_05,157498,Apparel,0,None,0.0,59.9,3.73,219.2,8.14,26243.5
2021-05-07,Store_05,157498,Apparel,0,None,0.0,64.7,3.66,218.45,8.06,25580.48
2021-05-14,Store_05,157498,Apparel,0,None,0.0,72.5,3.68,218.12,8.15,23079.1
2021-05-21,Store_05,157498,Apparel,0,None,0.0,76.4,3.73,219.26,8.27,27435.24
2021-05-28,Store_05,157498,Apparel,0,None,0.0,72.4,3.76,218.43,8.18,25075.86
2021-06-04,Store_05,157498,Apparel,0,None,0.0,77.1,3.8,219.34,8.02,27830.35
2021-06-11,Store_05,157498,Apparel,0,None,0.13,83.9,3.86,218.44,8.15,32033.76
2021-06-18,Store_05,157498,Apparel,0,None,0.0,81.4,3.84,218.95,8.15,26330.02
2021-06-25,Store_05,157498,Apparel,0,None,0.0,78.1,3.79,219.91,8.01,27080.15
2021-07-02,Store_05,157498,Apparel,0,None,0.0,83.5,3.8,220.37,8.1,26798.81
2021-07-09,Store_05,157498,Apparel,0,None,0.0,84.0,3.75,220.28,8.07,26673.31
2021-07-16,Store_05,157498,Apparel,0,None,0.0,89.9,3.79,220.33,7.94,26628.89
2021-07-23,Store_05,157498,Apparel,0,None,0.0,85.9,3.78,220.43,8.07,24759.05
2021-07-30,Store_05,157498,Apparel,0,None,0.0,87.9,3.8,220.03,8.08,24680.6
2021-08-06,Store_05,157498,Apparel,0,None,0.0,87.2,3.73,220.6,8.11,25789.31
2021-08-13,Store_05,157498,Apparel,0,None,0.26,81.7,3.79,220.92,8.09,44808.26
2021-08-20,Store_05,157498,Apparel,0,None,0.0,83.3,3.82,221.87,7.83,28942.97
2021-08-27,Store_05,157498,Apparel,0,None,0.0,77.0,3.73,221.71,7.86,29769.65
2021-09-03,Store_05,157498,Apparel,1,Labor_Day,0.21,78.2,3.73,220.85,7.99,60552.5
2021-09-10,Store_05,157498,Apparel,1,Labor_Day,0.0,73.2,3.73,222.09,7.97,38172.93
2021-09-17,Store_05,157498,Apparel,0,None,0.0,75.2,3.65,221.92,7.96,21296.5
2021-09-24,Store_05,157498,Apparel,0,None,0.0,65.8,3.66,221.97,8.28,21341.53
2021-10-01,Store_05,157498,Apparel,0,None,0.0,72.2,3.62,222.81,7.93,22013.94
2021-10-08,Store_05,157498,Apparel,0,None,0.0,64.8,3.6,223.21,7.97,22624.37
2021-10-15,Store_05,157498,Apparel,0,None,0.0,60.1,3.53,223.35,7.94,22091.71
2021-10-22,Store_05,157498,Apparel,0,None,0.0,50.7,3.54,222.66,7.89,19741.34
2021-10-29,Store_05,157498,Apparel,0,None,0.09,59.9,3.54,223.11,7.78,25249.65
2021-11-05,Store_05,157498,Apparel,0,None,0.0,55.0,3.55,223.63,7.87,20663.74
2021-11-12,Store_05,157498,Apparel,0,None,0.0,49.1,3.49,224.14,7.7,20237.97
2021-11-19,Store_05,157498,Apparel,0,None,0.0,51.2,3.52,223.61,7.74,20069.79
2021-11-26,Store_05,157498,Apparel,1,Thanksgiving_BlackFriday,0.0,44.3,3.34,223.95,7.7,32040.46
2021-12-03,Store_05,157498,Apparel,0,None,0.0,42.6,3.39,223.68,7.74,19289.93
2021-12-10,Store_05,157498,Apparel,0,None,0.0,38.2,3.32,223.82,7.95,19342.47
2021-12-17,Store_05,157498,Apparel,0,None,0.0,41.7,3.38,225.02,7.51,19530.35
2021-12-24,Store_05,157498,Apparel,1,Christmas_Holiday,0.27,37.0,3.2,225.49,7.75,56272.15
2021-12-31,Store_05,157498,Apparel,1,Christmas_Holiday,0.0,30.8,3.16,224.96,7.51,34358.91
2022-01-07,Store_05,157498,Apparel,0,None,0.17,41.3,3.13,225.69,7.6,29010.11
2022-01-14,Store_05,157498,Apparel,0,None,0.0,38.0,3.02,225.57,7.74,21787.42
2022-01-21,Store_05,157498,Apparel,0,None,0.0,34.8,3.07,225.25,7.63,21642.13
2022-01-28,Store_05,157498,Apparel,0,None,0.0,36.7,3.02,225.95,7.49,22477.26
2022-02-04,Store_05,157498,Apparel,0,None,0.0,35.3,3.03,226.73,7.52,21617.63
2022-02-11,Store_05,157498,Apparel,1,Super_Bowl,0.07,39.5,3.0,226.14,7.64,34029.92
2022-02-18,Store_05,157498,Apparel,0,None,0.0,35.9,3.05,227.13,7.48,23411.32
2022-02-25,Store_05,157498,Apparel,0,None,0.0,31.1,2.97,225.23,7.56,24229.28
2022-03-04,Store_05,157498,Apparel,0,None,0.05,49.8,2.86,227.14,7.53,24956.32
2022-03-11,Store_05,157498,Apparel,0,None,0.0,45.4,2.81,226.97,7.44,23813.79
2022-03-18,Store_05,157498,Apparel,0,None,0.0,46.3,2.85,226.97,7.7,24786.93
2022-03-25,Store_05,157498,Apparel,1,Easter,0.0,46.9,2.74,227.35,7.54,33385.61
2022-04-01,Store_05,157498,Apparel,1,Easter,0.0,54.5,2.87,226.51,7.26,33619.66
2022-04-08,Store_05,157498,Apparel,1,Easter,0.0,58.6,2.81,227.58,7.46,36580.09
2022-04-15,Store_05,157498,Apparel,1,Easter,0.0,56.7,2.7,228.06,7.36,34935.06
2022-04-22,Store_05,157498,Apparel,0,None,0.0,61.5,2.62,228.82,7.5,27582.42
2022-04-29,Store_05,157498,Apparel,0,None,0.0,62.2,2.75,228.01,7.31,27157.84
2022-05-06,Store_05,157498,Apparel,0,None,0.0,68.3,2.66,228.06,7.37,26527.54
2022-05-13,Store_05,157498,Apparel,0,None,0.0,70.7,2.71,228.4,7.41,25755.82
2022-05-20,Store_05,157498,Apparel,0,None,0.0,70.8,2.56,229.3,7.43,26653.34
2022-05-27,Store_05,157498,Apparel,0,None,0.17,72.5,2.6,229.2,7.21,37632.03
2022-06-03,Store_05,157498,Apparel,0,None,0.0,80.7,2.62,228.97,7.28,29018.62
2022-06-10,Store_05,157498,Apparel,0,None,0.0,81.8,2.61,229.68,7.25,29545.89
2022-06-17,Store_05,157498,Apparel,0,None,0.26,79.1,2.58,229.66,7.22,41238.15
2022-06-24,Store_05,157498,Apparel,0,None,0.0,84.5,2.63,230.29,7.44,28165.63
2022-07-01,Store_05,157498,Apparel,0,None,0.18,85.1,2.55,229.65,7.29,36345.4
2022-07-08,Store_05,157498,Apparel,0,None,0.0,85.7,2.59,230.03,7.11,29391.69
2022-07-15,Store_05,157498,Apparel,0,None,0.1,83.8,2.61,230.19,7.31,31656.11
2022-07-22,Store_05,157498,Apparel,0,None,0.0,82.8,2.64,229.85,7.41,28334.78
2022-07-29,Store_05,157498,Apparel,0,None,0.0,81.5,2.65,230.92,7.29,27054.98
2022-08-05,Store_05,157498,Apparel,0,None,0.06,87.1,2.57,231.09,7.02,30584.73
2022-08-12,Store_05,157498,Apparel,0,None,0.0,88.9,2.56,231.16,7.11,31274.17
2022-08-19,Store_05,157498,Apparel,0,None,0.0,84.9,2.72,231.23,7.26,30149.9
2022-08-26,Store_05,157498,Apparel,0,None,0.08,79.2,2.69,230.83,7.05,35470.34
2022-09-02,Store_05,157498,Apparel,1,Labor_Day,0.29,77.4,2.65,231.52,7.15,66912.04
2022-09-09,Store_05,157498,Apparel,1,Labor_Day,0.16,76.7,2.78,231.75,7.17,52134.47
2022-09-16,Store_05,157498,Apparel,0,None,0.29,72.6,2.73,231.71,6.98,37392.77
2022-09-23,Store_05,157498,Apparel,0,None,0.14,68.2,2.81,232.23,7.05,29671.24
2022-09-30,Store_05,157498,Apparel,0,None,0.0,65.6,2.78,232.7,6.72,21981.52
2022-10-07,Store_05,157498,Apparel,0,None,0.0,65.2,2.91,233.64,6.92,23044.21
2022-10-14,Store_05,157498,Apparel,0,None,0.17,64.2,2.92,232.97,6.98,30125.29
2022-10-21,Store_05,157498,Apparel,0,None,0.0,62.1,2.85,233.21,6.87,22220.1
2022-10-28,Store_05,157498,Apparel,0,None,0.0,57.1,2.94,233.23,7.14,21610.22
2022-11-04,Store_05,157498,Apparel,0,None,0.0,56.8,2.95,232.5,6.82,19553.98
2022-11-11,Store_05,157498,Apparel,0,None,0.26,53.3,3.02,233.64,6.9,32548.57
2022-11-18,Store_05,157498,Apparel,0,None,0.0,49.6,2.94,233.88,6.94,19379.94
2022-11-25,Store_05,157498,Apparel,1,Thanksgiving_BlackFriday,0.0,42.9,3.06,235.27,7.06,36094.07
2022-12-02,Store_05,157498,Apparel,0,None,0.0,41.2,3.11,234.13,6.75,20987.18
2022-12-09,Store_05,157498,Apparel,0,None,0.24,41.4,3.0,234.57,7.0,29715.31
2022-12-16,Store_05,157498,Apparel,0,None,0.0,39.1,3.07,234.6,6.87,19953.74
2022-12-23,Store_05,157498,Apparel,1,Christmas_Holiday,0.0,38.0,3.06,234.22,6.75,35471.65
2022-12-30,Store_05,157498,Apparel,1,Christmas_Holiday,0.0,40.7,3.19,235.57,6.88,35653.21
2023-01-06,Store_05,157498,Apparel,0,None,0.0,37.3,3.27,235.57,6.84,22621.06
2023-01-13,Store_05,157498,Apparel,0,None,0.0,37.5,3.35,235.78,6.74,21707.86
2023-01-20,Store_05,157498,Apparel,0,None,0.0,36.9,3.31,235.12,6.79,21725.38
2023-01-27,Store_05,157498,Apparel,0,None,0.0,32.7,3.43,236.47,6.73,21487.36
2023-02-03,Store_05,157498,Apparel,0,None,0.0,36.0,3.31,235.26,6.76,23809.27
2023-02-10,Store_05,157498,Apparel,1,Super_Bowl,0.21,34.0,3.33,236.45,6.8,42750.44
2023-02-17,Store_05,157498,Apparel,0,None,0.0,34.4,3.44,237.44,6.88,23620.44
2023-02-24,Store_05,157498,Apparel,0,None,0.0,38.7,3.5,236.04,6.58,24665.79
2023-03-03,Store_05,157498,Apparel,0,None,0.0,40.6,3.51,236.45,6.9,24833.23
2023-03-10,Store_05,157498,Apparel,0,None,0.0,43.6,3.44,236.97,6.48,24609.95
2023-03-17,Store_05,157498,Apparel,0,None,0.0,42.0,3.57,236.86,6.64,23720.26
2023-03-24,Store_05,157498,Apparel,0,None,0.08,44.1,3.53,236.53,6.7,30917.86
2023-03-31,Store_05,157498,Apparel,1,Easter,0.0,53.4,3.66,237.53,6.65,34356.9
2023-04-07,Store_05,157498,Apparel,1,Easter,0.3,56.4,3.67,237.16,6.55,55595.63
2023-04-14,Store_05,157498,Apparel,1,Easter,0.0,53.7,3.63,238.12,6.57,34458.25
2023-04-21,Store_05,157498,Apparel,0,None,0.0,61.2,3.67,237.62,6.53,26838.47
2023-04-28,Store_05,157498,Apparel,0,None,0.0,66.0,3.66,239.04,6.5,26569.55
2023-05-05,Store_05,157498,Apparel,0,None,0.19,63.9,3.73,238.07,6.63,38781.12
2023-05-12,Store_05,157498,Apparel,0,None,0.15,68.2,3.79,238.49,6.56,35871.88
2023-05-19,Store_05,157498,Apparel,0,None,0.0,68.4,3.71,239.25,6.44,27263.14
2023-05-26,Store_05,157498,Apparel,0,None,0.23,76.3,3.8,238.42,6.59,44295.96
2023-06-02,Store_05,157498,Apparel,0,None,0.0,74.9,3.76,239.34,6.51,27662.84
2023-06-09,Store_05,157498,Apparel,0,None,0.0,72.6,3.75,240.08,6.55,27833.18
2023-06-16,Store_05,157498,Apparel,0,None,0.0,80.7,3.79,238.81,6.51,28048.72
2023-06-23,Store_05,157498,Apparel,0,None,0.0,84.7,3.75,239.9,6.35,28989.98
2023-06-30,Store_05,157498,Apparel,0,None,0.0,83.9,3.77,240.13,6.36,27916.89
2023-07-07,Store_05,157498,Apparel,0,None,0.0,83.2,3.74,240.58,6.48,27972.25
2023-07-14,Store_05,157498,Apparel,0,None,0.0,80.9,3.89,239.77,6.45,27672.02
2023-07-21,Store_05,157498,Apparel,0,None,0.0,86.7,3.79,239.92,6.37,27464.87
2023-07-28,Store_05,157498,Apparel,0,None,0.0,80.4,3.75,241.03,6.36,25345.06
2023-08-04,Store_05,157498,Apparel,0,None,0.0,80.6,3.78,241.11,6.46,28241.59
2023-08-11,Store_05,157498,Apparel,0,None,0.0,75.3,3.76,241.28,6.26,32587.52
2023-08-18,Store_05,157498,Apparel,0,None,0.0,80.0,3.74,241.52,6.36,32642.6
2023-08-25,Store_05,157498,Apparel,0,None,0.0,77.4,3.76,241.2,6.27,31283.62
2023-09-01,Store_05,157498,Apparel,1,Labor_Day,0.2,81.2,3.75,241.85,6.25,59110.46
2023-09-08,Store_05,157498,Apparel,1,Labor_Day,0.14,74.0,3.67,242.07,6.37,59670.53
2023-09-15,Store_05,157498,Apparel,0,None,0.0,76.0,3.64,241.76,6.32,22991.6
2023-09-22,Store_05,157498,Apparel,0,None,0.24,74.8,3.64,243.24,6.31,35183.23
2023-09-29,Store_05,157498,Apparel,0,None,0.0,70.8,3.51,242.74,6.34,26474.87
2023-10-06,Store_05,157498,Apparel,0,None,0.0,65.6,3.52,242.1,6.19,22941.79
2023-10-13,Store_05,157498,Apparel,0,None,0.0,60.9,3.64,243.21,6.24,21555.16
2023-10-20,Store_05,157498,Apparel,0,None,0.0,59.5,3.62,242.59,6.13,22487.07
2023-10-27,Store_05,157498,Apparel,0,None,0.0,58.1,3.5,243.66,6.18,22965.33
2023-11-03,Store_05,157498,Apparel,0,None,0.0,54.3,3.51,244.04,6.12,20670.06
2023-11-10,Store_05,157498,Apparel,0,None,0.0,51.3,3.46,243.24,6.12,20921.88
2023-11-17,Store_05,157498,Apparel,0,None,0.0,48.3,3.57,244.33,6.16,22447.82
2023-11-24,Store_05,157498,Apparel,1,Thanksgiving_BlackFriday,0.0,44.6,3.43,244.24,6.0,38606.44
2023-12-01,Store_05,157498,Apparel,0,None,0.23,39.7,3.34,244.64,6.27,30222.62
2023-12-08,Store_05,157498,Apparel,0,None,0.0,49.8,3.26,245.37,5.95,20605.92
2023-12-15,Store_05,157498,Apparel,0,None,0.12,37.4,3.19,244.49,5.91,26915.78
2023-12-22,Store_05,157498,Apparel,1,Christmas_Holiday,0.0,39.1,3.25,244.43,6.13,42351.72
2023-12-29,Store_05,157498,Apparel,1,Christmas_Holiday,0.0,37.0,3.16,244.56,6.08,40248.06
2021-01-01,Store_05,157498,Electronics,0,None,0.26,31.2,3.23,214.14,8.42,39590.26
2021-01-08,Store_05,157498,Electronics,0,None,0.0,39.8,3.27,214.91,8.48,23714.21
2021-01-15,Store_05,157498,Electronics,0,None,0.0,41.8,3.27,214.88,8.5,26019.16
2021-01-22,Store_05,157498,Electronics,0,None,0.09,37.0,3.26,215.73,8.48,29886.79
2021-01-29,Store_05,157498,Electronics,0,None,0.0,40.1,3.35,215.32,8.52,26322.97
2021-02-05,Store_05,157498,Electronics,1,Super_Bowl,0.21,31.0,3.34,215.26,8.42,57086.26
2021-02-12,Store_05,157498,Electronics,1,Super_Bowl,0.0,34.5,3.46,216.89,8.55,38679.72
2021-02-19,Store_05,157498,Electronics,0,None,0.05,46.3,3.44,216.23,8.36,29350.34
2021-02-26,Store_05,157498,Electronics,0,None,0.0,32.8,3.44,216.57,8.64,28599.9
2021-03-05,Store_05,157498,Electronics,0,None,0.0,37.3,3.49,216.02,8.42,28159.62
2021-03-12,Store_05,157498,Electronics,0,None,0.1,42.3,3.56,216.65,8.25,34888.96
2021-03-19,Store_05,157498,Electronics,0,None,0.29,48.3,3.54,217.17,8.22,49395.39
2021-03-26,Store_05,157498,Electronics,1,Easter,0.0,49.9,3.56,216.73,8.36,46042.83
2021-04-02,Store_05,157498,Electronics,1,Easter,0.0,49.7,3.64,217.69,8.27,46310.98
2021-04-09,Store_05,157498,Electronics,1,Easter,0.24,55.1,3.66,217.39,8.35,70777.52
2021-04-16,Store_05,157498,Electronics,0,None,0.28,53.4,3.65,217.74,8.31,51593.51
2021-04-23,Store_05,157498,Electronics,0,None,0.0,54.4,3.67,217.78,8.24,30908.5
2021-04-30,Store_05,157498,Electronics,0,None,0.0,63.9,3.73,219.2,8.14,31141.93
2021-05-07,Store_05,157498,Electronics,0,None,0.0,69.3,3.66,218.45,8.06,32134.79
2021-05-14,Store_05,157498,Electronics,0,None,0.0,69.5,3.68,218.12,8.15,32455.06
2021-05-21,Store_05,157498,Electronics,0,None,0.0,70.8,3.73,219.26,8.27,33744.85
2021-05-28,Store_05,157498,Electronics,0,None,0.25,75.0,3.76,218.43,8.18,53589.15
2021-06-04,Store_05,157498,Electronics,0,None,0.16,77.2,3.8,219.34,8.02,44013.3
2021-06-11,Store_05,157498,Electronics,0,None,0.0,75.4,3.86,218.44,8.15,33670.87
2021-06-18,Store_05,157498,Electronics,0,None,0.0,86.0,3.84,218.95,8.15,31833.99
2021-06-25,Store_05,157498,Electronics,0,None,0.0,83.9,3.79,219.91,8.01,32740.79
2021-07-02,Store_05,157498,Electronics,0,None,0.0,80.0,3.8,220.37,8.1,31729.29
2021-07-09,Store_05,157498,Electronics,0,None,0.07,78.1,3.75,220.28,8.07,36325.89
2021-07-16,Store_05,157498,Electronics,0,None,0.0,90.2,3.79,220.33,7.94,30713.38
2021-07-23,Store_05,157498,Electronics,0,None,0.0,85.7,3.78,220.43,8.07,31416.84
2021-07-30,Store_05,157498,Electronics,0,None,0.0,85.6,3.8,220.03,8.08,30585.27
2021-08-06,Store_05,157498,Electronics,0,None,0.0,79.7,3.73,220.6,8.11,29992.34
2021-08-13,Store_05,157498,Electronics,0,None,0.0,81.1,3.79,220.92,8.09,29168.33
2021-08-20,Store_05,157498,Electronics,0,None,0.0,86.5,3.82,221.87,7.83,29439.68
2021-08-27,Store_05,157498,Electronics,0,None,0.0,78.3,3.73,221.71,7.86,30028.14
2021-09-03,Store_05,157498,Electronics,1,Labor_Day,0.06,75.2,3.73,220.85,7.99,53474.03
2021-09-10,Store_05,157498,Electronics,1,Labor_Day,0.2,77.3,3.73,222.09,7.97,66081.0
2021-09-17,Store_05,157498,Electronics,0,None,0.0,74.2,3.65,221.92,7.96,25927.92
2021-09-24,Store_05,157498,Electronics,0,None,0.0,78.9,3.66,221.97,8.28,26264.53
2021-10-01,Store_05,157498,Electronics,0,None,0.0,66.1,3.62,222.81,7.93,26161.59
2021-10-08,Store_05,157498,Electronics,0,None,0.0,64.9,3.6,223.21,7.97,27418.49
2021-10-15,Store_05,157498,Electronics,0,None,0.0,63.5,3.53,223.35,7.94,26219.66
2021-10-22,Store_05,157498,Electronics,0,None,0.28,54.7,3.54,222.66,7.89,39676.03
2021-10-29,Store_05,157498,Electronics,0,None,0.0,52.5,3.54,223.11,7.78,23416.51
2021-11-05,Store_05,157498,Electronics,0,None,0.0,53.2,3.55,223.63,7.87,25225.97
2021-11-12,Store_05,157498,Electronics,0,None,0.0,52.4,3.49,224.14,7.7,25525.02
2021-11-19,Store_05,157498,Electronics,0,None,0.27,48.1,3.52,223.61,7.74,41090.56
2021-11-26,Store_05,157498,Electronics,1,Thanksgiving_BlackFriday,0.0,42.6,3.34,223.95,7.7,55083.44
2021-12-03,Store_05,157498,Electronics,0,None,0.0,37.2,3.39,223.68,7.74,24630.56
2021-12-10,Store_05,157498,Electronics,0,None,0.0,39.5,3.32,223.82,7.95,24558.23
2021-12-17,Store_05,157498,Electronics,0,None,0.18,37.3,3.38,225.02,7.51,34151.99
2021-12-24,Store_05,157498,Electronics,1,Christmas_Holiday,0.0,36.2,3.2,225.49,7.75,50932.67
2021-12-31,Store_05,157498,Electronics,1,Christmas_Holiday,0.0,30.9,3.16,224.96,7.51,53101.63
2022-01-07,Store_05,157498,Electronics,0,None,0.0,38.0,3.13,225.69,7.6,24632.47
2022-01-14,Store_05,157498,Electronics,0,None,0.0,38.3,3.02,225.57,7.74,25636.1
2022-01-21,Store_05,157498,Electronics,0,None,0.08,35.2,3.07,225.25,7.63,31705.44
2022-01-28,Store_05,157498,Electronics,0,None,0.0,33.1,3.02,225.95,7.49,25501.89
2022-02-04,Store_05,157498,Electronics,0,None,0.0,33.4,3.03,226.73,7.52,24276.91
2022-02-11,Store_05,157498,Electronics,1,Super_Bowl,0.0,33.3,3.0,226.14,7.64,41640.55
2022-02-18,Store_05,157498,Electronics,0,None,0.0,33.6,3.05,227.13,7.48,29330.81
2022-02-25,Store_05,157498,Electronics,0,None,0.0,36.4,2.97,225.23,7.56,29896.39
2022-03-04,Store_05,157498,Electronics,0,None,0.0,35.1,2.86,227.14,7.53,27739.42
2022-03-11,Store_05,157498,Electronics,0,None,0.0,42.2,2.81,226.97,7.44,28657.55
2022-03-18,Store_05,157498,Electronics,0,None,0.0,46.7,2.85,226.97,7.7,27490.05
2022-03-25,Store_05,157498,Electronics,1,Easter,0.0,47.9,2.74,227.35,7.54,44733.12
2022-04-01,Store_05,157498,Electronics,1,Easter,0.17,57.8,2.87,226.51,7.26,70067.67
2022-04-08,Store_05,157498,Electronics,1,Easter,0.0,57.8,2.81,227.58,7.46,47513.14
2022-04-15,Store_05,157498,Electronics,1,Easter,0.0,61.8,2.7,228.06,7.36,49086.53
2022-04-22,Store_05,157498,Electronics,0,None,0.0,65.9,2.62,228.82,7.5,33143.14
2022-04-29,Store_05,157498,Electronics,0,None,0.0,69.0,2.75,228.01,7.31,34439.73
2022-05-06,Store_05,157498,Electronics,0,None,0.0,68.3,2.66,228.06,7.37,35440.64
2022-05-13,Store_05,157498,Electronics,0,None,0.0,69.5,2.71,228.4,7.41,35824.38
2022-05-20,Store_05,157498,Electronics,0,None,0.0,75.7,2.56,229.3,7.43,31652.42
2022-05-27,Store_05,157498,Electronics,0,None,0.0,69.3,2.6,229.2,7.21,34301.99
2022-06-03,Store_05,157498,Electronics,0,None,0.0,72.3,2.62,228.97,7.28,34986.11
2022-06-10,Store_05,157498,Electronics,0,None,0.0,78.5,2.61,229.68,7.25,34359.64
2022-06-17,Store_05,157498,Electronics,0,None,0.0,79.7,2.58,229.66,7.22,33218.92
2022-06-24,Store_05,157498,Electronics,0,None,0.0,80.6,2.63,230.29,7.44,30724.97
2022-07-01,Store_05,157498,Electronics,0,None,0.0,86.2,2.55,229.65,7.29,30776.68
2022-07-08,Store_05,157498,Electronics,0,None,0.0,82.8,2.59,230.03,7.11,33357.85
2022-07-15,Store_05,157498,Electronics,0,None,0.0,85.4,2.61,230.19,7.31,32077.07
2022-07-22,Store_05,157498,Electronics,0,None,0.0,86.5,2.64,229.85,7.41,32435.03
2022-07-29,Store_05,157498,Electronics,0,None,0.24,89.2,2.65,230.92,7.29,51492.58
2022-08-05,Store_05,157498,Electronics,0,None,0.29,81.0,2.57,231.09,7.02,51677.75
2022-08-12,Store_05,157498,Electronics,0,None,0.29,81.2,2.56,231.16,7.11,55123.65
2022-08-19,Store_05,157498,Electronics,0,None,0.0,84.8,2.72,231.23,7.26,29550.54
2022-08-26,Store_05,157498,Electronics,0,None,0.0,80.4,2.69,230.83,7.05,29791.99
2022-09-02,Store_05,157498,Electronics,1,Labor_Day,0.25,82.7,2.65,231.52,7.15,72740.48
2022-09-09,Store_05,157498,Electronics,1,Labor_Day,0.19,75.9,2.78,231.75,7.17,63754.09
2022-09-16,Store_05,157498,Electronics,0,None,0.17,77.3,2.73,231.71,6.98,39085.71
2022-09-23,Store_05,157498,Electronics,0,None,0.0,73.8,2.81,232.23,7.05,27548.45
2022-09-30,Store_05,157498,Electronics,0,None,0.0,67.1,2.78,232.7,6.72,27932.38
2022-10-07,Store_05,157498,Electronics,0,None,0.0,65.7,2.91,233.64,6.92,26277.7
2022-10-14,Store_05,157498,Electronics,0,None,0.0,64.8,2.92,232.97,6.98,26343.75
2022-10-21,Store_05,157498,Electronics,0,None,0.0,61.0,2.85,233.21,6.87,25908.64
2022-10-28,Store_05,157498,Electronics,0,None,0.0,56.4,2.94,233.23,7.14,25201.59
2022-11-04,Store_05,157498,Electronics,0,None,0.0,54.8,2.95,232.5,6.82,24723.78
2022-11-11,Store_05,157498,Electronics,0,None,0.12,53.2,3.02,233.64,6.9,31570.07
2022-11-18,Store_05,157498,Electronics,0,None,0.19,46.1,2.94,233.88,6.94,38027.65
2022-11-25,Store_05,157498,Electronics,1,Thanksgiving_BlackFriday,0.0,44.2,3.06,235.27,7.06,54327.71
2022-12-02,Store_05,157498,Electronics,0,None,0.29,42.4,3.11,234.13,6.75,42087.38
2022-12-09,Store_05,157498,Electronics,0,None,0.2,45.7,3.0,234.57,7.0,35707.88
2022-12-16,Store_05,157498,Electronics,0,None,0.0,41.2,3.07,234.6,6.87,25429.68
2022-12-23,Store_05,157498,Electronics,1,Christmas_Holiday,0.0,39.9,3.06,234.22,6.75,56354.61
2022-12-30,Store_05,157498,Electronics,1,Christmas_Holiday,0.0,38.6,3.19,235.57,6.88,53964.98
2023-01-06,Store_05,157498,Electronics,0,None,0.0,33.0,3.27,235.57,6.84,25687.57
2023-01-13,Store_05,157498,Electronics,0,None,0.0,35.9,3.35,235.78,6.74,25339.79
2023-01-20,Store_05,157498,Electronics,0,None,0.0,37.5,3.31,235.12,6.79,28223.93
2023-01-27,Store_05,157498,Electronics,0,None,0.0,37.1,3.43,236.47,6.73,28110.7
2023-02-03,Store_05,157498,Electronics,0,None,0.0,36.2,3.31,235.26,6.76,27597.29
2023-02-10,Store_05,157498,Electronics,1,Super_Bowl,0.0,38.2,3.33,236.45,6.8,42800.62
2023-02-17,Store_05,157498,Electronics,0,None,0.0,34.9,3.44,237.44,6.88,27822.9
2023-02-24,Store_05,157498,Electronics,0,None,0.0,38.3,3.5,236.04,6.58,29504.84
2023-03-03,Store_05,157498,Electronics,0,None,0.0,37.7,3.51,236.45,6.9,29559.9
2023-03-10,Store_05,157498,Electronics,0,None,0.0,38.3,3.44,236.97,6.48,30123.71
2023-03-17,Store_05,157498,Electronics,0,None,0.0,45.6,3.57,236.86,6.64,30658.25
2023-03-24,Store_05,157498,Electronics,0,None,0.0,49.4,3.53,236.53,6.7,31213.17
2023-03-31,Store_05,157498,Electronics,1,Easter,0.06,46.3,3.66,237.53,6.65,50707.58
2023-04-07,Store_05,157498,Electronics,1,Easter,0.22,51.8,3.67,237.16,6.55,77231.37
2023-04-14,Store_05,157498,Electronics,1,Easter,0.0,57.3,3.63,238.12,6.57,53894.38
2023-04-21,Store_05,157498,Electronics,0,None,0.18,59.2,3.67,237.62,6.53,46087.1
2023-04-28,Store_05,157498,Electronics,0,None,0.0,61.5,3.66,239.04,6.5,34130.59
2023-05-05,Store_05,157498,Electronics,0,None,0.0,63.8,3.73,238.07,6.63,32349.91
2023-05-12,Store_05,157498,Electronics,0,None,0.2,69.2,3.79,238.49,6.56,52030.19
2023-05-19,Store_05,157498,Electronics,0,None,0.27,70.4,3.71,239.25,6.44,51098.78
2023-05-26,Store_05,157498,Electronics,0,None,0.0,76.2,3.8,238.42,6.59,33149.07
2023-06-02,Store_05,157498,Electronics,0,None,0.0,73.3,3.76,239.34,6.51,35975.36
2023-06-09,Store_05,157498,Electronics,0,None,0.0,82.3,3.75,240.08,6.55,35687.79
2023-06-16,Store_05,157498,Electronics,0,None,0.0,76.3,3.79,238.81,6.51,33739.58
2023-06-23,Store_05,157498,Electronics,0,None,0.0,85.2,3.75,239.9,6.35,34268.67
2023-06-30,Store_05,157498,Electronics,0,None,0.18,86.2,3.77,240.13,6.36,51902.07
2023-07-07,Store_05,157498,Electronics,0,None,0.0,80.8,3.74,240.58,6.48,30146.2
2023-07-14,Store_05,157498,Electronics,0,None,0.0,81.0,3.89,239.77,6.45,33557.26
2023-07-21,Store_05,157498,Electronics,0,None,0.0,83.7,3.79,239.92,6.37,34448.73
2023-07-28,Store_05,157498,Electronics,0,None,0.0,81.7,3.75,241.03,6.36,32547.55
2023-08-04,Store_05,157498,Electronics,0,None,0.0,86.7,3.78,241.11,6.46,35177.85
2023-08-11,Store_05,157498,Electronics,0,None,0.0,84.9,3.76,241.28,6.26,31851.1
2023-08-18,Store_05,157498,Electronics,0,None,0.0,80.5,3.74,241.52,6.36,33196.47
2023-08-25,Store_05,157498,Electronics,0,None,0.0,81.7,3.76,241.2,6.27,32151.76
2023-09-01,Store_05,157498,Electronics,1,Labor_Day,0.26,78.1,3.75,241.85,6.25,78637.43
2023-09-08,Store_05,157498,Electronics,1,Labor_Day,0.2,75.3,3.67,242.07,6.37,68653.04
2023-09-15,Store_05,157498,Electronics,0,None,0.0,77.2,3.64,241.76,6.32,30399.02
2023-09-22,Store_05,157498,Electronics,0,None,0.0,74.0,3.64,243.24,6.31,27643.8
2023-09-29,Store_05,157498,Electronics,0,None,0.11,68.2,3.51,242.74,6.34,36411.06
2023-10-06,Store_05,157498,Electronics,0,None,0.06,62.6,3.52,242.1,6.19,29892.22
2023-10-13,Store_05,157498,Electronics,0,None,0.0,66.4,3.64,243.21,6.24,26328.09
2023-10-20,Store_05,157498,Electronics,0,None,0.0,61.3,3.62,242.59,6.13,26760.56
2023-10-27,Store_05,157498,Electronics,0,None,0.0,61.5,3.5,243.66,6.18,26312.25
2023-11-03,Store_05,157498,Electronics,0,None,0.1,51.8,3.51,244.04,6.12,33100.77
2023-11-10,Store_05,157498,Electronics,0,None,0.16,50.7,3.46,243.24,6.12,37615.44
2023-11-17,Store_05,157498,Electronics,0,None,0.0,48.6,3.57,244.33,6.16,25493.02
2023-11-24,Store_05,157498,Electronics,1,Thanksgiving_BlackFriday,0.0,46.5,3.43,244.24,6.0,54057.56
2023-12-01,Store_05,157498,Electronics,0,None,0.0,40.8,3.34,244.64,6.27,26491.05
2023-12-08,Store_05,157498,Electronics,0,None,0.0,44.1,3.26,245.37,5.95,24191.82
2023-12-15,Store_05,157498,Electronics,0,None,0.0,39.7,3.19,244.49,5.91,26081.83
2023-12-22,Store_05,157498,Electronics,1,Christmas_Holiday,0.2,38.6,3.25,244.43,6.13,85831.69
2023-12-29,Store_05,157498,Electronics,1,Christmas_Holiday,0.12,36.1,3.16,244.56,6.08,75791.06
2021-01-01,Store_05,157498,Grocery,0,None,0.0,31.4,3.23,214.14,8.42,32151.23
2021-01-08,Store_05,157498,Grocery,0,None,0.0,39.3,3.27,214.91,8.48,29454.12
2021-01-15,Store_05,157498,Grocery,0,None,0.0,35.0,3.27,214.88,8.5,31056.33
2021-01-22,Store_05,157498,Grocery,0,None,0.0,34.4,3.26,215.73,8.48,31330.3
2021-01-29,Store_05,157498,Grocery,0,None,0.08,31.8,3.35,215.32,8.52,36859.93
2021-02-05,Store_05,157498,Grocery,1,Super_Bowl,0.27,37.1,3.34,215.26,8.42,49043.57
2021-02-12,Store_05,157498,Grocery,1,Super_Bowl,0.21,33.4,3.46,216.89,8.55,52016.55
2021-02-19,Store_05,157498,Grocery,0,None,0.0,33.9,3.44,216.23,8.36,36942.35
2021-02-26,Store_05,157498,Grocery,0,None,0.0,41.7,3.44,216.57,8.64,33294.99
2021-03-05,Store_05,157498,Grocery,0,None,0.0,37.1,3.49,216.02,8.42,33621.96
2021-03-12,Store_05,157498,Grocery,0,None,0.0,44.6,3.56,216.65,8.25,32393.93
2021-03-19,Store_05,157498,Grocery,0,None,0.28,42.9,3.54,217.17,8.22,48643.43
2021-03-26,Store_05,157498,Grocery,1,Easter,0.0,53.2,3.56,216.73,8.36,43556.91
2021-04-02,Store_05,157498,Grocery,1,Easter,0.0,46.3,3.64,217.69,8.27,40113.33
2021-04-09,Store_05,157498,Grocery,1,Easter,0.09,52.0,3.66,217.39,8.35,50397.73
2021-04-16,Store_05,157498,Grocery,0,None,0.0,56.7,3.65,217.74,8.31,42164.27
2021-04-23,Store_05,157498,Grocery,0,None,0.0,59.3,3.67,217.78,8.24,38439.35
2021-04-30,Store_05,157498,Grocery,0,None,0.0,63.3,3.73,219.2,8.14,39109.08
2021-05-07,Store_05,157498,Grocery,0,None,0.0,68.0,3.66,218.45,8.06,44402.77
2021-05-14,Store_05,157498,Grocery,0,None,0.0,67.4,3.68,218.12,8.15,38032.88
2021-05-21,Store_05,157498,Grocery,0,None,0.05,73.9,3.73,219.26,8.27,43639.88
2021-05-28,Store_05,157498,Grocery,0,None,0.0,73.7,3.76,218.43,8.18,41937.26
2021-06-04,Store_05,157498,Grocery,0,None,0.19,68.4,3.8,219.34,8.02,51344.71
2021-06-11,Store_05,157498,Grocery,0,None,0.0,75.6,3.86,218.44,8.15,42321.22
2021-06-18,Store_05,157498,Grocery,0,None,0.14,78.5,3.84,218.95,8.15,47625.38
2021-06-25,Store_05,157498,Grocery,0,None,0.14,79.7,3.79,219.91,8.01,44815.77
2021-07-02,Store_05,157498,Grocery,0,None,0.0,81.3,3.8,220.37,8.1,40672.45
2021-07-09,Store_05,157498,Grocery,0,None,0.12,86.5,3.75,220.28,8.07,46980.03
2021-07-16,Store_05,157498,Grocery,0,None,0.0,88.2,3.79,220.33,7.94,40091.95
2021-07-23,Store_05,157498,Grocery,0,None,0.0,81.5,3.78,220.43,8.07,40014.84
2021-07-30,Store_05,157498,Grocery,0,None,0.0,82.3,3.8,220.03,8.08,41054.32
2021-08-06,Store_05,157498,Grocery,0,None,0.0,83.6,3.73,220.6,8.11,37276.74
2021-08-13,Store_05,157498,Grocery,0,None,0.0,81.5,3.79,220.92,8.09,37540.69
2021-08-20,Store_05,157498,Grocery,0,None,0.0,88.9,3.82,221.87,7.83,38265.94
2021-08-27,Store_05,157498,Grocery,0,None,0.0,80.3,3.73,221.71,7.86,38008.74
2021-09-03,Store_05,157498,Grocery,1,Labor_Day,0.0,71.3,3.73,220.85,7.99,40590.61
2021-09-10,Store_05,157498,Grocery,1,Labor_Day,0.0,75.0,3.73,222.09,7.97,43651.5
2021-09-17,Store_05,157498,Grocery,0,None,0.0,77.1,3.65,221.92,7.96,34343.98
2021-09-24,Store_05,157498,Grocery,0,None,0.0,71.0,3.66,221.97,8.28,37407.41
2021-10-01,Store_05,157498,Grocery,0,None,0.0,65.7,3.62,222.81,7.93,32084.27
2021-10-08,Store_05,157498,Grocery,0,None,0.0,66.7,3.6,223.21,7.97,33741.49
2021-10-15,Store_05,157498,Grocery,0,None,0.0,67.1,3.53,223.35,7.94,31186.32
2021-10-22,Store_05,157498,Grocery,0,None,0.0,56.8,3.54,222.66,7.89,33185.49
2021-10-29,Store_05,157498,Grocery,0,None,0.0,60.4,3.54,223.11,7.78,30826.02
2021-11-05,Store_05,157498,Grocery,0,None,0.0,53.2,3.55,223.63,7.87,33323.92
2021-11-12,Store_05,157498,Grocery,0,None,0.0,56.8,3.49,224.14,7.7,31518.32
2021-11-19,Store_05,157498,Grocery,0,None,0.0,49.0,3.52,223.61,7.74,27869.17
2021-11-26,Store_05,157498,Grocery,1,Thanksgiving_BlackFriday,0.18,45.8,3.34,223.95,7.7,51307.32
2021-12-03,Store_05,157498,Grocery,0,None,0.0,44.6,3.39,223.68,7.74,30443.13
2021-12-10,Store_05,157498,Grocery,0,None,0.0,43.3,3.32,223.82,7.95,31632.57
2021-12-17,Store_05,157498,Grocery,0,None,0.0,31.2,3.38,225.02,7.51,30305.79
2021-12-24,Store_05,157498,Grocery,1,Christmas_Holiday,0.0,42.0,3.2,225.49,7.75,45843.04
2021-12-31,Store_05,157498,Grocery,1,Christmas_Holiday,0.0,32.8,3.16,224.96,7.51,41742.49
2022-01-07,Store_05,157498,Grocery,0,None,0.0,32.8,3.13,225.69,7.6,31092.34
2022-01-14,Store_05,157498,Grocery,0,None,0.0,31.9,3.02,225.57,7.74,33038.14
2022-01-21,Store_05,157498,Grocery,0,None,0.16,34.2,3.07,225.25,7.63,39894.85
2022-01-28,Store_05,157498,Grocery,0,None,0.0,38.3,3.02,225.95,7.49,35743.12
2022-02-04,Store_05,157498,Grocery,0,None,0.0,33.8,3.03,226.73,7.52,33603.04
2022-02-11,Store_05,157498,Grocery,1,Super_Bowl,0.0,38.9,3.0,226.14,7.64,39273.62
2022-02-18,Store_05,157498,Grocery,0,None,0.11,39.4,3.05,227.13,7.48,42438.73
2022-02-25,Store_05,157498,Grocery,0,None,0.0,37.9,2.97,225.23,7.56,35877.79
2022-03-04,Store_05,157498,Grocery,0,None,0.0,36.5,2.86,227.14,7.53,35696.46
2022-03-11,Store_05,157498,Grocery,0,None,0.0,46.4,2.81,226.97,7.44,36711.17
2022-03-18,Store_05,157498,Grocery,0,None,0.09,46.3,2.85,226.97,7.7,40586.14
2022-03-25,Store_05,157498,Grocery,1,Easter,0.0,50.1,2.74,227.35,7.54,45808.62
2022-04-01,Store_05,157498,Grocery,1,Easter,0.0,50.3,2.87,226.51,7.26,45303.83
2022-04-08,Store_05,157498,Grocery,1,Easter,0.28,53.4,2.81,227.58,7.46,59534.91
2022-04-15,Store_05,157498,Grocery,1,Easter,0.15,57.1,2.7,228.06,7.36,55466.83
2022-04-22,Store_05,157498,Grocery,0,None,0.0,61.1,2.62,228.82,7.5,40184.9
2022-04-29,Store_05,157498,Grocery,0,None,0.0,62.6,2.75,228.01,7.31,41795.48
2022-05-06,Store_05,157498,Grocery,0,None,0.0,62.1,2.66,228.06,7.37,40503.22
2022-05-13,Store_05,157498,Grocery,0,None,0.0,70.6,2.71,228.4,7.41,43810.59
2022-05-20,Store_05,157498,Grocery,0,None,0.0,72.8,2.56,229.3,7.43,42985.18
2022-05-27,Store_05,157498,Grocery,0,None,0.0,74.0,2.6,229.2,7.21,43520.2
2022-06-03,Store_05,157498,Grocery,0,None,0.06,82.4,2.62,228.97,7.28,44796.1
2022-06-10,Store_05,157498,Grocery,0,None,0.0,77.2,2.61,229.68,7.25,41053.46
2022-06-17,Store_05,157498,Grocery,0,None,0.0,76.4,2.58,229.66,7.22,43449.89
2022-06-24,Store_05,157498,Grocery,0,None,0.0,88.1,2.63,230.29,7.44,44450.74
2022-07-01,Store_05,157498,Grocery,0,None,0.0,84.7,2.55,229.65,7.29,43132.27
2022-07-08,Store_05,157498,Grocery,0,None,0.0,84.7,2.59,230.03,7.11,45303.06
2022-07-15,Store_05,157498,Grocery,0,None,0.19,81.9,2.61,230.19,7.31,51328.81
2022-07-22,Store_05,157498,Grocery,0,None,0.0,86.2,2.64,229.85,7.41,40474.48
2022-07-29,Store_05,157498,Grocery,0,None,0.0,85.1,2.65,230.92,7.29,39955.6
2022-08-05,Store_05,157498,Grocery,0,None,0.0,86.7,2.57,231.09,7.02,38908.5
2022-08-12,Store_05,157498,Grocery,0,None,0.0,81.5,2.56,231.16,7.11,41721.3
2022-08-19,Store_05,157498,Grocery,0,None,0.0,77.1,2.72,231.23,7.26,40464.32
2022-08-26,Store_05,157498,Grocery,0,None,0.0,80.9,2.69,230.83,7.05,40116.46
2022-09-02,Store_05,157498,Grocery,1,Labor_Day,0.19,77.9,2.65,231.52,7.15,54107.57
2022-09-09,Store_05,157498,Grocery,1,Labor_Day,0.0,78.1,2.78,231.75,7.17,44742.41
2022-09-16,Store_05,157498,Grocery,0,None,0.0,75.5,2.73,231.71,6.98,35380.02
2022-09-23,Store_05,157498,Grocery,0,None,0.0,70.0,2.81,232.23,7.05,34413.95
2022-09-30,Store_05,157498,Grocery,0,None,0.14,71.1,2.78,232.7,6.72,39049.22
2022-10-07,Store_05,157498,Grocery,0,None,0.0,64.8,2.91,233.64,6.92,33968.18
2022-10-14,Store_05,157498,Grocery,0,None,0.0,57.0,2.92,232.97,6.98,32710.77
2022-10-21,Store_05,157498,Grocery,0,None,0.0,58.1,2.85,233.21,6.87,34674.4
2022-10-28,Store_05,157498,Grocery,0,None,0.0,61.2,2.94,233.23,7.14,32335.51
2022-11-04,Store_05,157498,Grocery,0,None,0.0,52.2,2.95,232.5,6.82,32419.22
2022-11-11,Store_05,157498,Grocery,0,None,0.0,48.6,3.02,233.64,6.9,29592.2
2022-11-18,Store_05,157498,Grocery,0,None,0.0,49.2,2.94,233.88,6.94,31506.84
2022-11-25,Store_05,157498,Grocery,1,Thanksgiving_BlackFriday,0.0,46.2,3.06,235.27,7.06,42023.71
2022-12-02,Store_05,157498,Grocery,0,None,0.0,39.7,3.11,234.13,6.75,32415.62
2022-12-09,Store_05,157498,Grocery,0,None,0.2,38.1,3.0,234.57,7.0,41963.09
2022-12-16,Store_05,157498,Grocery,0,None,0.0,36.4,3.07,234.6,6.87,30666.84
2022-12-23,Store_05,157498,Grocery,1,Christmas_Holiday,0.0,37.2,3.06,234.22,6.75,42073.88
2022-12-30,Store_05,157498,Grocery,1,Christmas_Holiday,0.0,38.4,3.19,235.57,6.88,44682.91
2023-01-06,Store_05,157498,Grocery,0,None,0.0,35.3,3.27,235.57,6.84,33493.56
2023-01-13,Store_05,157498,Grocery,0,None,0.0,31.8,3.35,235.78,6.74,32453.37
2023-01-20,Store_05,157498,Grocery,0,None,0.0,35.3,3.31,235.12,6.79,33948.37
2023-01-27,Store_05,157498,Grocery,0,None,0.19,33.5,3.43,236.47,6.73,43052.03
2023-02-03,Store_05,157498,Grocery,0,None,0.0,41.5,3.31,235.26,6.76,36698.45
2023-02-10,Store_05,157498,Grocery,1,Super_Bowl,0.23,35.5,3.33,236.45,6.8,51825.32
2023-02-17,Store_05,157498,Grocery,0,None,0.0,42.4,3.44,237.44,6.88,35085.86
2023-02-24,Store_05,157498,Grocery,0,None,0.08,39.2,3.5,236.04,6.58,40648.97
2023-03-03,Store_05,157498,Grocery,0,None,0.0,37.2,3.51,236.45,6.9,37109.75
2023-03-10,Store_05,157498,Grocery,0,None,0.19,46.6,3.44,236.97,6.48,49386.85
2023-03-17,Store_05,157498,Grocery,0,None,0.0,46.4,3.57,236.86,6.64,35752.85
2023-03-24,Store_05,157498,Grocery,0,None,0.05,48.7,3.53,236.53,6.7,47135.72
2023-03-31,Store_05,157498,Grocery,1,Easter,0.0,52.6,3.66,237.53,6.65,48465.11
2023-04-07,Store_05,157498,Grocery,1,Easter,0.0,54.0,3.67,237.16,6.55,47197.16
2023-04-14,Store_05,157498,Grocery,1,Easter,0.0,57.6,3.63,238.12,6.57,46443.81
2023-04-21,Store_05,157498,Grocery,0,None,0.28,61.5,3.67,237.62,6.53,56375.25
2023-04-28,Store_05,157498,Grocery,0,None,0.0,61.5,3.66,239.04,6.5,44387.35
2023-05-05,Store_05,157498,Grocery,0,None,0.0,67.4,3.73,238.07,6.63,43731.86
2023-05-12,Store_05,157498,Grocery,0,None,0.0,68.7,3.79,238.49,6.56,43298.95
2023-05-19,Store_05,157498,Grocery,0,None,0.0,74.4,3.71,239.25,6.44,46667.07
2023-05-26,Store_05,157498,Grocery,0,None,0.12,72.2,3.8,238.42,6.59,50206.36
2023-06-02,Store_05,157498,Grocery,0,None,0.0,74.8,3.76,239.34,6.51,46029.07
2023-06-09,Store_05,157498,Grocery,0,None,0.0,81.5,3.75,240.08,6.55,42458.89
2023-06-16,Store_05,157498,Grocery,0,None,0.0,79.1,3.79,238.81,6.51,47276.19
2023-06-23,Store_05,157498,Grocery,0,None,0.0,81.8,3.75,239.9,6.35,41808.66
2023-06-30,Store_05,157498,Grocery,0,None,0.0,80.4,3.77,240.13,6.36,43052.26
2023-07-07,Store_05,157498,Grocery,0,None,0.0,83.5,3.74,240.58,6.48,42119.84
2023-07-14,Store_05,157498,Grocery,0,None,0.0,88.3,3.89,239.77,6.45,44249.41
2023-07-21,Store_05,157498,Grocery,0,None,0.0,89.9,3.79,239.92,6.37,41907.31
2023-07-28,Store_05,157498,Grocery,0,None,0.2,82.0,3.75,241.03,6.36,50325.02
2023-08-04,Store_05,157498,Grocery,0,None,0.0,87.7,3.78,241.11,6.46,40521.33
2023-08-11,Store_05,157498,Grocery,0,None,0.0,88.6,3.76,241.28,6.26,38920.74
2023-08-18,Store_05,157498,Grocery,0,None,0.0,84.0,3.74,241.52,6.36,37886.1
2023-08-25,Store_05,157498,Grocery,0,None,0.0,78.4,3.76,241.2,6.27,38215.5
2023-09-01,Store_05,157498,Grocery,1,Labor_Day,0.0,79.0,3.75,241.85,6.25,43742.32
2023-09-08,Store_05,157498,Grocery,1,Labor_Day,0.18,80.5,3.67,242.07,6.37,54511.28
2023-09-15,Store_05,157498,Grocery,0,None,0.0,69.8,3.64,241.76,6.32,40073.45
2023-09-22,Store_05,157498,Grocery,0,None,0.0,75.6,3.64,243.24,6.31,34187.8
2023-09-29,Store_05,157498,Grocery,0,None,0.0,69.2,3.51,242.74,6.34,37112.89
2023-10-06,Store_05,157498,Grocery,0,None,0.0,62.6,3.52,242.1,6.19,35676.12
2023-10-13,Store_05,157498,Grocery,0,None,0.0,62.8,3.64,243.21,6.24,35398.53
2023-10-20,Store_05,157498,Grocery,0,None,0.0,62.9,3.62,242.59,6.13,35764.85
2023-10-27,Store_05,157498,Grocery,0,None,0.0,51.4,3.5,243.66,6.18,33563.88
2023-11-03,Store_05,157498,Grocery,0,None,0.0,54.5,3.51,244.04,6.12,32315.31
2023-11-10,Store_05,157498,Grocery,0,None,0.0,47.5,3.46,243.24,6.12,32584.78
2023-11-17,Store_05,157498,Grocery,0,None,0.0,45.5,3.57,244.33,6.16,32728.85
2023-11-24,Store_05,157498,Grocery,1,Thanksgiving_BlackFriday,0.0,49.0,3.43,244.24,6.0,44699.65
2023-12-01,Store_05,157498,Grocery,0,None,0.0,38.7,3.34,244.64,6.27,34153.43
2023-12-08,Store_05,157498,Grocery,0,None,0.0,37.8,3.26,245.37,5.95,34586.45
2023-12-15,Store_05,157498,Grocery,0,None,0.16,32.4,3.19,244.49,5.91,40462.76
2023-12-22,Store_05,157498,Grocery,1,Christmas_Holiday,0.0,37.9,3.25,244.43,6.13,42151.98
2023-12-29,Store_05,157498,Grocery,1,Christmas_Holiday,0.14,34.0,3.16,244.56,6.08,54507.28
2021-01-01,Store_05,157498,Home_Garden,0,None,0.0,38.9,3.23,214.14,8.42,16476.37
2021-01-08,Store_05,157498,Home_Garden,0,None,0.0,37.2,3.27,214.91,8.48,16663.33
2021-01-15,Store_05,157498,Home_Garden,0,None,0.0,39.8,3.27,214.88,8.5,16037.09
2021-01-22,Store_05,157498,Home_Garden,0,None,0.0,30.6,3.26,215.73,8.48,17985.02
2021-01-29,Store_05,157498,Home_Garden,0,None,0.0,26.5,3.35,215.32,8.52,17950.58
2021-02-05,Store_05,157498,Home_Garden,1,Super_Bowl,0.27,31.9,3.34,215.26,8.42,27595.12
2021-02-12,Store_05,157498,Home_Garden,1,Super_Bowl,0.0,38.3,3.46,216.89,8.55,18948.37
2021-02-19,Store_05,157498,Home_Garden,0,None,0.0,39.1,3.44,216.23,8.36,19427.24
2021-02-26,Store_05,157498,Home_Garden,0,None,0.0,37.2,3.44,216.57,8.64,19711.18
2021-03-05,Store_05,157498,Home_Garden,0,None,0.0,41.8,3.49,216.02,8.42,19864.47
2021-03-12,Store_05,157498,Home_Garden,0,None,0.0,45.0,3.56,216.65,8.25,19458.34
2021-03-19,Store_05,157498,Home_Garden,0,None,0.0,48.5,3.54,217.17,8.22,18435.83
2021-03-26,Store_05,157498,Home_Garden,1,Easter,0.0,49.1,3.56,216.73,8.36,23468.31
2021-04-02,Store_05,157498,Home_Garden,1,Easter,0.0,48.3,3.64,217.69,8.27,22992.08
2021-04-09,Store_05,157498,Home_Garden,1,Easter,0.0,56.8,3.66,217.39,8.35,23298.18
2021-04-16,Store_05,157498,Home_Garden,0,None,0.0,58.5,3.65,217.74,8.31,26386.84
2021-04-23,Store_05,157498,Home_Garden,0,None,0.0,60.3,3.67,217.78,8.24,28087.96
2021-04-30,Store_05,157498,Home_Garden,0,None,0.0,59.6,3.73,219.2,8.14,28106.71
2021-05-07,Store_05,157498,Home_Garden,0,None,0.0,58.6,3.66,218.45,8.06,28568.04
2021-05-14,Store_05,157498,Home_Garden,0,None,0.06,68.1,3.68,218.12,8.15,32079.09
2021-05-21,Store_05,157498,Home_Garden,0,None,0.0,69.6,3.73,219.26,8.27,28763.95
2021-05-28,Store_05,157498,Home_Garden,0,None,0.23,77.4,3.76,218.43,8.18,40035.19
2021-06-04,Store_05,157498,Home_Garden,0,None,0.14,75.8,3.8,219.34,8.02,37070.16
2021-06-11,Store_05,157498,Home_Garden,0,None,0.25,77.4,3.86,218.44,8.15,39011.59
2021-06-18,Store_05,157498,Home_Garden,0,None,0.0,82.2,3.84,218.95,8.15,28493.51
2021-06-25,Store_05,157498,Home_Garden,0,None,0.0,79.2,3.79,219.91,8.01,28813.35
2021-07-02,Store_05,157498,Home_Garden,0,None,0.0,82.5,3.8,220.37,8.1,28696.3
2021-07-09,Store_05,157498,Home_Garden,0,None,0.0,86.9,3.75,220.28,8.07,26557.65
2021-07-16,Store_05,157498,Home_Garden,0,None,0.15,84.2,3.79,220.33,7.94,35479.91
2021-07-23,Store_05,157498,Home_Garden,0,None,0.0,83.1,3.78,220.43,8.07,20459.88
2021-07-30,Store_05,157498,Home_Garden,0,None,0.0,85.1,3.8,220.03,8.08,22129.17
2021-08-06,Store_05,157498,Home_Garden,0,None,0.14,79.5,3.73,220.6,8.11,26025.65
2021-08-13,Store_05,157498,Home_Garden,0,None,0.0,82.8,3.79,220.92,8.09,21134.17
2021-08-20,Store_05,157498,Home_Garden,0,None,0.0,89.9,3.82,221.87,7.83,20642.62
2021-08-27,Store_05,157498,Home_Garden,0,None,0.07,86.5,3.73,221.71,7.86,22955.41
2021-09-03,Store_05,157498,Home_Garden,1,Labor_Day,0.0,77.8,3.73,220.85,7.99,21524.49
2021-09-10,Store_05,157498,Home_Garden,1,Labor_Day,0.16,80.6,3.73,222.09,7.97,29421.27
2021-09-17,Store_05,157498,Home_Garden,0,None,0.3,68.7,3.65,221.92,7.96,27418.15
2021-09-24,Store_05,157498,Home_Garden,0,None,0.0,69.7,3.66,221.97,8.28,16789.87
2021-10-01,Store_05,157498,Home_Garden,0,None,0.0,73.3,3.62,222.81,7.93,19991.05
2021-10-08,Store_05,157498,Home_Garden,0,None,0.0,67.1,3.6,223.21,7.97,17947.05
2021-10-15,Store_05,157498,Home_Garden,0,None,0.0,61.8,3.53,223.35,7.94,17571.51
2021-10-22,Store_05,157498,Home_Garden,0,None,0.0,59.2,3.54,222.66,7.89,16923.15
2021-10-29,Store_05,157498,Home_Garden,0,None,0.0,50.7,3.54,223.11,7.78,18117.04
2021-11-05,Store_05,157498,Home_Garden,0,None,0.0,45.1,3.55,223.63,7.87,16270.69
2021-11-12,Store_05,157498,Home_Garden,0,None,0.17,53.8,3.49,224.14,7.7,20127.01
2021-11-19,Store_05,157498,Home_Garden,0,None,0.0,54.7,3.52,223.61,7.74,16723.68
2021-11-26,Store_05,157498,Home_Garden,1,Thanksgiving_BlackFriday,0.0,50.8,3.34,223.95,7.7,18252.56
2021-12-03,Store_05,157498,Home_Garden,0,None,0.0,41.4,3.39,223.68,7.74,15676.28
2021-12-10,Store_05,157498,Home_Garden,0,None,0.0,43.2,3.32,223.82,7.95,15782.33
2021-12-17,Store_05,157498,Home_Garden,0,None,0.0,37.7,3.38,225.02,7.51,15227.67
2021-12-24,Store_05,157498,Home_Garden,1,Christmas_Holiday,0.0,39.3,3.2,225.49,7.75,22059.87
2021-12-31,Store_05,157498,Home_Garden,1,Christmas_Holiday,0.0,25.4,3.16,224.96,7.51,18922.23
2022-01-07,Store_05,157498,Home_Garden,0,None,0.0,29.8,3.13,225.69,7.6,17285.75
2022-01-14,Store_05,157498,Home_Garden,0,None,0.0,34.1,3.02,225.57,7.74,16950.19
2022-01-21,Store_05,157498,Home_Garden,0,None,0.18,30.4,3.07,225.25,7.63,23835.42
2022-01-28,Store_05,157498,Home_Garden,0,None,0.0,39.5,3.02,225.95,7.49,18737.78
2022-02-04,Store_05,157498,Home_Garden,0,None,0.0,27.3,3.03,226.73,7.52,19486.09
2022-02-11,Store_05,157498,Home_Garden,1,Super_Bowl,0.15,34.8,3.0,226.14,7.64,25031.75
2022-02-18,Store_05,157498,Home_Garden,0,None,0.0,39.5,3.05,227.13,7.48,18385.41
2022-02-25,Store_05,157498,Home_Garden,0,None,0.0,35.7,2.97,225.23,7.56,20236.33
2022-03-04,Store_05,157498,Home_Garden,0,None,0.0,42.4,2.86,227.14,7.53,18260.07
2022-03-11,Store_05,157498,Home_Garden,0,None,0.0,48.1,2.81,226.97,7.44,20650.0
2022-03-18,Store_05,157498,Home_Garden,0,None,0.17,48.3,2.85,226.97,7.7,25981.86
2022-03-25,Store_05,157498,Home_Garden,1,Easter,0.0,51.8,2.74,227.35,7.54,24003.99
2022-04-01,Store_05,157498,Home_Garden,1,Easter,0.19,52.0,2.87,226.51,7.26,31111.7
2022-04-08,Store_05,157498,Home_Garden,1,Easter,0.0,51.8,2.81,227.58,7.46,23803.48
2022-04-15,Store_05,157498,Home_Garden,1,Easter,0.08,56.2,2.7,228.06,7.36,34117.03
2022-04-22,Store_05,157498,Home_Garden,0,None,0.0,59.0,2.62,228.82,7.5,30529.37
2022-04-29,Store_05,157498,Home_Garden,0,None,0.0,60.9,2.75,228.01,7.31,28791.92
2022-05-06,Store_05,157498,Home_Garden,0,None,0.0,66.2,2.66,228.06,7.37,28763.79
2022-05-13,Store_05,157498,Home_Garden,0,None,0.0,70.5,2.71,228.4,7.41,26651.14
2022-05-20,Store_05,157498,Home_Garden,0,None,0.0,68.6,2.56,229.3,7.43,28768.06
2022-05-27,Store_05,157498,Home_Garden,0,None,0.0,73.9,2.6,229.2,7.21,30072.38
2022-06-03,Store_05,157498,Home_Garden,0,None,0.0,78.2,2.62,228.97,7.28,28394.44
2022-06-10,Store_05,157498,Home_Garden,0,None,0.16,79.1,2.61,229.68,7.25,37604.12
2022-06-17,Store_05,157498,Home_Garden,0,None,0.1,80.2,2.58,229.66,7.22,35999.49
2022-06-24,Store_05,157498,Home_Garden,0,None,0.0,84.0,2.63,230.29,7.44,29174.18
2022-07-01,Store_05,157498,Home_Garden,0,None,0.11,83.4,2.55,229.65,7.29,37414.49
2022-07-08,Store_05,157498,Home_Garden,0,None,0.0,85.2,2.59,230.03,7.11,28443.3
2022-07-15,Store_05,157498,Home_Garden,0,None,0.0,84.0,2.61,230.19,7.31,30935.29
2022-07-22,Store_05,157498,Home_Garden,0,None,0.0,82.7,2.64,229.85,7.41,22523.18
2022-07-29,Store_05,157498,Home_Garden,0,None,0.0,85.5,2.65,230.92,7.29,22782.27
2022-08-05,Store_05,157498,Home_Garden,0,None,0.0,93.5,2.57,231.09,7.02,21556.75
2022-08-12,Store_05,157498,Home_Garden,0,None,0.16,85.6,2.56,231.16,7.11,26941.9
2022-08-19,Store_05,157498,Home_Garden,0,None,0.0,78.9,2.72,231.23,7.26,20514.86
2022-08-26,Store_05,157498,Home_Garden,0,None,0.0,79.9,2.69,230.83,7.05,21112.97
2022-09-02,Store_05,157498,Home_Garden,1,Labor_Day,0.24,80.1,2.65,231.52,7.15,29693.04
2022-09-09,Store_05,157498,Home_Garden,1,Labor_Day,0.14,76.4,2.78,231.75,7.17,27192.98
2022-09-16,Store_05,157498,Home_Garden,0,None,0.0,72.4,2.73,231.71,6.98,20048.52
2022-09-23,Store_05,157498,Home_Garden,0,None,0.25,66.4,2.81,232.23,7.05,28146.34
2022-09-30,Store_05,157498,Home_Garden,0,None,0.0,63.7,2.78,232.7,6.72,17690.27
2022-10-07,Store_05,157498,Home_Garden,0,None,0.0,70.5,2.91,233.64,6.92,18864.26
2022-10-14,Store_05,157498,Home_Garden,0,None,0.15,64.0,2.92,232.97,6.98,22404.47
2022-10-21,Store_05,157498,Home_Garden,0,None,0.0,64.4,2.85,233.21,6.87,19179.38
2022-10-28,Store_05,157498,Home_Garden,0,None,0.0,52.5,2.94,233.23,7.14,16644.84
2022-11-04,Store_05,157498,Home_Garden,0,None,0.06,53.9,2.95,232.5,6.82,20472.01
2022-11-11,Store_05,157498,Home_Garden,0,None,0.0,57.7,3.02,233.64,6.9,18015.87
2022-11-18,Store_05,157498,Home_Garden,0,None,0.0,51.0,2.94,233.88,6.94,18038.35
2022-11-25,Store_05,157498,Home_Garden,1,Thanksgiving_BlackFriday,0.0,43.9,3.06,235.27,7.06,22194.78
2022-12-02,Store_05,157498,Home_Garden,0,None,0.0,46.9,3.11,234.13,6.75,17035.53
2022-12-09,Store_05,157498,Home_Garden,0,None,0.0,43.3,3.0,234.57,7.0,17899.54
2022-12-16,Store_05,157498,Home_Garden,0,None,0.0,37.7,3.07,234.6,6.87,16195.41
2022-12-23,Store_05,157498,Home_Garden,1,Christmas_Holiday,0.0,40.3,3.06,234.22,6.75,20988.13
2022-12-30,Store_05,157498,Home_Garden,1,Christmas_Holiday,0.11,37.0,3.19,235.57,6.88,25016.17
2023-01-06,Store_05,157498,Home_Garden,0,None,0.0,44.3,3.27,235.57,6.84,17842.42
2023-01-13,Store_05,157498,Home_Garden,0,None,0.0,36.2,3.35,235.78,6.74,18079.93
2023-01-20,Store_05,157498,Home_Garden,0,None,0.0,38.6,3.31,235.12,6.79,18718.8
2023-01-27,Store_05,157498,Home_Garden,0,None,0.0,32.3,3.43,236.47,6.73,18327.1
2023-02-03,Store_05,157498,Home_Garden,0,None,0.0,36.3,3.31,235.26,6.76,19617.19
2023-02-10,Store_05,157498,Home_Garden,1,Super_Bowl,0.0,32.7,3.33,236.45,6.8,22522.92
2023-02-17,Store_05,157498,Home_Garden,0,None,0.0,34.0,3.44,237.44,6.88,20459.21
2023-02-24,Store_05,157498,Home_Garden,0,None,0.0,40.7,3.5,236.04,6.58,20723.65
2023-03-03,Store_05,157498,Home_Garden,0,None,0.0,41.0,3.51,236.45,6.9,19904.11
2023-03-10,Store_05,157498,Home_Garden,0,None,0.21,43.5,3.44,236.97,6.48,28420.51
2023-03-17,Store_05,157498,Home_Garden,0,None,0.16,50.7,3.57,236.86,6.64,26430.31
2023-03-24,Store_05,157498,Home_Garden,0,None,0.0,41.7,3.53,236.53,6.7,21274.62
2023-03-31,Store_05,157498,Home_Garden,1,Easter,0.0,51.3,3.66,237.53,6.65,25746.21
2023-04-07,Store_05,157498,Home_Garden,1,Easter,0.22,53.4,3.67,237.16,6.55,32927.33
2023-04-14,Store_05,157498,Home_Garden,1,Easter,0.09,52.4,3.63,238.12,6.57,37469.75
2023-04-21,Store_05,157498,Home_Garden,0,None,0.22,59.1,3.67,237.62,6.53,40820.8
2023-04-28,Store_05,157498,Home_Garden,0,None,0.29,62.0,3.66,239.04,6.5,43932.42
2023-05-05,Store_05,157498,Home_Garden,0,None,0.0,66.2,3.73,238.07,6.63,29619.66
2023-05-12,Store_05,157498,Home_Garden,0,None,0.0,69.0,3.79,238.49,6.56,30315.67
2023-05-19,Store_05,157498,Home_Garden,0,None,0.0,69.5,3.71,239.25,6.44,27851.2
2023-05-26,Store_05,157498,Home_Garden,0,None,0.11,72.4,3.8,238.42,6.59,36782.18
2023-06-02,Store_05,157498,Home_Garden,0,None,0.0,73.5,3.76,239.34,6.51,31648.88
2023-06-09,Store_05,157498,Home_Garden,0,None,0.0,75.0,3.75,240.08,6.55,32808.57
2023-06-16,Store_05,157498,Home_Garden,0,None,0.0,75.6,3.79,238.81,6.51,31538.59
2023-06-23,Store_05,157498,Home_Garden,0,None,0.0,76.7,3.75,239.9,6.35,30760.07
2023-06-30,Store_05,157498,Home_Garden,0,None,0.1,82.0,3.77,240.13,6.36,37293.88
2023-07-07,Store_05,157498,Home_Garden,0,None,0.0,84.8,3.74,240.58,6.48,30371.63
2023-07-14,Store_05,157498,Home_Garden,0,None,0.0,82.7,3.89,239.77,6.45,30857.73
2023-07-21,Store_05,157498,Home_Garden,0,None,0.0,83.3,3.79,239.92,6.37,23432.01
2023-07-28,Store_05,157498,Home_Garden,0,None,0.0,83.3,3.75,241.03,6.36,23900.68
2023-08-04,Store_05,157498,Home_Garden,0,None,0.18,90.1,3.78,241.11,6.46,27564.53
2023-08-11,Store_05,157498,Home_Garden,0,None,0.0,84.7,3.76,241.28,6.26,21595.78
2023-08-18,Store_05,157498,Home_Garden,0,None,0.0,88.7,3.74,241.52,6.36,20599.46
2023-08-25,Store_05,157498,Home_Garden,0,None,0.0,78.0,3.76,241.2,6.27,21012.03
2023-09-01,Store_05,157498,Home_Garden,1,Labor_Day,0.12,79.5,3.75,241.85,6.25,28827.78
2023-09-08,Store_05,157498,Home_Garden,1,Labor_Day,0.0,74.9,3.67,242.07,6.37,24467.46
2023-09-15,Store_05,157498,Home_Garden,0,None,0.0,72.1,3.64,241.76,6.32,21017.61
2023-09-22,Store_05,157498,Home_Garden,0,None,0.0,74.0,3.64,243.24,6.31,20126.68
2023-09-29,Store_05,157498,Home_Garden,0,None,0.0,66.9,3.51,242.74,6.34,21071.89
2023-10-06,Store_05,157498,Home_Garden,0,None,0.0,66.1,3.52,242.1,6.19,18021.21
2023-10-13,Store_05,157498,Home_Garden,0,None,0.0,64.9,3.64,243.21,6.24,19798.86
2023-10-20,Store_05,157498,Home_Garden,0,None,0.0,52.3,3.62,242.59,6.13,17131.71
2023-10-27,Store_05,157498,Home_Garden,0,None,0.06,56.8,3.5,243.66,6.18,20375.7
2023-11-03,Store_05,157498,Home_Garden,0,None,0.0,50.1,3.51,244.04,6.12,17449.77
2023-11-10,Store_05,157498,Home_Garden,0,None,0.0,54.3,3.46,243.24,6.12,17165.16
2023-11-17,Store_05,157498,Home_Garden,0,None,0.0,52.0,3.57,244.33,6.16,17120.92
2023-11-24,Store_05,157498,Home_Garden,1,Thanksgiving_BlackFriday,0.24,45.9,3.43,244.24,6.0,29561.25
2023-12-01,Store_05,157498,Home_Garden,0,None,0.0,43.4,3.34,244.64,6.27,17797.01
2023-12-08,Store_05,157498,Home_Garden,0,None,0.0,33.2,3.26,245.37,5.95,17771.54
2023-12-15,Store_05,157498,Home_Garden,0,None,0.12,39.5,3.19,244.49,5.91,20322.82
2023-12-22,Store_05,157498,Home_Garden,1,Christmas_Holiday,0.0,35.4,3.25,244.43,6.13,23998.54
2023-12-29,Store_05,157498,Home_Garden,1,Christmas_Holiday,0.1,38.6,3.16,244.56,6.08,23705.1
2021-01-01,Store_05,157498,Pharmacy,0,None,0.0,34.8,3.23,214.14,8.42,13073.82
2021-01-08,Store_05,157498,Pharmacy,0,None,0.28,36.9,3.27,214.91,8.48,16894.52
2021-01-15,Store_05,157498,Pharmacy,0,None,0.18,35.5,3.27,214.88,8.5,16008.12
2021-01-22,Store_05,157498,Pharmacy,0,None,0.11,35.4,3.26,215.73,8.48,15403.68
2021-01-29,Store_05,157498,Pharmacy,0,None,0.0,34.4,3.35,215.32,8.52,13640.28
2021-02-05,Store_05,157498,Pharmacy,1,Super_Bowl,0.0,32.9,3.34,215.26,8.42,15144.17
2021-02-12,Store_05,157498,Pharmacy,1,Super_Bowl,0.0,37.2,3.46,216.89,8.55,14908.03
2021-02-19,Store_05,157498,Pharmacy,0,None,0.0,35.0,3.44,216.23,8.36,13658.02
2021-02-26,Store_05,157498,Pharmacy,0,None,0.3,45.4,3.44,216.57,8.64,17045.23
2021-03-05,Store_05,157498,Pharmacy,0,None,0.0,49.0,3.49,216.02,8.42,14896.09
2021-03-12,Store_05,157498,Pharmacy,0,None,0.0,42.2,3.56,216.65,8.25,15893.68
2021-03-19,Store_05,157498,Pharmacy,0,None,0.0,43.9,3.54,217.17,8.22,15687.36
2021-03-26,Store_05,157498,Pharmacy,1,Easter,0.24,46.8,3.56,216.73,8.36,20169.73
2021-04-02,Store_05,157498,Pharmacy,1,Easter,0.0,51.8,3.64,217.69,8.27,17283.14
2021-04-09,Store_05,157498,Pharmacy,1,Easter,0.0,52.4,3.66,217.39,8.35,17876.68
2021-04-16,Store_05,157498,Pharmacy,0,None,0.0,58.5,3.65,217.74,8.31,18169.28
2021-04-23,Store_05,157498,Pharmacy,0,None,0.0,58.4,3.67,217.78,8.24,17220.62
2021-04-30,Store_05,157498,Pharmacy,0,None,0.0,59.5,3.73,219.2,8.14,16022.95
2021-05-07,Store_05,157498,Pharmacy,0,None,0.0,69.8,3.66,218.45,8.06,17116.54
2021-05-14,Store_05,157498,Pharmacy,0,None,0.0,61.9,3.68,218.12,8.15,16539.96
2021-05-21,Store_05,157498,Pharmacy,0,None,0.0,75.7,3.73,219.26,8.27,17487.71
2021-05-28,Store_05,157498,Pharmacy,0,None,0.0,76.6,3.76,218.43,8.18,18250.44
2021-06-04,Store_05,157498,Pharmacy,0,None,0.0,79.8,3.8,219.34,8.02,18409.77
2021-06-11,Store_05,157498,Pharmacy,0,None,0.0,77.3,3.86,218.44,8.15,16932.86
2021-06-18,Store_05,157498,Pharmacy,0,None,0.0,84.2,3.84,218.95,8.15,17570.66
2021-06-25,Store_05,157498,Pharmacy,0,None,0.0,82.9,3.79,219.91,8.01,16543.43
2021-07-02,Store_05,157498,Pharmacy,0,None,0.0,83.0,3.8,220.37,8.1,17132.34
2021-07-09,Store_05,157498,Pharmacy,0,None,0.0,84.9,3.75,220.28,8.07,16848.36
2021-07-16,Store_05,157498,Pharmacy,0,None,0.09,86.3,3.79,220.33,7.94,19026.27
2021-07-23,Store_05,157498,Pharmacy,0,None,0.0,82.6,3.78,220.43,8.07,17608.59
2021-07-30,Store_05,157498,Pharmacy,0,None,0.27,87.2,3.8,220.03,8.08,20596.02
2021-08-06,Store_05,157498,Pharmacy,0,None,0.0,79.8,3.73,220.6,8.11,16242.05
2021-08-13,Store_05,157498,Pharmacy,0,None,0.0,83.3,3.79,220.92,8.09,17574.81
2021-08-20,Store_05,157498,Pharmacy,0,None,0.0,84.3,3.82,221.87,7.83,16069.0
2021-08-27,Store_05,157498,Pharmacy,0,None,0.23,75.4,3.73,221.71,7.86,17576.02
2021-09-03,Store_05,157498,Pharmacy,1,Labor_Day,0.23,76.6,3.73,220.85,7.99,18931.2
2021-09-10,Store_05,157498,Pharmacy,1,Labor_Day,0.0,80.0,3.73,222.09,7.97,16468.45
2021-09-17,Store_05,157498,Pharmacy,0,None,0.17,70.3,3.65,221.92,7.96,17497.51
2021-09-24,Store_05,157498,Pharmacy,0,None,0.0,72.3,3.66,221.97,8.28,15154.4
2021-10-01,Store_05,157498,Pharmacy,0,None,0.0,73.1,3.62,222.81,7.93,13624.5
2021-10-08,Store_05,157498,Pharmacy,0,None,0.0,63.2,3.6,223.21,7.97,14258.45
2021-10-15,Store_05,157498,Pharmacy,0,None,0.0,63.0,3.53,223.35,7.94,14346.34
2021-10-22,Store_05,157498,Pharmacy,0,None,0.0,56.5,3.54,222.66,7.89,13543.89
2021-10-29,Store_05,157498,Pharmacy,0,None,0.0,56.9,3.54,223.11,7.78,13937.18
2021-11-05,Store_05,157498,Pharmacy,0,None,0.0,56.3,3.55,223.63,7.87,13612.62
2021-11-12,Store_05,157498,Pharmacy,0,None,0.0,50.6,3.49,224.14,7.7,13442.67
2021-11-19,Store_05,157498,Pharmacy,0,None,0.0,49.8,3.52,223.61,7.74,13120.16
2021-11-26,Store_05,157498,Pharmacy,1,Thanksgiving_BlackFriday,0.26,40.9,3.34,223.95,7.7,19292.27
2021-12-03,Store_05,157498,Pharmacy,0,None,0.0,41.6,3.39,223.68,7.74,12099.94
2021-12-10,Store_05,157498,Pharmacy,0,None,0.0,38.2,3.32,223.82,7.95,14113.39
2021-12-17,Store_05,157498,Pharmacy,0,None,0.0,40.4,3.38,225.02,7.51,13213.25
2021-12-24,Store_05,157498,Pharmacy,1,Christmas_Holiday,0.0,37.2,3.2,225.49,7.75,14677.59
2021-12-31,Store_05,157498,Pharmacy,1,Christmas_Holiday,0.13,33.9,3.16,224.96,7.51,16108.26
2022-01-07,Store_05,157498,Pharmacy,0,None,0.0,40.5,3.13,225.69,7.6,14428.38
2022-01-14,Store_05,157498,Pharmacy,0,None,0.0,31.9,3.02,225.57,7.74,13794.81
2022-01-21,Store_05,157498,Pharmacy,0,None,0.0,31.7,3.07,225.25,7.63,13370.2
2022-01-28,Store_05,157498,Pharmacy,0,None,0.0,31.8,3.02,225.95,7.49,14752.77
2022-02-04,Store_05,157498,Pharmacy,0,None,0.0,32.9,3.03,226.73,7.52,15749.36
2022-02-11,Store_05,157498,Pharmacy,1,Super_Bowl,0.27,40.2,3.0,226.14,7.64,19226.88
2022-02-18,Store_05,157498,Pharmacy,0,None,0.0,33.4,3.05,227.13,7.48,16028.82
2022-02-25,Store_05,157498,Pharmacy,0,None,0.0,41.4,2.97,225.23,7.56,15395.36
2022-03-04,Store_05,157498,Pharmacy,0,None,0.0,37.6,2.86,227.14,7.53,14373.53
2022-03-11,Store_05,157498,Pharmacy,0,None,0.0,41.8,2.81,226.97,7.44,15553.91
2022-03-18,Store_05,157498,Pharmacy,0,None,0.0,40.3,2.85,226.97,7.7,15237.19
2022-03-25,Store_05,157498,Pharmacy,1,Easter,0.0,49.5,2.74,227.35,7.54,16283.3
2022-04-01,Store_05,157498,Pharmacy,1,Easter,0.0,51.1,2.87,226.51,7.26,17899.12
2022-04-08,Store_05,157498,Pharmacy,1,Easter,0.25,59.8,2.81,227.58,7.46,19945.67
2022-04-15,Store_05,157498,Pharmacy,1,Easter,0.0,54.3,2.7,228.06,7.36,18635.76
2022-04-22,Store_05,157498,Pharmacy,0,None,0.0,60.8,2.62,228.82,7.5,18017.05
2022-04-29,Store_05,157498,Pharmacy,0,None,0.24,64.5,2.75,228.01,7.31,20364.82
2022-05-06,Store_05,157498,Pharmacy,0,None,0.0,66.5,2.66,228.06,7.37,18047.04
2022-05-13,Store_05,157498,Pharmacy,0,None,0.0,67.8,2.71,228.4,7.41,17106.78
2022-05-20,Store_05,157498,Pharmacy,0,None,0.0,73.1,2.56,229.3,7.43,18870.06
2022-05-27,Store_05,157498,Pharmacy,0,None,0.0,77.1,2.6,229.2,7.21,19205.03
2022-06-03,Store_05,157498,Pharmacy,0,None,0.0,73.3,2.62,228.97,7.28,18476.86
2022-06-10,Store_05,157498,Pharmacy,0,None,0.0,74.7,2.61,229.68,7.25,19221.2
2022-06-17,Store_05,157498,Pharmacy,0,None,0.0,79.3,2.58,229.66,7.22,17559.36
2022-06-24,Store_05,157498,Pharmacy,0,None,0.0,86.4,2.63,230.29,7.44,18945.68
2022-07-01,Store_05,157498,Pharmacy,0,None,0.0,84.7,2.55,229.65,7.29,17872.01
2022-07-08,Store_05,157498,Pharmacy,0,None,0.12,77.3,2.59,230.03,7.11,19921.71
2022-07-15,Store_05,157498,Pharmacy,0,None,0.0,85.5,2.61,230.19,7.31,17286.96
2022-07-22,Store_05,157498,Pharmacy,0,None,0.14,84.8,2.64,229.85,7.41,21389.59
2022-07-29,Store_05,157498,Pharmacy,0,None,0.3,82.5,2.65,230.92,7.29,22326.09
2022-08-05,Store_05,157498,Pharmacy,0,None,0.0,83.1,2.57,231.09,7.02,17492.5
2022-08-12,Store_05,157498,Pharmacy,0,None,0.0,82.3,2.56,231.16,7.11,18112.09
2022-08-19,Store_05,157498,Pharmacy,0,None,0.21,91.0,2.72,231.23,7.26,19778.94
2022-08-26,Store_05,157498,Pharmacy,0,None,0.0,79.8,2.69,230.83,7.05,16820.85
2022-09-02,Store_05,157498,Pharmacy,1,Labor_Day,0.0,85.0,2.65,231.52,7.15,15812.13
2022-09-09,Store_05,157498,Pharmacy,1,Labor_Day,0.24,74.5,2.78,231.75,7.17,20292.08
2022-09-16,Store_05,157498,Pharmacy,0,None,0.0,77.7,2.73,231.71,6.98,15622.89
2022-09-23,Store_05,157498,Pharmacy,0,None,0.0,75.8,2.81,232.23,7.05,16047.31
2022-09-30,Store_05,157498,Pharmacy,0,None,0.0,67.2,2.78,232.7,6.72,15124.43
2022-10-07,Store_05,157498,Pharmacy,0,None,0.0,68.7,2.91,233.64,6.92,14466.48
2022-10-14,Store_05,157498,Pharmacy,0,None,0.0,64.9,2.92,232.97,6.98,14629.83
2022-10-21,Store_05,157498,Pharmacy,0,None,0.0,55.3,2.85,233.21,6.87,14258.47
2022-10-28,Store_05,157498,Pharmacy,0,None,0.0,53.4,2.94,233.23,7.14,14715.9
2022-11-04,Store_05,157498,Pharmacy,0,None,0.09,54.6,2.95,232.5,6.82,14216.08
2022-11-11,Store_05,157498,Pharmacy,0,None,0.0,58.3,3.02,233.64,6.9,14182.05
2022-11-18,Store_05,157498,Pharmacy,0,None,0.0,50.7,2.94,233.88,6.94,12986.64
2022-11-25,Store_05,157498,Pharmacy,1,Thanksgiving_BlackFriday,0.12,44.4,3.06,235.27,7.06,16498.3
2022-12-02,Store_05,157498,Pharmacy,0,None,0.06,39.5,3.11,234.13,6.75,14811.94
2022-12-09,Store_05,157498,Pharmacy,0,None,0.0,46.1,3.0,234.57,7.0,13121.3
2022-12-16,Store_05,157498,Pharmacy,0,None,0.0,40.4,3.07,234.6,6.87,13140.59
2022-12-23,Store_05,157498,Pharmacy,1,Christmas_Holiday,0.0,39.8,3.06,234.22,6.75,15769.53
2022-12-30,Store_05,157498,Pharmacy,1,Christmas_Holiday,0.25,37.8,3.19,235.57,6.88,18530.5
2023-01-06,Store_05,157498,Pharmacy,0,None,0.0,39.2,3.27,235.57,6.84,15221.04
2023-01-13,Store_05,157498,Pharmacy,0,None,0.0,36.5,3.35,235.78,6.74,14949.18
2023-01-20,Store_05,157498,Pharmacy,0,None,0.0,34.0,3.31,235.12,6.79,15693.71
2023-01-27,Store_05,157498,Pharmacy,0,None,0.0,36.4,3.43,236.47,6.73,13705.38
2023-02-03,Store_05,157498,Pharmacy,0,None,0.0,30.6,3.31,235.26,6.76,15446.46
2023-02-10,Store_05,157498,Pharmacy,1,Super_Bowl,0.0,39.1,3.33,236.45,6.8,16648.47
2023-02-17,Store_05,157498,Pharmacy,0,None,0.0,33.1,3.44,237.44,6.88,14851.99
2023-02-24,Store_05,157498,Pharmacy,0,None,0.0,32.1,3.5,236.04,6.58,15322.46
2023-03-03,Store_05,157498,Pharmacy,0,None,0.19,46.4,3.51,236.45,6.9,18295.05
2023-03-10,Store_05,157498,Pharmacy,0,None,0.0,48.3,3.44,236.97,6.48,16274.11
2023-03-17,Store_05,157498,Pharmacy,0,None,0.0,47.5,3.57,236.86,6.64,16449.25
2023-03-24,Store_05,157498,Pharmacy,0,None,0.06,49.9,3.53,236.53,6.7,18373.92
2023-03-31,Store_05,157498,Pharmacy,1,Easter,0.23,49.0,3.66,237.53,6.65,20739.48
2023-04-07,Store_05,157498,Pharmacy,1,Easter,0.0,49.7,3.67,237.16,6.55,17932.57
2023-04-14,Store_05,157498,Pharmacy,1,Easter,0.08,52.9,3.63,238.12,6.57,17927.54
2023-04-21,Store_05,157498,Pharmacy,0,None,0.0,59.4,3.67,237.62,6.53,18246.85
2023-04-28,Store_05,157498,Pharmacy,0,None,0.2,67.0,3.66,239.04,6.5,21197.2
2023-05-05,Store_05,157498,Pharmacy,0,None,0.0,64.3,3.73,238.07,6.63,18894.2
2023-05-12,Store_05,157498,Pharmacy,0,None,0.0,67.4,3.79,238.49,6.56,18227.71
2023-05-19,Store_05,157498,Pharmacy,0,None,0.0,74.4,3.71,239.25,6.44,18595.87
2023-05-26,Store_05,157498,Pharmacy,0,None,0.0,76.0,3.8,238.42,6.59,19466.0
2023-06-02,Store_05,157498,Pharmacy,0,None,0.0,78.9,3.76,239.34,6.51,19151.28
2023-06-09,Store_05,157498,Pharmacy,0,None,0.22,78.1,3.75,240.08,6.55,21326.43
2023-06-16,Store_05,157498,Pharmacy,0,None,0.0,80.8,3.79,238.81,6.51,19820.25
2023-06-23,Store_05,157498,Pharmacy,0,None,0.0,82.3,3.75,239.9,6.35,18815.92
2023-06-30,Store_05,157498,Pharmacy,0,None,0.0,90.5,3.77,240.13,6.36,18612.81
2023-07-07,Store_05,157498,Pharmacy,0,None,0.1,81.4,3.74,240.58,6.48,18523.02
2023-07-14,Store_05,157498,Pharmacy,0,None,0.2,80.0,3.89,239.77,6.45,20602.25
2023-07-21,Store_05,157498,Pharmacy,0,None,0.0,85.3,3.79,239.92,6.37,19303.47
2023-07-28,Store_05,157498,Pharmacy,0,None,0.0,82.5,3.75,241.03,6.36,18091.83
2023-08-04,Store_05,157498,Pharmacy,0,None,0.0,82.3,3.78,241.11,6.46,16929.31
2023-08-11,Store_05,157498,Pharmacy,0,None,0.0,81.9,3.76,241.28,6.26,17707.23
2023-08-18,Store_05,157498,Pharmacy,0,None,0.0,75.1,3.74,241.52,6.36,17948.52
2023-08-25,Store_05,157498,Pharmacy,0,None,0.0,78.1,3.76,241.2,6.27,15759.53
2023-09-01,Store_05,157498,Pharmacy,1,Labor_Day,0.0,74.4,3.75,241.85,6.25,17696.49
2023-09-08,Store_05,157498,Pharmacy,1,Labor_Day,0.0,78.4,3.67,242.07,6.37,17641.4
2023-09-15,Store_05,157498,Pharmacy,0,None,0.07,77.9,3.64,241.76,6.32,16991.67
2023-09-22,Store_05,157498,Pharmacy,0,None,0.0,70.0,3.64,243.24,6.31,15276.78
2023-09-29,Store_05,157498,Pharmacy,0,None,0.0,64.2,3.51,242.74,6.34,15892.78
2023-10-06,Store_05,157498,Pharmacy,0,None,0.0,68.9,3.52,242.1,6.19,15129.85
2023-10-13,Store_05,157498,Pharmacy,0,None,0.0,61.2,3.64,243.21,6.24,15351.71
2023-10-20,Store_05,157498,Pharmacy,0,None,0.0,56.6,3.62,242.59,6.13,13880.66
2023-10-27,Store_05,157498,Pharmacy,0,None,0.0,58.0,3.5,243.66,6.18,14519.86
2023-11-03,Store_05,157498,Pharmacy,0,None,0.0,53.2,3.51,244.04,6.12,14574.19
2023-11-10,Store_05,157498,Pharmacy,0,None,0.3,53.2,3.46,243.24,6.12,17707.41
2023-11-17,Store_05,157498,Pharmacy,0,None,0.0,46.4,3.57,244.33,6.16,15080.9
2023-11-24,Store_05,157498,Pharmacy,1,Thanksgiving_BlackFriday,0.13,42.2,3.43,244.24,6.0,17452.11
2023-12-01,Store_05,157498,Pharmacy,0,None,0.0,43.1,3.34,244.64,6.27,13235.3
2023-12-08,Store_05,157498,Pharmacy,0,None,0.0,40.7,3.26,245.37,5.95,13765.86
2023-12-15,Store_05,157498,Pharmacy,0,None,0.0,37.9,3.19,244.49,5.91,14012.17
2023-12-22,Store_05,157498,Pharmacy,1,Christmas_Holiday,0.0,34.7,3.25,244.43,6.13,14032.45
2023-12-29,Store_05,157498,Pharmacy,1,Christmas_Holiday,0.26,31.8,3.16,244.56,6.08,17847.36
2021-01-01,Store_06,86023,Apparel,0,None,0.0,36.7,3.23,214.14,8.42,18690.71
2021-01-08,Store_06,86023,Apparel,0,None,0.12,39.5,3.27,214.91,8.48,23223.05
2021-01-15,Store_06,86023,Apparel,0,None,0.0,33.6,3.27,214.88,8.5,17806.43
2021-01-22,Store_06,86023,Apparel,0,None,0.0,31.8,3.26,215.73,8.48,19419.11
2021-01-29,Store_06,86023,Apparel,0,None,0.0,33.9,3.35,215.32,8.52,18088.17
2021-02-05,Store_06,86023,Apparel,1,Super_Bowl,0.0,39.2,3.34,215.26,8.42,24255.39
2021-02-12,Store_06,86023,Apparel,1,Super_Bowl,0.0,34.6,3.46,216.89,8.55,28132.0
2021-02-19,Store_06,86023,Apparel,0,None,0.09,37.7,3.44,216.23,8.36,23878.23
2021-02-26,Store_06,86023,Apparel,0,None,0.0,40.4,3.44,216.57,8.64,19181.57
2021-03-05,Store_06,86023,Apparel,0,None,0.0,41.7,3.49,216.02,8.42,20894.77
2021-03-12,Store_06,86023,Apparel,0,None,0.0,41.0,3.56,216.65,8.25,21204.09
2021-03-19,Store_06,86023,Apparel,0,None,0.19,48.4,3.54,217.17,8.22,30152.48
2021-03-26,Store_06,86023,Apparel,1,Easter,0.17,46.9,3.56,216.73,8.36,40700.23
2021-04-02,Store_06,86023,Apparel,1,Easter,0.11,52.1,3.64,217.69,8.27,38356.9
2021-04-09,Store_06,86023,Apparel,1,Easter,0.25,54.9,3.66,217.39,8.35,50009.79
2021-04-16,Store_06,86023,Apparel,0,None,0.0,63.6,3.65,217.74,8.31,23548.42
2021-04-23,Store_06,86023,Apparel,0,None,0.0,61.4,3.67,217.78,8.24,25230.19
2021-04-30,Store_06,86023,Apparel,0,None,0.0,66.0,3.73,219.2,8.14,22116.56
2021-05-07,Store_06,86023,Apparel,0,None,0.14,67.2,3.66,218.45,8.06,31188.43
2021-05-14,Store_06,86023,Apparel,0,None,0.0,69.5,3.68,218.12,8.15,23224.48
2021-05-21,Store_06,86023,Apparel,0,None,0.0,72.5,3.73,219.26,8.27,25515.19
2021-05-28,Store_06,86023,Apparel,0,None,0.0,75.3,3.76,218.43,8.18,24434.15
2021-06-04,Store_06,86023,Apparel,0,None,0.0,71.6,3.8,219.34,8.02,24567.49
2021-06-11,Store_06,86023,Apparel,0,None,0.0,76.9,3.86,218.44,8.15,25077.75
2021-06-18,Store_06,86023,Apparel,0,None,0.0,79.3,3.84,218.95,8.15,23505.61
2021-06-25,Store_06,86023,Apparel,0,None,0.0,84.4,3.79,219.91,8.01,24610.38
2021-07-02,Store_06,86023,Apparel,0,None,0.0,86.4,3.8,220.37,8.1,24242.4
2021-07-09,Store_06,86023,Apparel,0,None,0.0,83.7,3.75,220.28,8.07,24190.04
2021-07-16,Store_06,86023,Apparel,0,None,0.0,86.1,3.79,220.33,7.94,24452.43
2021-07-23,Store_06,86023,Apparel,0,None,0.0,89.1,3.78,220.43,8.07,23791.48
2021-07-30,Store_06,86023,Apparel,0,None,0.0,87.0,3.8,220.03,8.08,23041.35
2021-08-06,Store_06,86023,Apparel,0,None,0.0,82.9,3.73,220.6,8.11,22133.22
2021-08-13,Store_06,86023,Apparel,0,None,0.0,81.2,3.79,220.92,8.09,28428.65
2021-08-20,Store_06,86023,Apparel,0,None,0.0,80.6,3.82,221.87,7.83,26336.89
2021-08-27,Store_06,86023,Apparel,0,None,0.0,81.3,3.73,221.71,7.86,28597.7
2021-09-03,Store_06,86023,Apparel,1,Labor_Day,0.0,77.6,3.73,220.85,7.99,37294.71
2021-09-10,Store_06,86023,Apparel,1,Labor_Day,0.3,72.6,3.73,222.09,7.97,58824.83
2021-09-17,Store_06,86023,Apparel,0,None,0.0,76.0,3.65,221.92,7.96,21305.55
2021-09-24,Store_06,86023,Apparel,0,None,0.0,74.2,3.66,221.97,8.28,20484.04
2021-10-01,Store_06,86023,Apparel,0,None,0.0,70.4,3.62,222.81,7.93,20384.9
2021-10-08,Store_06,86023,Apparel,0,None,0.0,68.7,3.6,223.21,7.97,19185.16
2021-10-15,Store_06,86023,Apparel,0,None,0.18,59.1,3.53,223.35,7.94,26760.05
2021-10-22,Store_06,86023,Apparel,0,None,0.0,60.0,3.54,222.66,7.89,18562.73
2021-10-29,Store_06,86023,Apparel,0,None,0.0,60.3,3.54,223.11,7.78,19931.68
2021-11-05,Store_06,86023,Apparel,0,None,0.0,56.7,3.55,223.63,7.87,20108.31
2021-11-12,Store_06,86023,Apparel,0,None,0.0,53.4,3.49,224.14,7.7,18356.11
2021-11-19,Store_06,86023,Apparel,0,None,0.0,48.5,3.52,223.61,7.74,17808.78
2021-11-26,Store_06,86023,Apparel,1,Thanksgiving_BlackFriday,0.05,48.1,3.34,223.95,7.7,35421.42
2021-12-03,Store_06,86023,Apparel,0,None,0.0,48.4,3.39,223.68,7.74,18469.9
2021-12-10,Store_06,86023,Apparel,0,None,0.0,42.8,3.32,223.82,7.95,17568.22
2021-12-17,Store_06,86023,Apparel,0,None,0.0,45.8,3.38,225.02,7.51,17516.66
2021-12-24,Store_06,86023,Apparel,1,Christmas_Holiday,0.0,35.9,3.2,225.49,7.75,33528.71
2021-12-31,Store_06,86023,Apparel,1,Christmas_Holiday,0.0,34.0,3.16,224.96,7.51,32409.39
2022-01-07,Store_06,86023,Apparel,0,None,0.18,32.5,3.13,225.69,7.6,26277.65
2022-01-14,Store_06,86023,Apparel,0,None,0.0,34.7,3.02,225.57,7.74,18743.28
2022-01-21,Store_06,86023,Apparel,0,None,0.0,39.9,3.07,225.25,7.63,19482.76
2022-01-28,Store_06,86023,Apparel,0,None,0.0,32.4,3.02,225.95,7.49,21050.2
2022-02-04,Store_06,86023,Apparel,0,None,0.0,35.1,3.03,226.73,7.52,19545.91
2022-02-11,Store_06,86023,Apparel,1,Super_Bowl,0.0,37.9,3.0,226.14,7.64,27965.91
2022-02-18,Store_06,86023,Apparel,0,None,0.0,36.3,3.05,227.13,7.48,19431.45
2022-02-25,Store_06,86023,Apparel,0,None,0.18,43.1,2.97,225.23,7.56,29287.27
2022-03-04,Store_06,86023,Apparel,0,None,0.0,43.5,2.86,227.14,7.53,21676.96
2022-03-11,Store_06,86023,Apparel,0,None,0.0,40.2,2.81,226.97,7.44,21118.33
2022-03-18,Store_06,86023,Apparel,0,None,0.0,46.0,2.85,226.97,7.7,23611.2
2022-03-25,Store_06,86023,Apparel,1,Easter,0.0,50.5,2.74,227.35,7.54,31714.24
2022-04-01,Store_06,86023,Apparel,1,Easter,0.15,54.6,2.87,226.51,7.26,41360.3
2022-04-08,Store_06,86023,Apparel,1,Easter,0.11,51.6,2.81,227.58,7.46,43115.95
2022-04-15,Store_06,86023,Apparel,1,Easter,0.25,57.4,2.7,228.06,7.36,50001.06
2022-04-22,Store_06,86023,Apparel,0,None,0.0,56.3,2.62,228.82,7.5,24800.12
2022-04-29,Store_06,86023,Apparel,0,None,0.0,57.3,2.75,228.01,7.31,24940.42
2022-05-06,Store_06,86023,Apparel,0,None,0.0,68.2,2.66,228.06,7.37,25994.32
2022-05-13,Store_06,86023,Apparel,0,None,0.0,67.0,2.71,228.4,7.41,25245.94
2022-05-20,Store_06,86023,Apparel,0,None,0.0,66.3,2.56,229.3,7.43,24697.13
2022-05-27,Store_06,86023,Apparel,0,None,0.0,66.0,2.6,229.2,7.21,22851.68
2022-06-03,Store_06,86023,Apparel,0,None,0.0,77.7,2.62,228.97,7.28,25603.09
2022-06-10,Store_06,86023,Apparel,0,None,0.0,71.0,2.61,229.68,7.25,24887.72
2022-06-17,Store_06,86023,Apparel,0,None,0.0,79.4,2.58,229.66,7.22,23901.3
2022-06-24,Store_06,86023,Apparel,0,None,0.0,77.3,2.63,230.29,7.44,25110.0
2022-07-01,Store_06,86023,Apparel,0,None,0.0,77.2,2.55,229.65,7.29,25737.17
2022-07-08,Store_06,86023,Apparel,0,None,0.0,81.5,2.59,230.03,7.11,26139.64
2022-07-15,Store_06,86023,Apparel,0,None,0.0,84.1,2.61,230.19,7.31,24757.78
2022-07-22,Store_06,86023,Apparel,0,None,0.0,88.0,2.64,229.85,7.41,24522.54
2022-07-29,Store_06,86023,Apparel,0,None,0.0,85.4,2.65,230.92,7.29,23682.17
2022-08-05,Store_06,86023,Apparel,0,None,0.0,88.9,2.57,231.09,7.02,24202.93
2022-08-12,Store_06,86023,Apparel,0,None,0.12,81.8,2.56,231.16,7.11,38724.39
2022-08-19,Store_06,86023,Apparel,0,None,0.0,86.8,2.72,231.23,7.26,32306.08
2022-08-26,Store_06,86023,Apparel,0,None,0.0,86.8,2.69,230.83,7.05,30943.57
2022-09-02,Store_06,86023,Apparel,1,Labor_Day,0.0,78.6,2.65,231.52,7.15,35259.27
2022-09-09,Store_06,86023,Apparel,1,Labor_Day,0.2,72.3,2.78,231.75,7.17,52872.28
2022-09-16,Store_06,86023,Apparel,0,None,0.0,72.7,2.73,231.71,6.98,20044.7
2022-09-23,Store_06,86023,Apparel,0,None,0.0,72.7,2.81,232.23,7.05,21893.55
2022-09-30,Store_06,86023,Apparel,0,None,0.0,66.1,2.78,232.7,6.72,21486.39
2022-10-07,Store_06,86023,Apparel,0,None,0.0,69.3,2.91,233.64,6.92,20069.04
2022-10-14,Store_06,86023,Apparel,0,None,0.0,58.1,2.92,232.97,6.98,21474.69
2022-10-21,Store_06,86023,Apparel,0,None,0.0,58.4,2.85,233.21,6.87,19922.27
2022-10-28,Store_06,86023,Apparel,0,None,0.0,55.9,2.94,233.23,7.14,18691.97
2022-11-04,Store_06,86023,Apparel,0,None,0.0,55.3,2.95,232.5,6.82,18027.17
2022-11-11,Store_06,86023,Apparel,0,None,0.0,48.9,3.02,233.64,6.9,19386.2
2022-11-18,Store_06,86023,Apparel,0,None,0.0,51.8,2.94,233.88,6.94,18845.9
2022-11-25,Store_06,86023,Apparel,1,Thanksgiving_BlackFriday,0.0,45.7,3.06,235.27,7.06,32415.98
2022-12-02,Store_06,86023,Apparel,0,None,0.0,41.6,3.11,234.13,6.75,19233.85
2022-12-09,Store_06,86023,Apparel,0,None,0.0,39.5,3.0,234.57,7.0,19007.82
2022-12-16,Store_06,86023,Apparel,0,None,0.0,39.4,3.07,234.6,6.87,19343.36
2022-12-23,Store_06,86023,Apparel,1,Christmas_Holiday,0.0,40.3,3.06,234.22,6.75,34975.14
2022-12-30,Store_06,86023,Apparel,1,Christmas_Holiday,0.0,34.6,3.19,235.57,6.88,33728.75
2023-01-06,Store_06,86023,Apparel,0,None,0.0,38.0,3.27,235.57,6.84,19283.91
2023-01-13,Store_06,86023,Apparel,0,None,0.0,39.3,3.35,235.78,6.74,21043.93
2023-01-20,Store_06,86023,Apparel,0,None,0.3,31.1,3.31,235.12,6.79,34096.92
2023-01-27,Store_06,86023,Apparel,0,None,0.24,37.6,3.43,236.47,6.73,31518.91
2023-02-03,Store_06,86023,Apparel,0,None,0.0,39.1,3.31,235.26,6.76,19883.16
2023-02-10,Store_06,86023,Apparel,1,Super_Bowl,0.0,36.5,3.33,236.45,6.8,27804.35
2023-02-17,Store_06,86023,Apparel,0,None,0.11,34.1,3.44,237.44,6.88,23876.91
2023-02-24,Store_06,86023,Apparel,0,None,0.0,41.5,3.5,236.04,6.58,22418.58
2023-03-03,Store_06,86023,Apparel,0,None,0.12,41.9,3.51,236.45,6.9,27762.12
2023-03-10,Store_06,86023,Apparel,0,None,0.09,44.1,3.44,236.97,6.48,27324.71
2023-03-17,Store_06,86023,Apparel,0,None,0.0,45.2,3.57,236.86,6.64,22660.26
2023-03-24,Store_06,86023,Apparel,0,None,0.17,48.7,3.53,236.53,6.7,33966.26
2023-03-31,Store_06,86023,Apparel,1,Easter,0.28,46.7,3.66,237.53,6.65,55409.02
2023-04-07,Store_06,86023,Apparel,1,Easter,0.0,55.0,3.67,237.16,6.55,32387.05
2023-04-14,Store_06,86023,Apparel,1,Easter,0.08,55.4,3.63,238.12,6.57,35871.75
2023-04-21,Store_06,86023,Apparel,0,None,0.0,60.4,3.67,237.62,6.53,23971.98
2023-04-28,Store_06,86023,Apparel,0,None,0.0,63.3,3.66,239.04,6.5,25850.71
2023-05-05,Store_06,86023,Apparel,0,None,0.0,66.1,3.73,238.07,6.63,25268.05
2023-05-12,Store_06,86023,Apparel,0,None,0.11,67.0,3.79,238.49,6.56,30766.08
2023-05-19,Store_06,86023,Apparel,0,None,0.0,72.1,3.71,239.25,6.44,24439.29
2023-05-26,Store_06,86023,Apparel,0,None,0.3,79.8,3.8,238.42,6.59,44396.25
2023-06-02,Store_06,86023,Apparel,0,None,0.0,74.8,3.76,239.34,6.51,23543.47
2023-06-09,Store_06,86023,Apparel,0,None,0.0,77.1,3.75,240.08,6.55,25999.94
2023-06-16,Store_06,86023,Apparel,0,None,0.0,80.2,3.79,238.81,6.51,25156.15
2023-06-23,Store_06,86023,Apparel,0,None,0.0,83.5,3.75,239.9,6.35,26272.39
2023-06-30,Store_06,86023,Apparel,0,None,0.27,85.3,3.77,240.13,6.36,39759.57
2023-07-07,Store_06,86023,Apparel,0,None,0.0,78.7,3.74,240.58,6.48,25759.88
2023-07-14,Store_06,86023,Apparel,0,None,0.0,79.6,3.89,239.77,6.45,24946.72
2023-07-21,Store_06,86023,Apparel,0,None,0.0,92.3,3.79,239.92,6.37,24372.0
2023-07-28,Store_06,86023,Apparel,0,None,0.0,82.1,3.75,241.03,6.36,25073.72
2023-08-04,Store_06,86023,Apparel,0,None,0.0,82.1,3.78,241.11,6.46,26478.13
2023-08-11,Store_06,86023,Apparel,0,None,0.26,83.5,3.76,241.28,6.26,45659.36
2023-08-18,Store_06,86023,Apparel,0,None,0.19,79.0,3.74,241.52,6.36,42004.29
2023-08-25,Store_06,86023,Apparel,0,None,0.0,81.1,3.76,241.2,6.27,29979.81
2023-09-01,Store_06,86023,Apparel,1,Labor_Day,0.0,78.9,3.75,241.85,6.25,42246.97
2023-09-08,Store_06,86023,Apparel,1,Labor_Day,0.26,80.5,3.67,242.07,6.37,60046.52
2023-09-15,Store_06,86023,Apparel,0,None,0.0,70.2,3.64,241.76,6.32,24213.35
2023-09-22,Store_06,86023,Apparel,0,None,0.0,72.0,3.64,243.24,6.31,22613.66
2023-09-29,Store_06,86023,Apparel,0,None,0.0,68.7,3.51,242.74,6.34,21692.56
2023-10-06,Store_06,86023,Apparel,0,None,0.0,59.3,3.52,242.1,6.19,21182.26
2023-10-13,Store_06,86023,Apparel,0,None,0.0,63.1,3.64,243.21,6.24,21468.52
2023-10-20,Store_06,86023,Apparel,0,None,0.0,62.0,3.62,242.59,6.13,20507.07
2023-10-27,Store_06,86023,Apparel,0,None,0.0,60.4,3.5,243.66,6.18,19905.25
2023-11-03,Store_06,86023,Apparel,0,None,0.0,51.4,3.51,244.04,6.12,19724.22
2023-11-10,Store_06,86023,Apparel,0,None,0.0,51.9,3.46,243.24,6.12,20000.01
2023-11-17,Store_06,86023,Apparel,0,None,0.0,45.8,3.57,244.33,6.16,20460.7
2023-11-24,Store_06,86023,Apparel,1,Thanksgiving_BlackFriday,0.23,50.4,3.43,244.24,6.0,56066.37
2023-12-01,Store_06,86023,Apparel,0,None,0.0,46.6,3.34,244.64,6.27,19781.67
2023-12-08,Store_06,86023,Apparel,0,None,0.0,43.3,3.26,245.37,5.95,19263.91
2023-12-15,Store_06,86023,Apparel,0,None,0.16,39.9,3.19,244.49,5.91,25751.13
2023-12-22,Store_06,86023,Apparel,1,Christmas_Holiday,0.23,43.1,3.25,244.43,6.13,49392.54
2023-12-29,Store_06,86023,Apparel,1,Christmas_Holiday,0.0,34.0,3.16,244.56,6.08,37955.12
2021-01-01,Store_06,86023,Electronics,0,None,0.0,37.9,3.23,214.14,8.42,21361.4
2021-01-08,Store_06,86023,Electronics,0,None,0.0,38.2,3.27,214.91,8.48,22588.17
2021-01-15,Store_06,86023,Electronics,0,None,0.0,40.7,3.27,214.88,8.5,23260.33
2021-01-22,Store_06,86023,Electronics,0,None,0.0,30.4,3.26,215.73,8.48,21490.2
2021-01-29,Store_06,86023,Electronics,0,None,0.0,37.4,3.35,215.32,8.52,22710.95
2021-02-05,Store_06,86023,Electronics,1,Super_Bowl,0.22,38.1,3.34,215.26,8.42,58094.13
2021-02-12,Store_06,86023,Electronics,1,Super_Bowl,0.0,39.8,3.46,216.89,8.55,34771.63
2021-02-19,Store_06,86023,Electronics,0,None,0.0,33.2,3.44,216.23,8.36,24953.39
2021-02-26,Store_06,86023,Electronics,0,None,0.28,36.9,3.44,216.57,8.64,42125.32
2021-03-05,Store_06,86023,Electronics,0,None,0.0,42.0,3.49,216.02,8.42,26524.96
2021-03-12,Store_06,86023,Electronics,0,None,0.06,42.5,3.56,216.65,8.25,28618.78
2021-03-19,Store_06,86023,Electronics,0,None,0.0,48.2,3.54,217.17,8.22,26879.99
2021-03-26,Store_06,86023,Electronics,1,Easter,0.07,45.7,3.56,216.73,8.36,45714.48
2021-04-02,Store_06,86023,Electronics,1,Easter,0.0,50.9,3.64,217.69,8.27,40732.58
2021-04-09,Store_06,86023,Electronics,1,Easter,0.0,50.4,3.66,217.39,8.35,41188.69
2021-04-16,Store_06,86023,Electronics,0,None,0.0,52.6,3.65,217.74,8.31,27166.97
2021-04-23,Store_06,86023,Electronics,0,None,0.0,54.6,3.67,217.78,8.24,29838.67
2021-04-30,Store_06,86023,Electronics,0,None,0.16,61.4,3.73,219.2,8.14,42265.09
2021-05-07,Store_06,86023,Electronics,0,None,0.0,62.3,3.66,218.45,8.06,29429.43
2021-05-14,Store_06,86023,Electronics,0,None,0.0,68.9,3.68,218.12,8.15,27406.69
2021-05-21,Store_06,86023,Electronics,0,None,0.16,68.9,3.73,219.26,8.27,39478.19
2021-05-28,Store_06,86023,Electronics,0,None,0.0,73.2,3.76,218.43,8.18,29220.08
2021-06-04,Store_06,86023,Electronics,0,None,0.0,78.6,3.8,219.34,8.02,28222.65
2021-06-11,Store_06,86023,Electronics,0,None,0.0,84.5,3.86,218.44,8.15,31199.01
2021-06-18,Store_06,86023,Electronics,0,None,0.0,75.3,3.84,218.95,8.15,29304.84
2021-06-25,Store_06,86023,Electronics,0,None,0.0,81.4,3.79,219.91,8.01,32048.63
2021-07-02,Store_06,86023,Electronics,0,None,0.0,80.5,3.8,220.37,8.1,29644.44
2021-07-09,Store_06,86023,Electronics,0,None,0.0,87.5,3.75,220.28,8.07,29522.51
2021-07-16,Store_06,86023,Electronics,0,None,0.09,85.9,3.79,220.33,7.94,36082.66
2021-07-23,Store_06,86023,Electronics,0,None,0.0,86.4,3.78,220.43,8.07,31144.76
2021-07-30,Store_06,86023,Electronics,0,None,0.0,87.4,3.8,220.03,8.08,27635.76
2021-08-06,Store_06,86023,Electronics,0,None,0.0,85.2,3.73,220.6,8.11,28851.16
2021-08-13,Store_06,86023,Electronics,0,None,0.0,87.4,3.79,220.92,8.09,27322.32
2021-08-20,Store_06,86023,Electronics,0,None,0.0,78.7,3.82,221.87,7.83,25774.23
2021-08-27,Store_06,86023,Electronics,0,None,0.0,85.2,3.73,221.71,7.86,28474.16
2021-09-03,Store_06,86023,Electronics,1,Labor_Day,0.0,77.8,3.73,220.85,7.99,40930.99
2021-09-10,Store_06,86023,Electronics,1,Labor_Day,0.0,83.1,3.73,222.09,7.97,39802.29
2021-09-17,Store_06,86023,Electronics,0,None,0.09,72.2,3.65,221.92,7.96,29557.79
2021-09-24,Store_06,86023,Electronics,0,None,0.0,70.5,3.66,221.97,8.28,24778.81
2021-10-01,Store_06,86023,Electronics,0,None,0.0,70.1,3.62,222.81,7.93,25797.28
2021-10-08,Store_06,86023,Electronics,0,None,0.0,66.4,3.6,223.21,7.97,24120.73
2021-10-15,Store_06,86023,Electronics,0,None,0.0,68.0,3.53,223.35,7.94,23705.8
2021-10-22,Store_06,86023,Electronics,0,None,0.0,62.7,3.54,222.66,7.89,22362.88
2021-10-29,Store_06,86023,Electronics,0,None,0.0,55.3,3.54,223.11,7.78,22529.63
2021-11-05,Store_06,86023,Electronics,0,None,0.0,54.9,3.55,223.63,7.87,23300.71
2021-11-12,Store_06,86023,Electronics,0,None,0.18,52.5,3.49,224.14,7.7,32628.04
2021-11-19,Store_06,86023,Electronics,0,None,0.0,53.9,3.52,223.61,7.74,21829.61
2021-11-26,Store_06,86023,Electronics,1,Thanksgiving_BlackFriday,0.12,49.2,3.34,223.95,7.7,64479.14
2021-12-03,Store_06,86023,Electronics,0,None,0.0,42.2,3.39,223.68,7.74,22496.51
2021-12-10,Store_06,86023,Electronics,0,None,0.0,44.6,3.32,223.82,7.95,21583.94
2021-12-17,Store_06,86023,Electronics,0,None,0.21,39.9,3.38,225.02,7.51,34737.53
2021-12-24,Store_06,86023,Electronics,1,Christmas_Holiday,0.0,39.8,3.2,225.49,7.75,49030.27
2021-12-31,Store_06,86023,Electronics,1,Christmas_Holiday,0.0,36.7,3.16,224.96,7.51,48733.23
2022-01-07,Store_06,86023,Electronics,0,None,0.0,31.4,3.13,225.69,7.6,21755.38
2022-01-14,Store_06,86023,Electronics,0,None,0.19,35.6,3.02,225.57,7.74,32754.86
2022-01-21,Store_06,86023,Electronics,0,None,0.0,33.4,3.07,225.25,7.63,24967.6
2022-01-28,Store_06,86023,Electronics,0,None,0.0,36.2,3.02,225.95,7.49,24065.74
2022-02-04,Store_06,86023,Electronics,0,None,0.0,38.5,3.03,226.73,7.52,26192.74
2022-02-11,Store_06,86023,Electronics,1,Super_Bowl,0.0,36.4,3.0,226.14,7.64,37280.3
2022-02-18,Store_06,86023,Electronics,0,None,0.0,36.5,3.05,227.13,7.48,24406.42
2022-02-25,Store_06,86023,Electronics,0,None,0.0,39.4,2.97,225.23,7.56,27146.83
2022-03-04,Store_06,86023,Electronics,0,None,0.14,41.5,2.86,227.14,7.53,35797.88
2022-03-11,Store_06,86023,Electronics,0,None,0.0,46.6,2.81,226.97,7.44,26739.58
2022-03-18,Store_06,86023,Electronics,0,None,0.0,49.4,2.85,226.97,7.7,26218.27
2022-03-25,Store_06,86023,Electronics,1,Easter,0.06,47.3,2.74,227.35,7.54,48730.59
2022-04-01,Store_06,86023,Electronics,1,Easter,0.0,50.3,2.87,226.51,7.26,43468.59
2022-04-08,Store_06,86023,Electronics,1,Easter,0.0,57.3,2.81,227.58,7.46,41908.37
2022-04-15,Store_06,86023,Electronics,1,Easter,0.21,59.0,2.7,228.06,7.36,68051.17
2022-04-22,Store_06,86023,Electronics,0,None,0.0,61.6,2.62,228.82,7.5,27427.9
2022-04-29,Store_06,86023,Electronics,0,None,0.0,65.4,2.75,228.01,7.31,30541.66
2022-05-06,Store_06,86023,Electronics,0,None,0.0,70.2,2.66,228.06,7.37,28211.15
2022-05-13,Store_06,86023,Electronics,0,None,0.15,72.3,2.71,228.4,7.41,41540.63
2022-05-20,Store_06,86023,Electronics,0,None,0.27,73.5,2.56,229.3,7.43,48475.36
2022-05-27,Store_06,86023,Electronics,0,None,0.0,71.8,2.6,229.2,7.21,32276.34
2022-06-03,Store_06,86023,Electronics,0,None,0.0,83.4,2.62,228.97,7.28,29559.65
2022-06-10,Store_06,86023,Electronics,0,None,0.0,82.2,2.61,229.68,7.25,31405.26
2022-06-17,Store_06,86023,Electronics,0,None,0.0,78.8,2.58,229.66,7.22,30504.01
2022-06-24,Store_06,86023,Electronics,0,None,0.0,88.1,2.63,230.29,7.44,32599.65
2022-07-01,Store_06,86023,Electronics,0,None,0.28,84.9,2.55,229.65,7.29,51181.15
2022-07-08,Store_06,86023,Electronics,0,None,0.0,85.3,2.59,230.03,7.11,29302.66
2022-07-15,Store_06,86023,Electronics,0,None,0.0,88.4,2.61,230.19,7.31,29892.06
2022-07-22,Store_06,86023,Electronics,0,None,0.0,85.8,2.64,229.85,7.41,29153.14
2022-07-29,Store_06,86023,Electronics,0,None,0.0,79.5,2.65,230.92,7.29,31099.97
2022-08-05,Store_06,86023,Electronics,0,None,0.0,79.8,2.57,231.09,7.02,29958.65
2022-08-12,Store_06,86023,Electronics,0,None,0.06,85.1,2.56,231.16,7.11,32972.16
2022-08-19,Store_06,86023,Electronics,0,None,0.0,86.5,2.72,231.23,7.26,29264.84
2022-08-26,Store_06,86023,Electronics,0,None,0.0,81.7,2.69,230.83,7.05,31159.85
2022-09-02,Store_06,86023,Electronics,1,Labor_Day,0.0,78.8,2.65,231.52,7.15,44131.6
2022-09-09,Store_06,86023,Electronics,1,Labor_Day,0.0,85.2,2.78,231.75,7.17,41432.44
2022-09-16,Store_06,86023,Electronics,0,None,0.0,69.7,2.73,231.71,6.98,26479.81
2022-09-23,Store_06,86023,Electronics,0,None,0.25,70.9,2.81,232.23,7.05,39261.59
2022-09-30,Store_06,86023,Electronics,0,None,0.0,70.2,2.78,232.7,6.72,26412.38
2022-10-07,Store_06,86023,Electronics,0,None,0.0,70.3,2.91,233.64,6.92,24944.5
2022-10-14,Store_06,86023,Electronics,0,None,0.0,65.8,2.92,232.97,6.98,24597.02
2022-10-21,Store_06,86023,Electronics,0,None,0.0,56.1,2.85,233.21,6.87,24240.67
2022-10-28,Store_06,86023,Electronics,0,None,0.0,52.5,2.94,233.23,7.14,24121.27
2022-11-04,Store_06,86023,Electronics,0,None,0.0,58.6,2.95,232.5,6.82,23734.1
2022-11-11,Store_06,86023,Electronics,0,None,0.0,53.5,3.02,233.64,6.9,21202.17
2022-11-18,Store_06,86023,Electronics,0,None,0.0,51.1,2.94,233.88,6.94,22853.9
2022-11-25,Store_06,86023,Electronics,1,Thanksgiving_BlackFriday,0.16,48.3,3.06,235.27,7.06,69526.88
2022-12-02,Store_06,86023,Electronics,0,None,0.0,41.0,3.11,234.13,6.75,21158.85
2022-12-09,Store_06,86023,Electronics,0,None,0.0,44.7,3.0,234.57,7.0,22267.75
2022-12-16,Store_06,86023,Electronics,0,None,0.0,39.7,3.07,234.6,6.87,21869.75
2022-12-23,Store_06,86023,Electronics,1,Christmas_Holiday,0.09,41.6,3.06,234.22,6.75,64878.46
2022-12-30,Store_06,86023,Electronics,1,Christmas_Holiday,0.0,37.8,3.19,235.57,6.88,53614.45
2023-01-06,Store_06,86023,Electronics,0,None,0.0,35.5,3.27,235.57,6.84,24192.8
2023-01-13,Store_06,86023,Electronics,0,None,0.0,33.7,3.35,235.78,6.74,24020.94
2023-01-20,Store_06,86023,Electronics,0,None,0.0,37.3,3.31,235.12,6.79,24598.86
2023-01-27,Store_06,86023,Electronics,0,None,0.0,33.0,3.43,236.47,6.73,25052.51
2023-02-03,Store_06,86023,Electronics,0,None,0.0,31.4,3.31,235.26,6.76,25343.03
2023-02-10,Store_06,86023,Electronics,1,Super_Bowl,0.2,33.5,3.33,236.45,6.8,63826.16
2023-02-17,Store_06,86023,Electronics,0,None,0.19,41.5,3.44,237.44,6.88,38913.61
2023-02-24,Store_06,86023,Electronics,0,None,0.2,41.7,3.5,236.04,6.58,39150.49
2023-03-03,Store_06,86023,Electronics,0,None,0.0,41.5,3.51,236.45,6.9,27764.72
2023-03-10,Store_06,86023,Electronics,0,None,0.0,45.6,3.44,236.97,6.48,28790.66
2023-03-17,Store_06,86023,Electronics,0,None,0.0,47.6,3.57,236.86,6.64,26951.43
2023-03-24,Store_06,86023,Electronics,0,None,0.0,43.9,3.53,236.53,6.7,28697.33
2023-03-31,Store_06,86023,Electronics,1,Easter,0.0,51.3,3.66,237.53,6.65,43901.89
2023-04-07,Store_06,86023,Electronics,1,Easter,0.13,56.5,3.67,237.16,6.55,58643.67
2023-04-14,Store_06,86023,Electronics,1,Easter,0.21,52.1,3.63,238.12,6.57,67912.23
2023-04-21,Store_06,86023,Electronics,0,None,0.0,62.7,3.67,237.62,6.53,31918.02
2023-04-28,Store_06,86023,Electronics,0,None,0.0,66.6,3.66,239.04,6.5,33648.77
2023-05-05,Store_06,86023,Electronics,0,None,0.16,67.2,3.73,238.07,6.63,41741.9
2023-05-12,Store_06,86023,Electronics,0,None,0.0,66.4,3.79,238.49,6.56,32088.69
2023-05-19,Store_06,86023,Electronics,0,None,0.0,73.9,3.71,239.25,6.44,28574.29
2023-05-26,Store_06,86023,Electronics,0,None,0.0,78.0,3.8,238.42,6.59,29668.41
2023-06-02,Store_06,86023,Electronics,0,None,0.0,77.8,3.76,239.34,6.51,32411.81
2023-06-09,Store_06,86023,Electronics,0,None,0.26,85.9,3.75,240.08,6.55,53750.32
2023-06-16,Store_06,86023,Electronics,0,None,0.14,84.4,3.79,238.81,6.51,41145.21
2023-06-23,Store_06,86023,Electronics,0,None,0.0,80.7,3.75,239.9,6.35,33440.85
2023-06-30,Store_06,86023,Electronics,0,None,0.0,80.1,3.77,240.13,6.36,30843.55
2023-07-07,Store_06,86023,Electronics,0,None,0.0,83.7,3.74,240.58,6.48,31915.78
2023-07-14,Store_06,86023,Electronics,0,None,0.06,85.3,3.89,239.77,6.45,31376.97
2023-07-21,Store_06,86023,Electronics,0,None,0.0,82.9,3.79,239.92,6.37,29579.5
2023-07-28,Store_06,86023,Electronics,0,None,0.0,86.2,3.75,241.03,6.36,29766.95
2023-08-04,Store_06,86023,Electronics,0,None,0.0,89.2,3.78,241.11,6.46,29400.78
2023-08-11,Store_06,86023,Electronics,0,None,0.25,81.1,3.76,241.28,6.26,44502.37
2023-08-18,Store_06,86023,Electronics,0,None,0.06,85.1,3.74,241.52,6.36,33105.17
2023-08-25,Store_06,86023,Electronics,0,None,0.0,76.8,3.76,241.2,6.27,29314.0
2023-09-01,Store_06,86023,Electronics,1,Labor_Day,0.0,77.6,3.75,241.85,6.25,42778.31
2023-09-08,Store_06,86023,Electronics,1,Labor_Day,0.08,69.8,3.67,242.07,6.37,50336.21
2023-09-15,Store_06,86023,Electronics,0,None,0.0,72.3,3.64,241.76,6.32,27420.84
2023-09-22,Store_06,86023,Electronics,0,None,0.0,69.6,3.64,243.24,6.31,26650.18
2023-09-29,Store_06,86023,Electronics,0,None,0.1,70.1,3.51,242.74,6.34,34279.11
2023-10-06,Store_06,86023,Electronics,0,None,0.0,67.7,3.52,242.1,6.19,26776.26
2023-10-13,Store_06,86023,Electronics,0,None,0.0,64.5,3.64,243.21,6.24,23713.14
2023-10-20,Store_06,86023,Electronics,0,None,0.0,60.6,3.62,242.59,6.13,23060.76
2023-10-27,Store_06,86023,Electronics,0,None,0.0,56.3,3.5,243.66,6.18,24929.55
2023-11-03,Store_06,86023,Electronics,0,None,0.21,54.5,3.51,244.04,6.12,37003.58
2023-11-10,Store_06,86023,Electronics,0,None,0.21,50.5,3.46,243.24,6.12,35243.74
2023-11-17,Store_06,86023,Electronics,0,None,0.0,51.9,3.57,244.33,6.16,23351.46
2023-11-24,Store_06,86023,Electronics,1,Thanksgiving_BlackFriday,0.12,48.2,3.43,244.24,6.0,65363.38
2023-12-01,Store_06,86023,Electronics,0,None,0.0,41.1,3.34,244.64,6.27,23331.06
2023-12-08,Store_06,86023,Electronics,0,None,0.0,39.0,3.26,245.37,5.95,25451.91
2023-12-15,Store_06,86023,Electronics,0,None,0.0,40.8,3.19,244.49,5.91,23801.57
2023-12-22,Store_06,86023,Electronics,1,Christmas_Holiday,0.0,36.9,3.25,244.43,6.13,55259.39
2023-12-29,Store_06,86023,Electronics,1,Christmas_Holiday,0.15,36.3,3.16,244.56,6.08,74244.65
2021-01-01,Store_06,86023,Grocery,0,None,0.06,37.0,3.23,214.14,8.42,32463.86
2021-01-08,Store_06,86023,Grocery,0,None,0.0,38.0,3.27,214.91,8.48,29875.51
2021-01-15,Store_06,86023,Grocery,0,None,0.0,38.1,3.27,214.88,8.5,29254.63
2021-01-22,Store_06,86023,Grocery,0,None,0.12,39.1,3.26,215.73,8.48,34138.33
2021-01-29,Store_06,86023,Grocery,0,None,0.0,29.8,3.35,215.32,8.52,29832.73
2021-02-05,Store_06,86023,Grocery,1,Super_Bowl,0.16,34.8,3.34,215.26,8.42,41967.23
2021-02-12,Store_06,86023,Grocery,1,Super_Bowl,0.0,35.7,3.46,216.89,8.55,35425.56
2021-02-19,Store_06,86023,Grocery,0,None,0.0,40.7,3.44,216.23,8.36,31388.26
2021-02-26,Store_06,86023,Grocery,0,None,0.0,42.2,3.44,216.57,8.64,30348.12
2021-03-05,Store_06,86023,Grocery,0,None,0.2,37.0,3.49,216.02,8.42,41547.05
2021-03-12,Store_06,86023,Grocery,0,None,0.16,45.7,3.56,216.65,8.25,40033.11
2021-03-19,Store_06,86023,Grocery,0,None,0.28,42.7,3.54,217.17,8.22,43407.9
2021-03-26,Store_06,86023,Grocery,1,Easter,0.0,45.4,3.56,216.73,8.36,38793.63
2021-04-02,Store_06,86023,Grocery,1,Easter,0.0,51.0,3.64,217.69,8.27,37674.05
2021-04-09,Store_06,86023,Grocery,1,Easter,0.0,55.7,3.66,217.39,8.35,38656.93
2021-04-16,Store_06,86023,Grocery,0,None,0.21,53.5,3.65,217.74,8.31,40661.27
2021-04-23,Store_06,86023,Grocery,0,None,0.0,65.8,3.67,217.78,8.24,36190.82
2021-04-30,Store_06,86023,Grocery,0,None,0.0,61.4,3.73,219.2,8.14,37432.69
2021-05-07,Store_06,86023,Grocery,0,None,0.0,63.8,3.66,218.45,8.06,35391.09
2021-05-14,Store_06,86023,Grocery,0,None,0.0,72.9,3.68,218.12,8.15,39033.51
2021-05-21,Store_06,86023,Grocery,0,None,0.0,71.6,3.73,219.26,8.27,36472.95
2021-05-28,Store_06,86023,Grocery,0,None,0.0,69.6,3.76,218.43,8.18,37388.8
2021-06-04,Store_06,86023,Grocery,0,None,0.0,75.0,3.8,219.34,8.02,36513.89
2021-06-11,Store_06,86023,Grocery,0,None,0.08,76.5,3.86,218.44,8.15,40402.97
2021-06-18,Store_06,86023,Grocery,0,None,0.0,78.3,3.84,218.95,8.15,38964.6
2021-06-25,Store_06,86023,Grocery,0,None,0.26,84.2,3.79,219.91,8.01,46435.58
2021-07-02,Store_06,86023,Grocery,0,None,0.0,81.6,3.8,220.37,8.1,38314.68
2021-07-09,Store_06,86023,Grocery,0,None,0.0,86.1,3.75,220.28,8.07,36893.59
2021-07-16,Store_06,86023,Grocery,0,None,0.0,84.7,3.79,220.33,7.94,36987.33
2021-07-23,Store_06,86023,Grocery,0,None,0.0,85.0,3.78,220.43,8.07,36029.66
2021-07-30,Store_06,86023,Grocery,0,None,0.0,84.5,3.8,220.03,8.08,35582.22
2021-08-06,Store_06,86023,Grocery,0,None,0.0,84.0,3.73,220.6,8.11,34951.33
2021-08-13,Store_06,86023,Grocery,0,None,0.0,81.3,3.79,220.92,8.09,32852.13
2021-08-20,Store_06,86023,Grocery,0,None,0.0,80.7,3.82,221.87,7.83,34068.05
2021-08-27,Store_06,86023,Grocery,0,None,0.0,78.7,3.73,221.71,7.86,35129.02
2021-09-03,Store_06,86023,Grocery,1,Labor_Day,0.0,75.4,3.73,220.85,7.99,38266.75
2021-09-10,Store_06,86023,Grocery,1,Labor_Day,0.09,74.2,3.73,222.09,7.97,43207.25
2021-09-17,Store_06,86023,Grocery,0,None,0.0,76.3,3.65,221.92,7.96,31413.46
2021-09-24,Store_06,86023,Grocery,0,None,0.0,71.8,3.66,221.97,8.28,32175.84
2021-10-01,Store_06,86023,Grocery,0,None,0.0,73.0,3.62,222.81,7.93,29712.15
2021-10-08,Store_06,86023,Grocery,0,None,0.0,70.2,3.6,223.21,7.97,27703.41
2021-10-15,Store_06,86023,Grocery,0,None,0.0,62.3,3.53,223.35,7.94,30132.08
2021-10-22,Store_06,86023,Grocery,0,None,0.0,62.3,3.54,222.66,7.89,29512.0
2021-10-29,Store_06,86023,Grocery,0,None,0.0,60.5,3.54,223.11,7.78,28788.56
2021-11-05,Store_06,86023,Grocery,0,None,0.0,53.0,3.55,223.63,7.87,29296.61
2021-11-12,Store_06,86023,Grocery,0,None,0.0,57.7,3.49,224.14,7.7,28790.59
2021-11-19,Store_06,86023,Grocery,0,None,0.0,53.4,3.52,223.61,7.74,28776.58
2021-11-26,Store_06,86023,Grocery,1,Thanksgiving_BlackFriday,0.0,45.5,3.34,223.95,7.7,38996.63
2021-12-03,Store_06,86023,Grocery,0,None,0.0,43.0,3.39,223.68,7.74,28460.17
2021-12-10,Store_06,86023,Grocery,0,None,0.05,42.0,3.32,223.82,7.95,29080.62
2021-12-17,Store_06,86023,Grocery,0,None,0.0,39.3,3.38,225.02,7.51,27844.18
2021-12-24,Store_06,86023,Grocery,1,Christmas_Holiday,0.0,33.3,3.2,225.49,7.75,36115.26
2021-12-31,Store_06,86023,Grocery,1,Christmas_Holiday,0.3,36.3,3.16,224.96,7.51,52419.28
2022-01-07,Store_06,86023,Grocery,0,None,0.0,31.4,3.13,225.69,7.6,29526.52
2022-01-14,Store_06,86023,Grocery,0,None,0.0,36.7,3.02,225.57,7.74,29685.02
2022-01-21,Store_06,86023,Grocery,0,None,0.0,32.1,3.07,225.25,7.63,32537.22
2022-01-28,Store_06,86023,Grocery,0,None,0.0,35.3,3.02,225.95,7.49,31346.5
2022-02-04,Store_06,86023,Grocery,0,None,0.0,34.7,3.03,226.73,7.52,31676.98
2022-02-11,Store_06,86023,Grocery,1,Super_Bowl,0.24,35.6,3.0,226.14,7.64,43152.46
2022-02-18,Store_06,86023,Grocery,0,None,0.0,40.5,3.05,227.13,7.48,29936.57
2022-02-25,Store_06,86023,Grocery,0,None,0.27,43.6,2.97,225.23,7.56,45846.58
2022-03-04,Store_06,86023,Grocery,0,None,0.0,37.2,2.86,227.14,7.53,33744.48
2022-03-11,Store_06,86023,Grocery,0,None,0.0,40.0,2.81,226.97,7.44,34283.32
2022-03-18,Store_06,86023,Grocery,0,None,0.0,50.6,2.85,226.97,7.7,35557.63
2022-03-25,Store_06,86023,Grocery,1,Easter,0.0,49.8,2.74,227.35,7.54,40191.32
2022-04-01,Store_06,86023,Grocery,1,Easter,0.08,51.0,2.87,226.51,7.26,44845.9
2022-04-08,Store_06,86023,Grocery,1,Easter,0.22,52.1,2.81,227.58,7.46,54384.13
2022-04-15,Store_06,86023,Grocery,1,Easter,0.0,52.1,2.7,228.06,7.36,41840.85
2022-04-22,Store_06,86023,Grocery,0,None,0.24,57.7,2.62,228.82,7.5,48428.95
2022-04-29,Store_06,86023,Grocery,0,None,0.0,60.8,2.75,228.01,7.31,38870.49
2022-05-06,Store_06,86023,Grocery,0,None,0.0,67.5,2.66,228.06,7.37,38801.88
2022-05-13,Store_06,86023,Grocery,0,None,0.0,71.5,2.71,228.4,7.41,39650.02
2022-05-20,Store_06,86023,Grocery,0,None,0.0,66.9,2.56,229.3,7.43,40297.82
2022-05-27,Store_06,86023,Grocery,0,None,0.0,73.4,2.6,229.2,7.21,35184.76
2022-06-03,Store_06,86023,Grocery,0,None,0.0,76.2,2.62,228.97,7.28,39757.43
2022-06-10,Store_06,86023,Grocery,0,None,0.19,81.6,2.61,229.68,7.25,47469.37
2022-06-17,Store_06,86023,Grocery,0,None,0.0,74.5,2.58,229.66,7.22,36966.27
2022-06-24,Store_06,86023,Grocery,0,None,0.0,80.6,2.63,230.29,7.44,37025.92
2022-07-01,Store_06,86023,Grocery,0,None,0.0,80.4,2.55,229.65,7.29,39635.41
2022-07-08,Store_06,86023,Grocery,0,None,0.0,87.1,2.59,230.03,7.11,38787.82
2022-07-15,Store_06,86023,Grocery,0,None,0.0,77.7,2.61,230.19,7.31,37860.81
2022-07-22,Store_06,86023,Grocery,0,None,0.0,87.6,2.64,229.85,7.41,40321.01
2022-07-29,Store_06,86023,Grocery,0,None,0.0,83.7,2.65,230.92,7.29,37282.54
2022-08-05,Store_06,86023,Grocery,0,None,0.0,79.9,2.57,231.09,7.02,37709.49
2022-08-12,Store_06,86023,Grocery,0,None,0.16,83.9,2.56,231.16,7.11,43467.23
2022-08-19,Store_06,86023,Grocery,0,None,0.0,82.1,2.72,231.23,7.26,34496.52
2022-08-26,Store_06,86023,Grocery,0,None,0.0,80.4,2.69,230.83,7.05,33872.09
2022-09-02,Store_06,86023,Grocery,1,Labor_Day,0.0,82.8,2.65,231.52,7.15,40222.05
2022-09-09,Store_06,86023,Grocery,1,Labor_Day,0.0,77.8,2.78,231.75,7.17,40532.09
2022-09-16,Store_06,86023,Grocery,0,None,0.0,69.2,2.73,231.71,6.98,32907.26
2022-09-23,Store_06,86023,Grocery,0,None,0.0,71.1,2.81,232.23,7.05,33096.08
2022-09-30,Store_06,86023,Grocery,0,None,0.0,64.7,2.78,232.7,6.72,30253.84
2022-10-07,Store_06,86023,Grocery,0,None,0.0,70.5,2.91,233.64,6.92,31576.04
2022-10-14,Store_06,86023,Grocery,0,None,0.0,66.8,2.92,232.97,6.98,33620.52
2022-10-21,Store_06,86023,Grocery,0,None,0.21,57.6,2.85,233.21,6.87,36204.89
2022-10-28,Store_06,86023,Grocery,0,None,0.0,63.6,2.94,233.23,7.14,30428.95
2022-11-04,Store_06,86023,Grocery,0,None,0.0,53.6,2.95,232.5,6.82,27780.17
2022-11-11,Store_06,86023,Grocery,0,None,0.22,49.9,3.02,233.64,6.9,38214.97
2022-11-18,Store_06,86023,Grocery,0,None,0.0,47.6,2.94,233.88,6.94,30237.98
2022-11-25,Store_06,86023,Grocery,1,Thanksgiving_BlackFriday,0.0,51.8,3.06,235.27,7.06,40798.22
2022-12-02,Store_06,86023,Grocery,0,None,0.21,44.4,3.11,234.13,6.75,37378.41
2022-12-09,Store_06,86023,Grocery,0,None,0.0,43.4,3.0,234.57,7.0,28776.58
2022-12-16,Store_06,86023,Grocery,0,None,0.0,40.4,3.07,234.6,6.87,29212.21
2022-12-23,Store_06,86023,Grocery,1,Christmas_Holiday,0.0,37.7,3.06,234.22,6.75,35480.64
2022-12-30,Store_06,86023,Grocery,1,Christmas_Holiday,0.23,34.4,3.19,235.57,6.88,51429.36
2023-01-06,Store_06,86023,Grocery,0,None,0.0,38.6,3.27,235.57,6.84,29785.63
2023-01-13,Store_06,86023,Grocery,0,None,0.0,35.3,3.35,235.78,6.74,29663.29
2023-01-20,Store_06,86023,Grocery,0,None,0.0,37.9,3.31,235.12,6.79,30060.28
2023-01-27,Store_06,86023,Grocery,0,None,0.0,35.6,3.43,236.47,6.73,33847.9
2023-02-03,Store_06,86023,Grocery,0,None,0.0,34.7,3.31,235.26,6.76,30169.37
2023-02-10,Store_06,86023,Grocery,1,Super_Bowl,0.19,39.1,3.33,236.45,6.8,42715.45
2023-02-17,Store_06,86023,Grocery,0,None,0.0,34.5,3.44,237.44,6.88,33039.19
2023-02-24,Store_06,86023,Grocery,0,None,0.0,39.7,3.5,236.04,6.58,32789.48
2023-03-03,Store_06,86023,Grocery,0,None,0.0,40.7,3.51,236.45,6.9,34042.34
2023-03-10,Store_06,86023,Grocery,0,None,0.23,44.1,3.44,236.97,6.48,47505.49
2023-03-17,Store_06,86023,Grocery,0,None,0.0,44.9,3.57,236.86,6.64,34079.67
2023-03-24,Store_06,86023,Grocery,0,None,0.0,49.6,3.53,236.53,6.7,36621.12
2023-03-31,Store_06,86023,Grocery,1,Easter,0.0,52.8,3.66,237.53,6.65,41000.43
2023-04-07,Store_06,86023,Grocery,1,Easter,0.0,49.4,3.67,237.16,6.55,43942.19
2023-04-14,Store_06,86023,Grocery,1,Easter,0.0,58.9,3.63,238.12,6.57,43378.37
2023-04-21,Store_06,86023,Grocery,0,None,0.0,58.3,3.67,237.62,6.53,39430.35
2023-04-28,Store_06,86023,Grocery,0,None,0.0,59.7,3.66,239.04,6.5,40093.37
2023-05-05,Store_06,86023,Grocery,0,None,0.0,67.7,3.73,238.07,6.63,40349.22
2023-05-12,Store_06,86023,Grocery,0,None,0.0,65.6,3.79,238.49,6.56,39272.45
2023-05-19,Store_06,86023,Grocery,0,None,0.13,71.9,3.71,239.25,6.44,47401.07
2023-05-26,Store_06,86023,Grocery,0,None,0.0,72.7,3.8,238.42,6.59,38984.65
2023-06-02,Store_06,86023,Grocery,0,None,0.0,73.1,3.76,239.34,6.51,40469.69
2023-06-09,Store_06,86023,Grocery,0,None,0.0,81.4,3.75,240.08,6.55,43437.76
2023-06-16,Store_06,86023,Grocery,0,None,0.0,77.1,3.79,238.81,6.51,42401.67
2023-06-23,Store_06,86023,Grocery,0,None,0.0,77.8,3.75,239.9,6.35,39082.97
2023-06-30,Store_06,86023,Grocery,0,None,0.0,82.0,3.77,240.13,6.36,43065.47
2023-07-07,Store_06,86023,Grocery,0,None,0.0,80.7,3.74,240.58,6.48,39910.42
2023-07-14,Store_06,86023,Grocery,0,None,0.0,80.6,3.89,239.77,6.45,38121.09
2023-07-21,Store_06,86023,Grocery,0,None,0.0,87.4,3.79,239.92,6.37,38871.76
2023-07-28,Store_06,86023,Grocery,0,None,0.05,85.7,3.75,241.03,6.36,41579.33
2023-08-04,Store_06,86023,Grocery,0,None,0.21,84.7,3.78,241.11,6.46,48225.54
2023-08-11,Store_06,86023,Grocery,0,None,0.0,83.7,3.76,241.28,6.26,37579.14
2023-08-18,Store_06,86023,Grocery,0,None,0.0,82.7,3.74,241.52,6.36,33804.45
2023-08-25,Store_06,86023,Grocery,0,None,0.23,83.0,3.76,241.2,6.27,48090.16
2023-09-01,Store_06,86023,Grocery,1,Labor_Day,0.18,81.2,3.75,241.85,6.25,48391.4
2023-09-08,Store_06,86023,Grocery,1,Labor_Day,0.24,77.1,3.67,242.07,6.37,53277.35
2023-09-15,Store_06,86023,Grocery,0,None,0.2,74.2,3.64,241.76,6.32,44562.97
2023-09-22,Store_06,86023,Grocery,0,None,0.0,70.3,3.64,243.24,6.31,34826.09
2023-09-29,Store_06,86023,Grocery,0,None,0.0,67.6,3.51,242.74,6.34,33286.75
2023-10-06,Store_06,86023,Grocery,0,None,0.0,65.4,3.52,242.1,6.19,32187.36
2023-10-13,Store_06,86023,Grocery,0,None,0.2,58.3,3.64,243.21,6.24,39144.85
2023-10-20,Store_06,86023,Grocery,0,None,0.0,64.5,3.62,242.59,6.13,31631.82
2023-10-27,Store_06,86023,Grocery,0,None,0.0,53.3,3.5,243.66,6.18,32067.75
2023-11-03,Store_06,86023,Grocery,0,None,0.0,61.3,3.51,244.04,6.12,30524.96
2023-11-10,Store_06,86023,Grocery,0,None,0.22,52.2,3.46,243.24,6.12,37316.46
2023-11-17,Store_06,86023,Grocery,0,None,0.0,45.1,3.57,244.33,6.16,29889.25
2023-11-24,Store_06,86023,Grocery,1,Thanksgiving_BlackFriday,0.0,42.2,3.43,244.24,6.0,41465.18
2023-12-01,Store_06,86023,Grocery,0,None,0.0,45.2,3.34,244.64,6.27,28199.6
2023-12-08,Store_06,86023,Grocery,0,None,0.0,34.6,3.26,245.37,5.95,29631.41
2023-12-15,Store_06,86023,Grocery,0,None,0.17,40.6,3.19,244.49,5.91,35660.37
2023-12-22,Store_06,86023,Grocery,1,Christmas_Holiday,0.0,39.9,3.25,244.43,6.13,42618.56
2023-12-29,Store_06,86023,Grocery,1,Christmas_Holiday,0.0,41.0,3.16,244.56,6.08,43624.27
2021-01-01,Store_06,86023,Home_Garden,0,None,0.0,31.7,3.23,214.14,8.42,14899.61
2021-01-08,Store_06,86023,Home_Garden,0,None,0.25,37.8,3.27,214.91,8.48,20837.58
2021-01-15,Store_06,86023,Home_Garden,0,None,0.26,36.9,3.27,214.88,8.5,21473.47
2021-01-22,Store_06,86023,Home_Garden,0,None,0.0,38.3,3.26,215.73,8.48,15664.58
2021-01-29,Store_06,86023,Home_Garden,0,None,0.15,32.0,3.35,215.32,8.52,19770.6
2021-02-05,Store_06,86023,Home_Garden,1,Super_Bowl,0.16,33.3,3.34,215.26,8.42,22561.97
2021-02-12,Store_06,86023,Home_Garden,1,Super_Bowl,0.0,35.3,3.46,216.89,8.55,19279.97
2021-02-19,Store_06,86023,Home_Garden,0,None,0.0,35.3,3.44,216.23,8.36,17778.15
2021-02-26,Store_06,86023,Home_Garden,0,None,0.0,33.6,3.44,216.57,8.64,17371.03
2021-03-05,Store_06,86023,Home_Garden,0,None,0.0,41.7,3.49,216.02,8.42,15296.41
2021-03-12,Store_06,86023,Home_Garden,0,None,0.0,39.1,3.56,216.65,8.25,19080.51
2021-03-19,Store_06,86023,Home_Garden,0,None,0.0,48.4,3.54,217.17,8.22,17935.14
2021-03-26,Store_06,86023,Home_Garden,1,Easter,0.0,53.4,3.56,216.73,8.36,19774.61
2021-04-02,Store_06,86023,Home_Garden,1,Easter,0.0,57.5,3.64,217.69,8.27,21750.9
2021-04-09,Store_06,86023,Home_Garden,1,Easter,0.18,53.9,3.66,217.39,8.35,26394.49
2021-04-16,Store_06,86023,Home_Garden,0,None,0.0,56.1,3.65,217.74,8.31,24392.65
2021-04-23,Store_06,86023,Home_Garden,0,None,0.0,63.9,3.67,217.78,8.24,24496.12
2021-04-30,Store_06,86023,Home_Garden,0,None,0.0,60.7,3.73,219.2,8.14,25353.2
2021-05-07,Store_06,86023,Home_Garden,0,None,0.0,67.3,3.66,218.45,8.06,22909.8
2021-05-14,Store_06,86023,Home_Garden,0,None,0.0,67.3,3.68,218.12,8.15,26163.29
2021-05-21,Store_06,86023,Home_Garden,0,None,0.0,68.4,3.73,219.26,8.27,29151.19
2021-05-28,Store_06,86023,Home_Garden,0,None,0.23,75.9,3.76,218.43,8.18,35461.74
2021-06-04,Store_06,86023,Home_Garden,0,None,0.0,77.6,3.8,219.34,8.02,28350.24
2021-06-11,Store_06,86023,Home_Garden,0,None,0.21,80.8,3.86,218.44,8.15,35694.11
2021-06-18,Store_06,86023,Home_Garden,0,None,0.0,75.1,3.84,218.95,8.15,25722.7
2021-06-25,Store_06,86023,Home_Garden,0,None,0.0,83.2,3.79,219.91,8.01,26847.32
2021-07-02,Store_06,86023,Home_Garden,0,None,0.0,85.7,3.8,220.37,8.1,25242.36
2021-07-09,Store_06,86023,Home_Garden,0,None,0.0,81.2,3.75,220.28,8.07,25561.37
2021-07-16,Store_06,86023,Home_Garden,0,None,0.0,84.3,3.79,220.33,7.94,26251.1
2021-07-23,Store_06,86023,Home_Garden,0,None,0.0,84.0,3.78,220.43,8.07,19844.62
2021-07-30,Store_06,86023,Home_Garden,0,None,0.15,86.0,3.8,220.03,8.08,23767.47
2021-08-06,Store_06,86023,Home_Garden,0,None,0.0,88.6,3.73,220.6,8.11,19460.85
2021-08-13,Store_06,86023,Home_Garden,0,None,0.0,81.4,3.79,220.92,8.09,17491.17
2021-08-20,Store_06,86023,Home_Garden,0,None,0.0,83.1,3.82,221.87,7.83,17610.24
2021-08-27,Store_06,86023,Home_Garden,0,None,0.0,77.1,3.73,221.71,7.86,18873.45
2021-09-03,Store_06,86023,Home_Garden,1,Labor_Day,0.1,79.4,3.73,220.85,7.99,23728.64
2021-09-10,Store_06,86023,Home_Garden,1,Labor_Day,0.0,78.7,3.73,222.09,7.97,19439.28
2021-09-17,Store_06,86023,Home_Garden,0,None,0.0,73.6,3.65,221.92,7.96,17027.19
2021-09-24,Store_06,86023,Home_Garden,0,None,0.0,78.8,3.66,221.97,8.28,16940.96
2021-10-01,Store_06,86023,Home_Garden,0,None,0.0,64.9,3.62,222.81,7.93,17918.35
2021-10-08,Store_06,86023,Home_Garden,0,None,0.0,63.9,3.6,223.21,7.97,15586.81
2021-10-15,Store_06,86023,Home_Garden,0,None,0.0,59.9,3.53,223.35,7.94,15859.95
2021-10-22,Store_06,86023,Home_Garden,0,None,0.3,63.0,3.54,222.66,7.89,23173.3
2021-10-29,Store_06,86023,Home_Garden,0,None,0.0,55.9,3.54,223.11,7.78,15096.1
2021-11-05,Store_06,86023,Home_Garden,0,None,0.0,57.1,3.55,223.63,7.87,14857.81
2021-11-12,Store_06,86023,Home_Garden,0,None,0.0,50.5,3.49,224.14,7.7,15742.29
2021-11-19,Store_06,86023,Home_Garden,0,None,0.09,52.8,3.52,223.61,7.74,18188.17
2021-11-26,Store_06,86023,Home_Garden,1,Thanksgiving_BlackFriday,0.0,47.3,3.34,223.95,7.7,18472.38
2021-12-03,Store_06,86023,Home_Garden,0,None,0.24,40.7,3.39,223.68,7.74,21974.83
2021-12-10,Store_06,86023,Home_Garden,0,None,0.0,40.1,3.32,223.82,7.95,14664.64
2021-12-17,Store_06,86023,Home_Garden,0,None,0.29,41.9,3.38,225.02,7.51,22895.28
2021-12-24,Store_06,86023,Home_Garden,1,Christmas_Holiday,0.24,39.4,3.2,225.49,7.75,25402.49
2021-12-31,Store_06,86023,Home_Garden,1,Christmas_Holiday,0.11,34.3,3.16,224.96,7.51,22097.8
2022-01-07,Store_06,86023,Home_Garden,0,None,0.0,34.7,3.13,225.69,7.6,15311.85
2022-01-14,Store_06,86023,Home_Garden,0,None,0.0,32.4,3.02,225.57,7.74,14502.19
2022-01-21,Store_06,86023,Home_Garden,0,None,0.0,32.9,3.07,225.25,7.63,17593.25
2022-01-28,Store_06,86023,Home_Garden,0,None,0.0,32.2,3.02,225.95,7.49,15486.94
2022-02-04,Store_06,86023,Home_Garden,0,None,0.0,35.1,3.03,226.73,7.52,16032.95
2022-02-11,Store_06,86023,Home_Garden,1,Super_Bowl,0.0,33.9,3.0,226.14,7.64,19408.72
2022-02-18,Store_06,86023,Home_Garden,0,None,0.17,33.4,3.05,227.13,7.48,23031.78
2022-02-25,Store_06,86023,Home_Garden,0,None,0.0,40.5,2.97,225.23,7.56,17200.42
2022-03-04,Store_06,86023,Home_Garden,0,None,0.0,43.3,2.86,227.14,7.53,17221.05
2022-03-11,Store_06,86023,Home_Garden,0,None,0.0,42.9,2.81,226.97,7.44,17819.06
2022-03-18,Store_06,86023,Home_Garden,0,None,0.0,44.3,2.85,226.97,7.7,17679.37
2022-03-25,Store_06,86023,Home_Garden,1,Easter,0.05,50.5,2.74,227.35,7.54,20448.87
2022-04-01,Store_06,86023,Home_Garden,1,Easter,0.06,48.1,2.87,226.51,7.26,24817.05
2022-04-08,Store_06,86023,Home_Garden,1,Easter,0.0,53.0,2.81,227.58,7.46,21648.87
2022-04-15,Store_06,86023,Home_Garden,1,Easter,0.0,57.7,2.7,228.06,7.36,28914.82
2022-04-22,Store_06,86023,Home_Garden,0,None,0.0,55.0,2.62,228.82,7.5,27514.16
2022-04-29,Store_06,86023,Home_Garden,0,None,0.0,61.7,2.75,228.01,7.31,25746.71
2022-05-06,Store_06,86023,Home_Garden,0,None,0.0,65.7,2.66,228.06,7.37,28845.11
2022-05-13,Store_06,86023,Home_Garden,0,None,0.0,70.3,2.71,228.4,7.41,27793.34
2022-05-20,Store_06,86023,Home_Garden,0,None,0.12,71.8,2.56,229.3,7.43,33098.48
2022-05-27,Store_06,86023,Home_Garden,0,None,0.07,72.8,2.6,229.2,7.21,30608.89
2022-06-03,Store_06,86023,Home_Garden,0,None,0.0,70.9,2.62,228.97,7.28,27948.03
2022-06-10,Store_06,86023,Home_Garden,0,None,0.0,83.5,2.61,229.68,7.25,27303.02
2022-06-17,Store_06,86023,Home_Garden,0,None,0.0,75.4,2.58,229.66,7.22,28339.13
2022-06-24,Store_06,86023,Home_Garden,0,None,0.0,80.3,2.63,230.29,7.44,26113.29
2022-07-01,Store_06,86023,Home_Garden,0,None,0.0,85.0,2.55,229.65,7.29,27507.72
2022-07-08,Store_06,86023,Home_Garden,0,None,0.0,78.3,2.59,230.03,7.11,26336.4
2022-07-15,Store_06,86023,Home_Garden,0,None,0.0,88.5,2.61,230.19,7.31,27061.3
2022-07-22,Store_06,86023,Home_Garden,0,None,0.22,86.7,2.64,229.85,7.41,25018.7
2022-07-29,Store_06,86023,Home_Garden,0,None,0.15,85.9,2.65,230.92,7.29,25794.63
2022-08-05,Store_06,86023,Home_Garden,0,None,0.0,84.1,2.57,231.09,7.02,21258.06
2022-08-12,Store_06,86023,Home_Garden,0,None,0.0,78.3,2.56,231.16,7.11,20085.23
2022-08-19,Store_06,86023,Home_Garden,0,None,0.1,82.7,2.72,231.23,7.26,23436.02
2022-08-26,Store_06,86023,Home_Garden,0,None,0.0,79.1,2.69,230.83,7.05,18974.23
2022-09-02,Store_06,86023,Home_Garden,1,Labor_Day,0.0,80.7,2.65,231.52,7.15,21698.59
2022-09-09,Store_06,86023,Home_Garden,1,Labor_Day,0.06,74.8,2.78,231.75,7.17,23255.98
2022-09-16,Store_06,86023,Home_Garden,0,None,0.0,73.3,2.73,231.71,6.98,19845.47
2022-09-23,Store_06,86023,Home_Garden,0,None,0.26,73.5,2.81,232.23,7.05,25769.18
2022-09-30,Store_06,86023,Home_Garden,0,None,0.0,72.3,2.78,232.7,6.72,16383.15
2022-10-07,Store_06,86023,Home_Garden,0,None,0.0,70.4,2.91,233.64,6.92,15693.08
2022-10-14,Store_06,86023,Home_Garden,0,None,0.0,67.1,2.92,232.97,6.98,17690.05
2022-10-21,Store_06,86023,Home_Garden,0,None,0.0,54.4,2.85,233.21,6.87,17010.49
2022-10-28,Store_06,86023,Home_Garden,0,None,0.0,54.6,2.94,233.23,7.14,16079.81
2022-11-04,Store_06,86023,Home_Garden,0,None,0.0,52.2,2.95,232.5,6.82,15493.07
2022-11-11,Store_06,86023,Home_Garden,0,None,0.0,54.5,3.02,233.64,6.9,14587.43
2022-11-18,Store_06,86023,Home_Garden,0,None,0.0,45.6,2.94,233.88,6.94,15986.89
2022-11-25,Store_06,86023,Home_Garden,1,Thanksgiving_BlackFriday,0.09,47.0,3.06,235.27,7.06,22689.53
2022-12-02,Store_06,86023,Home_Garden,0,None,0.23,42.1,3.11,234.13,6.75,20226.32
2022-12-09,Store_06,86023,Home_Garden,0,None,0.0,41.8,3.0,234.57,7.0,15355.74
2022-12-16,Store_06,86023,Home_Garden,0,None,0.0,35.5,3.07,234.6,6.87,14803.62
2022-12-23,Store_06,86023,Home_Garden,1,Christmas_Holiday,0.23,37.5,3.06,234.22,6.75,25033.5
2022-12-30,Store_06,86023,Home_Garden,1,Christmas_Holiday,0.0,32.9,3.19,235.57,6.88,22262.18
2023-01-06,Store_06,86023,Home_Garden,0,None,0.0,36.7,3.27,235.57,6.84,16882.78
2023-01-13,Store_06,86023,Home_Garden,0,None,0.0,37.9,3.35,235.78,6.74,16859.08
2023-01-20,Store_06,86023,Home_Garden,0,None,0.0,38.2,3.31,235.12,6.79,17956.47
2023-01-27,Store_06,86023,Home_Garden,0,None,0.0,34.5,3.43,236.47,6.73,16394.51
2023-02-03,Store_06,86023,Home_Garden,0,None,0.0,31.9,3.31,235.26,6.76,16395.39
2023-02-10,Store_06,86023,Home_Garden,1,Super_Bowl,0.0,37.5,3.33,236.45,6.8,18904.03
2023-02-17,Store_06,86023,Home_Garden,0,None,0.0,39.9,3.44,237.44,6.88,18572.6
2023-02-24,Store_06,86023,Home_Garden,0,None,0.0,39.6,3.5,236.04,6.58,18159.8
2023-03-03,Store_06,86023,Home_Garden,0,None,0.0,39.1,3.51,236.45,6.9,19034.9
2023-03-10,Store_06,86023,Home_Garden,0,None,0.0,44.4,3.44,236.97,6.48,19298.0
2023-03-17,Store_06,86023,Home_Garden,0,None,0.0,47.2,3.57,236.86,6.64,21006.95
2023-03-24,Store_06,86023,Home_Garden,0,None,0.0,48.8,3.53,236.53,6.7,20133.4
2023-03-31,Store_06,86023,Home_Garden,1,Easter,0.0,49.3,3.66,237.53,6.65,23754.33
2023-04-07,Store_06,86023,Home_Garden,1,Easter,0.0,53.0,3.67,237.16,6.55,22973.09
2023-04-14,Store_06,86023,Home_Garden,1,Easter,0.0,63.0,3.63,238.12,6.57,29281.01
2023-04-21,Store_06,86023,Home_Garden,0,None,0.0,59.8,3.67,237.62,6.53,28320.57
2023-04-28,Store_06,86023,Home_Garden,0,None,0.06,64.3,3.66,239.04,6.5,30900.98
2023-05-05,Store_06,86023,Home_Garden,0,None,0.0,67.4,3.73,238.07,6.63,28219.98
2023-05-12,Store_06,86023,Home_Garden,0,None,0.0,66.4,3.79,238.49,6.56,25913.41
2023-05-19,Store_06,86023,Home_Garden,0,None,0.0,66.9,3.71,239.25,6.44,29810.91
2023-05-26,Store_06,86023,Home_Garden,0,None,0.0,75.7,3.8,238.42,6.59,29561.95
2023-06-02,Store_06,86023,Home_Garden,0,None,0.0,80.6,3.76,239.34,6.51,26486.11
2023-06-09,Store_06,86023,Home_Garden,0,None,0.22,83.0,3.75,240.08,6.55,37988.11
2023-06-16,Store_06,86023,Home_Garden,0,None,0.0,74.5,3.79,238.81,6.51,25823.46
2023-06-23,Store_06,86023,Home_Garden,0,None,0.0,79.3,3.75,239.9,6.35,27257.22
2023-06-30,Store_06,86023,Home_Garden,0,None,0.0,82.5,3.77,240.13,6.36,26956.24
2023-07-07,Store_06,86023,Home_Garden,0,None,0.0,84.9,3.74,240.58,6.48,29861.29
2023-07-14,Store_06,86023,Home_Garden,0,None,0.29,92.1,3.89,239.77,6.45,41334.73
2023-07-21,Store_06,86023,Home_Garden,0,None,0.06,82.7,3.79,239.92,6.37,24422.55
2023-07-28,Store_06,86023,Home_Garden,0,None,0.13,80.5,3.75,241.03,6.36,24023.27
2023-08-04,Store_06,86023,Home_Garden,0,None,0.0,83.4,3.78,241.11,6.46,19125.3
2023-08-11,Store_06,86023,Home_Garden,0,None,0.16,83.8,3.76,241.28,6.26,25742.37
2023-08-18,Store_06,86023,Home_Garden,0,None,0.0,83.4,3.74,241.52,6.36,20323.61
2023-08-25,Store_06,86023,Home_Garden,0,None,0.0,84.7,3.76,241.2,6.27,19978.9
2023-09-01,Store_06,86023,Home_Garden,1,Labor_Day,0.0,75.9,3.75,241.85,6.25,22874.88
2023-09-08,Store_06,86023,Home_Garden,1,Labor_Day,0.0,75.8,3.67,242.07,6.37,19355.19
2023-09-15,Store_06,86023,Home_Garden,0,None,0.0,69.8,3.64,241.76,6.32,19513.21
2023-09-22,Store_06,86023,Home_Garden,0,None,0.0,69.5,3.64,243.24,6.31,17978.29
2023-09-29,Store_06,86023,Home_Garden,0,None,0.0,70.1,3.51,242.74,6.34,16941.87
2023-10-06,Store_06,86023,Home_Garden,0,None,0.0,62.8,3.52,242.1,6.19,17348.84
2023-10-13,Store_06,86023,Home_Garden,0,None,0.0,62.6,3.64,243.21,6.24,16613.13
2023-10-20,Store_06,86023,Home_Garden,0,None,0.0,63.6,3.62,242.59,6.13,17834.4
2023-10-27,Store_06,86023,Home_Garden,0,None,0.0,59.5,3.5,243.66,6.18,15933.12
2023-11-03,Store_06,86023,Home_Garden,0,None,0.0,53.3,3.51,244.04,6.12,17665.72
2023-11-10,Store_06,86023,Home_Garden,0,None,0.13,49.5,3.46,243.24,6.12,20407.46
2023-11-17,Store_06,86023,Home_Garden,0,None,0.0,51.7,3.57,244.33,6.16,16581.09
2023-11-24,Store_06,86023,Home_Garden,1,Thanksgiving_BlackFriday,0.3,47.6,3.43,244.24,6.0,29663.47
2023-12-01,Store_06,86023,Home_Garden,0,None,0.0,44.4,3.34,244.64,6.27,16363.18
2023-12-08,Store_06,86023,Home_Garden,0,None,0.07,41.9,3.26,245.37,5.95,17323.35
2023-12-15,Store_06,86023,Home_Garden,0,None,0.0,35.1,3.19,244.49,5.91,16566.24
2023-12-22,Store_06,86023,Home_Garden,1,Christmas_Holiday,0.1,36.8,3.25,244.43,6.13,22276.12
2023-12-29,Store_06,86023,Home_Garden,1,Christmas_Holiday,0.0,35.6,3.16,244.56,6.08,20762.14
2021-01-01,Store_06,86023,Pharmacy,0,None,0.0,32.4,3.23,214.14,8.42,12444.13
2021-01-08,Store_06,86023,Pharmacy,0,None,0.0,31.2,3.27,214.91,8.48,12599.6
2021-01-15,Store_06,86023,Pharmacy,0,None,0.0,37.5,3.27,214.88,8.5,12842.98
2021-01-22,Store_06,86023,Pharmacy,0,None,0.0,34.6,3.26,215.73,8.48,12468.78
2021-01-29,Store_06,86023,Pharmacy,0,None,0.0,34.4,3.35,215.32,8.52,12902.37
2021-02-05,Store_06,86023,Pharmacy,1,Super_Bowl,0.0,40.9,3.34,215.26,8.42,13026.5
2021-02-12,Store_06,86023,Pharmacy,1,Super_Bowl,0.19,34.9,3.46,216.89,8.55,14972.6
2021-02-19,Store_06,86023,Pharmacy,0,None,0.0,41.5,3.44,216.23,8.36,12855.62
2021-02-26,Store_06,86023,Pharmacy,0,None,0.0,43.7,3.44,216.57,8.64,13741.3
2021-03-05,Store_06,86023,Pharmacy,0,None,0.17,42.0,3.49,216.02,8.42,16160.17
2021-03-12,Store_06,86023,Pharmacy,0,None,0.0,45.7,3.56,216.65,8.25,13729.65
2021-03-19,Store_06,86023,Pharmacy,0,None,0.0,44.0,3.54,217.17,8.22,13869.85
2021-03-26,Store_06,86023,Pharmacy,1,Easter,0.23,51.8,3.56,216.73,8.36,17288.36
2021-04-02,Store_06,86023,Pharmacy,1,Easter,0.13,49.6,3.64,217.69,8.27,15850.68
2021-04-09,Store_06,86023,Pharmacy,1,Easter,0.07,57.4,3.66,217.39,8.35,17239.7
2021-04-16,Store_06,86023,Pharmacy,0,None,0.19,53.2,3.65,217.74,8.31,17305.55
2021-04-23,Store_06,86023,Pharmacy,0,None,0.07,59.0,3.67,217.78,8.24,16043.22
2021-04-30,Store_06,86023,Pharmacy,0,None,0.0,69.0,3.73,219.2,8.14,16345.87
2021-05-07,Store_06,86023,Pharmacy,0,None,0.0,63.7,3.66,218.45,8.06,14799.39
2021-05-14,Store_06,86023,Pharmacy,0,None,0.28,66.6,3.68,218.12,8.15,20453.26
2021-05-21,Store_06,86023,Pharmacy,0,None,0.0,72.4,3.73,219.26,8.27,15512.8
2021-05-28,Store_06,86023,Pharmacy,0,None,0.0,74.3,3.76,218.43,8.18,15977.32
2021-06-04,Store_06,86023,Pharmacy,0,None,0.0,73.2,3.8,219.34,8.02,16651.39
2021-06-11,Store_06,86023,Pharmacy,0,None,0.0,81.9,3.86,218.44,8.15,15952.37
2021-06-18,Store_06,86023,Pharmacy,0,None,0.23,77.7,3.84,218.95,8.15,18961.88
2021-06-25,Store_06,86023,Pharmacy,0,None,0.0,79.5,3.79,219.91,8.01,15770.74
2021-07-02,Store_06,86023,Pharmacy,0,None,0.0,83.6,3.8,220.37,8.1,15975.47
2021-07-09,Store_06,86023,Pharmacy,0,None,0.0,84.7,3.75,220.28,8.07,14622.41
2021-07-16,Store_06,86023,Pharmacy,0,None,0.0,82.4,3.79,220.33,7.94,16145.07
2021-07-23,Store_06,86023,Pharmacy,0,None,0.29,88.0,3.78,220.43,8.07,19442.45
2021-07-30,Store_06,86023,Pharmacy,0,None,0.0,82.9,3.8,220.03,8.08,15228.58
2021-08-06,Store_06,86023,Pharmacy,0,None,0.0,83.0,3.73,220.6,8.11,16423.12
2021-08-13,Store_06,86023,Pharmacy,0,None,0.0,80.5,3.79,220.92,8.09,14991.42
2021-08-20,Store_06,86023,Pharmacy,0,None,0.0,87.4,3.82,221.87,7.83,15425.76
2021-08-27,Store_06,86023,Pharmacy,0,None,0.0,79.5,3.73,221.71,7.86,14332.9
2021-09-03,Store_06,86023,Pharmacy,1,Labor_Day,0.0,76.9,3.73,220.85,7.99,14582.91
2021-09-10,Store_06,86023,Pharmacy,1,Labor_Day,0.13,78.8,3.73,222.09,7.97,15414.51
2021-09-17,Store_06,86023,Pharmacy,0,None,0.22,75.3,3.65,221.92,7.96,16138.88
2021-09-24,Store_06,86023,Pharmacy,0,None,0.0,76.2,3.66,221.97,8.28,12522.56
2021-10-01,Store_06,86023,Pharmacy,0,None,0.0,65.2,3.62,222.81,7.93,12975.76
2021-10-08,Store_06,86023,Pharmacy,0,None,0.0,67.9,3.6,223.21,7.97,14286.34
2021-10-15,Store_06,86023,Pharmacy,0,None,0.0,65.6,3.53,223.35,7.94,13204.54
2021-10-22,Store_06,86023,Pharmacy,0,None,0.0,62.0,3.54,222.66,7.89,12922.67
2021-10-29,Store_06,86023,Pharmacy,0,None,0.0,58.8,3.54,223.11,7.78,12791.62
2021-11-05,Store_06,86023,Pharmacy,0,None,0.0,53.1,3.55,223.63,7.87,11870.94
2021-11-12,Store_06,86023,Pharmacy,0,None,0.0,52.2,3.49,224.14,7.7,11845.05
2021-11-19,Store_06,86023,Pharmacy,0,None,0.0,47.5,3.52,223.61,7.74,11571.25
2021-11-26,Store_06,86023,Pharmacy,1,Thanksgiving_BlackFriday,0.0,42.1,3.34,223.95,7.7,14684.03
2021-12-03,Store_06,86023,Pharmacy,0,None,0.0,47.6,3.39,223.68,7.74,12158.2
2021-12-10,Store_06,86023,Pharmacy,0,None,0.0,44.8,3.32,223.82,7.95,11748.35
2021-12-17,Store_06,86023,Pharmacy,0,None,0.0,39.9,3.38,225.02,7.51,12024.8
2021-12-24,Store_06,86023,Pharmacy,1,Christmas_Holiday,0.0,39.5,3.2,225.49,7.75,13167.62
2021-12-31,Store_06,86023,Pharmacy,1,Christmas_Holiday,0.0,36.7,3.16,224.96,7.51,13942.68
2022-01-07,Store_06,86023,Pharmacy,0,None,0.2,31.2,3.13,225.69,7.6,13691.32
2022-01-14,Store_06,86023,Pharmacy,0,None,0.0,31.4,3.02,225.57,7.74,12930.83
2022-01-21,Store_06,86023,Pharmacy,0,None,0.0,35.1,3.07,225.25,7.63,13573.1
2022-01-28,Store_06,86023,Pharmacy,0,None,0.0,30.5,3.02,225.95,7.49,13105.94
2022-02-04,Store_06,86023,Pharmacy,0,None,0.0,36.1,3.03,226.73,7.52,12918.1
2022-02-11,Store_06,86023,Pharmacy,1,Super_Bowl,0.0,37.0,3.0,226.14,7.64,13597.47
2022-02-18,Store_06,86023,Pharmacy,0,None,0.0,40.0,3.05,227.13,7.48,12892.47
2022-02-25,Store_06,86023,Pharmacy,0,None,0.0,43.4,2.97,225.23,7.56,14511.36
2022-03-04,Store_06,86023,Pharmacy,0,None,0.14,43.9,2.86,227.14,7.53,15221.62
2022-03-11,Store_06,86023,Pharmacy,0,None,0.0,50.0,2.81,226.97,7.44,13928.29
2022-03-18,Store_06,86023,Pharmacy,0,None,0.0,45.1,2.85,226.97,7.7,15343.67
2022-03-25,Store_06,86023,Pharmacy,1,Easter,0.13,45.5,2.74,227.35,7.54,16411.81
2022-04-01,Store_06,86023,Pharmacy,1,Easter,0.09,50.4,2.87,226.51,7.26,18478.17
2022-04-08,Store_06,86023,Pharmacy,1,Easter,0.27,56.1,2.81,227.58,7.46,19186.8
2022-04-15,Store_06,86023,Pharmacy,1,Easter,0.0,55.1,2.7,228.06,7.36,16513.28
2022-04-22,Store_06,86023,Pharmacy,0,None,0.25,50.0,2.62,228.82,7.5,18310.94
2022-04-29,Store_06,86023,Pharmacy,0,None,0.0,64.0,2.75,228.01,7.31,16426.18
2022-05-06,Store_06,86023,Pharmacy,0,None,0.14,69.9,2.66,228.06,7.37,18203.25
2022-05-13,Store_06,86023,Pharmacy,0,None,0.0,64.0,2.71,228.4,7.41,15294.73
2022-05-20,Store_06,86023,Pharmacy,0,None,0.0,66.2,2.56,229.3,7.43,17751.45
2022-05-27,Store_06,86023,Pharmacy,0,None,0.0,79.9,2.6,229.2,7.21,17615.25
2022-06-03,Store_06,86023,Pharmacy,0,None,0.0,82.2,2.62,228.97,7.28,16937.1
2022-06-10,Store_06,86023,Pharmacy,0,None,0.0,83.6,2.61,229.68,7.25,16402.4
2022-06-17,Store_06,86023,Pharmacy,0,None,0.0,77.8,2.58,229.66,7.22,17453.74
2022-06-24,Store_06,86023,Pharmacy,0,None,0.18,81.8,2.63,230.29,7.44,19174.03
2022-07-01,Store_06,86023,Pharmacy,0,None,0.0,90.0,2.55,229.65,7.29,15955.54
2022-07-08,Store_06,86023,Pharmacy,0,None,0.0,88.7,2.59,230.03,7.11,17676.58
2022-07-15,Store_06,86023,Pharmacy,0,None,0.0,81.0,2.61,230.19,7.31,17601.13
2022-07-22,Store_06,86023,Pharmacy,0,None,0.15,91.7,2.64,229.85,7.41,16717.82
2022-07-29,Store_06,86023,Pharmacy,0,None,0.0,91.6,2.65,230.92,7.29,16976.96
2022-08-05,Store_06,86023,Pharmacy,0,None,0.0,81.8,2.57,231.09,7.02,15399.32
2022-08-12,Store_06,86023,Pharmacy,0,None,0.13,79.8,2.56,231.16,7.11,17548.13
2022-08-19,Store_06,86023,Pharmacy,0,None,0.0,82.0,2.72,231.23,7.26,15256.7
2022-08-26,Store_06,86023,Pharmacy,0,None,0.18,81.4,2.69,230.83,7.05,16958.14
2022-09-02,Store_06,86023,Pharmacy,1,Labor_Day,0.16,79.1,2.65,231.52,7.15,18246.7
2022-09-09,Store_06,86023,Pharmacy,1,Labor_Day,0.0,73.7,2.78,231.75,7.17,15883.73
2022-09-16,Store_06,86023,Pharmacy,0,None,0.0,71.4,2.73,231.71,6.98,14334.04
2022-09-23,Store_06,86023,Pharmacy,0,None,0.0,73.3,2.81,232.23,7.05,14776.63
2022-09-30,Store_06,86023,Pharmacy,0,None,0.0,65.4,2.78,232.7,6.72,14444.39
2022-10-07,Store_06,86023,Pharmacy,0,None,0.27,65.4,2.91,233.64,6.92,16345.55
2022-10-14,Store_06,86023,Pharmacy,0,None,0.0,66.6,2.92,232.97,6.98,13469.64
2022-10-21,Store_06,86023,Pharmacy,0,None,0.0,57.2,2.85,233.21,6.87,12706.34
2022-10-28,Store_06,86023,Pharmacy,0,None,0.0,57.9,2.94,233.23,7.14,13389.0
2022-11-04,Store_06,86023,Pharmacy,0,None,0.0,56.4,2.95,232.5,6.82,12185.77
2022-11-11,Store_06,86023,Pharmacy,0,None,0.0,51.2,3.02,233.64,6.9,12871.72
2022-11-18,Store_06,86023,Pharmacy,0,None,0.23,46.4,2.94,233.88,6.94,14480.99
2022-11-25,Store_06,86023,Pharmacy,1,Thanksgiving_BlackFriday,0.13,51.5,3.06,235.27,7.06,14263.21
2022-12-02,Store_06,86023,Pharmacy,0,None,0.0,44.5,3.11,234.13,6.75,12080.73
2022-12-09,Store_06,86023,Pharmacy,0,None,0.0,43.0,3.0,234.57,7.0,12996.25
2022-12-16,Store_06,86023,Pharmacy,0,None,0.09,41.8,3.07,234.6,6.87,12914.97
2022-12-23,Store_06,86023,Pharmacy,1,Christmas_Holiday,0.0,34.0,3.06,234.22,6.75,14041.2
2022-12-30,Store_06,86023,Pharmacy,1,Christmas_Holiday,0.21,32.9,3.19,235.57,6.88,17168.08
2023-01-06,Store_06,86023,Pharmacy,0,None,0.0,31.4,3.27,235.57,6.84,13512.03
2023-01-13,Store_06,86023,Pharmacy,0,None,0.0,35.4,3.35,235.78,6.74,12426.02
2023-01-20,Store_06,86023,Pharmacy,0,None,0.0,40.0,3.31,235.12,6.79,13329.12
2023-01-27,Store_06,86023,Pharmacy,0,None,0.0,42.6,3.43,236.47,6.73,12893.29
2023-02-03,Store_06,86023,Pharmacy,0,None,0.0,34.0,3.31,235.26,6.76,13254.53
2023-02-10,Store_06,86023,Pharmacy,1,Super_Bowl,0.0,42.7,3.33,236.45,6.8,14547.62
2023-02-17,Store_06,86023,Pharmacy,0,None,0.0,37.0,3.44,237.44,6.88,14527.21
2023-02-24,Store_06,86023,Pharmacy,0,None,0.0,40.1,3.5,236.04,6.58,15060.9
2023-03-03,Store_06,86023,Pharmacy,0,None,0.0,44.3,3.51,236.45,6.9,16072.21
2023-03-10,Store_06,86023,Pharmacy,0,None,0.0,45.9,3.44,236.97,6.48,15318.62
2023-03-17,Store_06,86023,Pharmacy,0,None,0.0,46.9,3.57,236.86,6.64,15331.52
2023-03-24,Store_06,86023,Pharmacy,0,None,0.0,52.6,3.53,236.53,6.7,15610.79
2023-03-31,Store_06,86023,Pharmacy,1,Easter,0.18,55.0,3.66,237.53,6.65,19177.59
2023-04-07,Store_06,86023,Pharmacy,1,Easter,0.12,51.6,3.67,237.16,6.55,18788.79
2023-04-14,Store_06,86023,Pharmacy,1,Easter,0.0,60.8,3.63,238.12,6.57,17490.15
2023-04-21,Store_06,86023,Pharmacy,0,None,0.0,64.3,3.67,237.62,6.53,17056.54
2023-04-28,Store_06,86023,Pharmacy,0,None,0.19,55.8,3.66,239.04,6.5,20071.6
2023-05-05,Store_06,86023,Pharmacy,0,None,0.0,65.5,3.73,238.07,6.63,17315.54
2023-05-12,Store_06,86023,Pharmacy,0,None,0.0,68.9,3.79,238.49,6.56,17792.7
2023-05-19,Store_06,86023,Pharmacy,0,None,0.23,73.5,3.71,239.25,6.44,19553.71
2023-05-26,Store_06,86023,Pharmacy,0,None,0.08,74.9,3.8,238.42,6.59,17819.12
2023-06-02,Store_06,86023,Pharmacy,0,None,0.0,77.9,3.76,239.34,6.51,17844.6
2023-06-09,Store_06,86023,Pharmacy,0,None,0.0,72.5,3.75,240.08,6.55,17472.41
2023-06-16,Store_06,86023,Pharmacy,0,None,0.0,86.5,3.79,238.81,6.51,18052.63
2023-06-23,Store_06,86023,Pharmacy,0,None,0.0,81.3,3.75,239.9,6.35,17896.46
2023-06-30,Store_06,86023,Pharmacy,0,None,0.0,80.8,3.77,240.13,6.36,16900.38
2023-07-07,Store_06,86023,Pharmacy,0,None,0.0,87.0,3.74,240.58,6.48,17012.96
2023-07-14,Store_06,86023,Pharmacy,0,None,0.0,83.3,3.89,239.77,6.45,17832.89
2023-07-21,Store_06,86023,Pharmacy,0,None,0.0,84.5,3.79,239.92,6.37,16929.03
2023-07-28,Store_06,86023,Pharmacy,0,None,0.0,83.6,3.75,241.03,6.36,16509.24
2023-08-04,Store_06,86023,Pharmacy,0,None,0.0,83.7,3.78,241.11,6.46,16815.97
2023-08-11,Store_06,86023,Pharmacy,0,None,0.0,83.9,3.76,241.28,6.26,16069.98
2023-08-18,Store_06,86023,Pharmacy,0,None,0.0,85.1,3.74,241.52,6.36,15768.38
2023-08-25,Store_06,86023,Pharmacy,0,None,0.0,82.8,3.76,241.2,6.27,16381.05
2023-09-01,Store_06,86023,Pharmacy,1,Labor_Day,0.0,74.9,3.75,241.85,6.25,16386.96
2023-09-08,Store_06,86023,Pharmacy,1,Labor_Day,0.19,74.6,3.67,242.07,6.37,17493.51
2023-09-15,Store_06,86023,Pharmacy,0,None,0.0,73.0,3.64,241.76,6.32,14417.88
2023-09-22,Store_06,86023,Pharmacy,0,None,0.0,69.5,3.64,243.24,6.31,15579.92
2023-09-29,Store_06,86023,Pharmacy,0,None,0.11,71.7,3.51,242.74,6.34,14317.01
2023-10-06,Store_06,86023,Pharmacy,0,None,0.0,63.7,3.52,242.1,6.19,14347.68
2023-10-13,Store_06,86023,Pharmacy,0,None,0.0,66.8,3.64,243.21,6.24,14262.4
2023-10-20,Store_06,86023,Pharmacy,0,None,0.0,61.4,3.62,242.59,6.13,13970.1
2023-10-27,Store_06,86023,Pharmacy,0,None,0.0,59.4,3.5,243.66,6.18,13988.32
2023-11-03,Store_06,86023,Pharmacy,0,None,0.0,51.5,3.51,244.04,6.12,13569.71
2023-11-10,Store_06,86023,Pharmacy,0,None,0.0,52.9,3.46,243.24,6.12,12363.84
2023-11-17,Store_06,86023,Pharmacy,0,None,0.24,48.0,3.57,244.33,6.16,15504.33
2023-11-24,Store_06,86023,Pharmacy,1,Thanksgiving_BlackFriday,0.0,48.2,3.43,244.24,6.0,13801.24
2023-12-01,Store_06,86023,Pharmacy,0,None,0.0,44.1,3.34,244.64,6.27,13220.44
2023-12-08,Store_06,86023,Pharmacy,0,None,0.0,43.9,3.26,245.37,5.95,12931.85
2023-12-15,Store_06,86023,Pharmacy,0,None,0.0,36.6,3.19,244.49,5.91,12850.79
2023-12-22,Store_06,86023,Pharmacy,1,Christmas_Holiday,0.16,39.1,3.25,244.43,6.13,17462.89
2023-12-29,Store_06,86023,Pharmacy,1,Christmas_Holiday,0.06,34.9,3.16,244.56,6.08,16532.82
2021-01-01,Store_07,134820,Apparel,0,None,0.0,32.3,3.23,214.14,8.42,21831.72
2021-01-08,Store_07,134820,Apparel,0,None,0.0,32.1,3.27,214.91,8.48,19964.76
2021-01-15,Store_07,134820,Apparel,0,None,0.1,34.2,3.27,214.88,8.5,25692.88
2021-01-22,Store_07,134820,Apparel,0,None,0.23,34.2,3.26,215.73,8.48,30773.4
2021-01-29,Store_07,134820,Apparel,0,None,0.0,34.6,3.35,215.32,8.52,20361.28
2021-02-05,Store_07,134820,Apparel,1,Super_Bowl,0.0,37.1,3.34,215.26,8.42,30888.53
2021-02-12,Store_07,134820,Apparel,1,Super_Bowl,0.07,39.6,3.46,216.89,8.55,34274.95
2021-02-19,Store_07,134820,Apparel,0,None,0.18,40.3,3.44,216.23,8.36,31860.3
2021-02-26,Store_07,134820,Apparel,0,None,0.0,43.9,3.44,216.57,8.64,22675.46
2021-03-05,Store_07,134820,Apparel,0,None,0.0,40.1,3.49,216.02,8.42,22937.28
2021-03-12,Store_07,134820,Apparel,0,None,0.0,49.1,3.56,216.65,8.25,24823.07
2021-03-19,Store_07,134820,Apparel,0,None,0.0,48.0,3.54,217.17,8.22,22788.19
2021-03-26,Store_07,134820,Apparel,1,Easter,0.0,46.6,3.56,216.73,8.36,36222.19
2021-04-02,Store_07,134820,Apparel,1,Easter,0.09,46.5,3.64,217.69,8.27,44073.92
2021-04-09,Store_07,134820,Apparel,1,Easter,0.0,53.1,3.66,217.39,8.35,33187.18
2021-04-16,Store_07,134820,Apparel,0,None,0.0,56.9,3.65,217.74,8.31,25641.5
2021-04-23,Store_07,134820,Apparel,0,None,0.0,64.1,3.67,217.78,8.24,24705.22
2021-04-30,Store_07,134820,Apparel,0,None,0.0,63.1,3.73,219.2,8.14,26781.71
2021-05-07,Store_07,134820,Apparel,0,None,0.0,63.4,3.66,218.45,8.06,27001.09
2021-05-14,Store_07,134820,Apparel,0,None,0.0,66.6,3.68,218.12,8.15,28329.81
2021-05-21,Store_07,134820,Apparel,0,None,0.0,74.2,3.73,219.26,8.27,29329.36
2021-05-28,Store_07,134820,Apparel,0,None,0.0,70.6,3.76,218.43,8.18,29547.37
2021-06-04,Store_07,134820,Apparel,0,None,0.0,72.1,3.8,219.34,8.02,27460.09
2021-06-11,Store_07,134820,Apparel,0,None,0.0,77.8,3.86,218.44,8.15,26590.19
2021-06-18,Store_07,134820,Apparel,0,None,0.0,81.5,3.84,218.95,8.15,28134.4
2021-06-25,Store_07,134820,Apparel,0,None,0.0,85.2,3.79,219.91,8.01,29626.17
2021-07-02,Store_07,134820,Apparel,0,None,0.0,83.4,3.8,220.37,8.1,25489.39
2021-07-09,Store_07,134820,Apparel,0,None,0.0,87.0,3.75,220.28,8.07,26983.38
2021-07-16,Store_07,134820,Apparel,0,None,0.0,82.9,3.79,220.33,7.94,29280.02
2021-07-23,Store_07,134820,Apparel,0,None,0.22,88.3,3.78,220.43,8.07,38794.11
2021-07-30,Store_07,134820,Apparel,0,None,0.0,83.7,3.8,220.03,8.08,26122.07
2021-08-06,Store_07,134820,Apparel,0,None,0.0,83.9,3.73,220.6,8.11,25654.93
2021-08-13,Store_07,134820,Apparel,0,None,0.11,82.8,3.79,220.92,8.09,39865.18
2021-08-20,Store_07,134820,Apparel,0,None,0.0,80.3,3.82,221.87,7.83,30697.79
2021-08-27,Store_07,134820,Apparel,0,None,0.0,82.0,3.73,221.71,7.86,32223.61
2021-09-03,Store_07,134820,Apparel,1,Labor_Day,0.0,82.7,3.73,220.85,7.99,43143.18
2021-09-10,Store_07,134820,Apparel,1,Labor_Day,0.06,76.5,3.73,222.09,7.97,47178.07
2021-09-17,Store_07,134820,Apparel,0,None,0.0,70.3,3.65,221.92,7.96,23424.12
2021-09-24,Store_07,134820,Apparel,0,None,0.0,67.5,3.66,221.97,8.28,22399.81
2021-10-01,Store_07,134820,Apparel,0,None,0.0,65.7,3.62,222.81,7.93,22889.44
2021-10-08,Store_07,134820,Apparel,0,None,0.0,67.1,3.6,223.21,7.97,21119.85
2021-10-15,Store_07,134820,Apparel,0,None,0.0,60.6,3.53,223.35,7.94,21810.53
2021-10-22,Store_07,134820,Apparel,0,None,0.0,64.1,3.54,222.66,7.89,20801.48
2021-10-29,Store_07,134820,Apparel,0,None,0.0,56.1,3.54,223.11,7.78,21867.29
2021-11-05,Store_07,134820,Apparel,0,None,0.0,54.8,3.55,223.63,7.87,19723.09
2021-11-12,Store_07,134820,Apparel,0,None,0.11,51.1,3.49,224.14,7.7,25787.31
2021-11-19,Store_07,134820,Apparel,0,None,0.0,46.7,3.52,223.61,7.74,19713.58
2021-11-26,Store_07,134820,Apparel,1,Thanksgiving_BlackFriday,0.0,50.2,3.34,223.95,7.7,38613.55
2021-12-03,Store_07,134820,Apparel,0,None,0.0,42.9,3.39,223.68,7.74,20328.1
2021-12-10,Store_07,134820,Apparel,0,None,0.0,39.5,3.32,223.82,7.95,21182.25
2021-12-17,Store_07,134820,Apparel,0,None,0.0,37.3,3.38,225.02,7.51,19420.93
2021-12-24,Store_07,134820,Apparel,1,Christmas_Holiday,0.11,39.1,3.2,225.49,7.75,46878.96
2021-12-31,Store_07,134820,Apparel,1,Christmas_Holiday,0.0,35.2,3.16,224.96,7.51,39433.87
2022-01-07,Store_07,134820,Apparel,0,None,0.0,34.8,3.13,225.69,7.6,22040.49
2022-01-14,Store_07,134820,Apparel,0,None,0.0,34.0,3.02,225.57,7.74,22246.07
2022-01-21,Store_07,134820,Apparel,0,None,0.0,38.2,3.07,225.25,7.63,22307.02
2022-01-28,Store_07,134820,Apparel,0,None,0.0,35.2,3.02,225.95,7.49,23266.09
2022-02-04,Store_07,134820,Apparel,0,None,0.0,34.2,3.03,226.73,7.52,22289.15
2022-02-11,Store_07,134820,Apparel,1,Super_Bowl,0.25,39.1,3.0,226.14,7.64,45265.41
2022-02-18,Store_07,134820,Apparel,0,None,0.0,39.6,3.05,227.13,7.48,24192.48
2022-02-25,Store_07,134820,Apparel,0,None,0.0,37.6,2.97,225.23,7.56,23600.66
2022-03-04,Store_07,134820,Apparel,0,None,0.0,44.6,2.86,227.14,7.53,23747.78
2022-03-11,Store_07,134820,Apparel,0,None,0.0,37.7,2.81,226.97,7.44,25160.73
2022-03-18,Store_07,134820,Apparel,0,None,0.0,54.0,2.85,226.97,7.7,25388.47
2022-03-25,Store_07,134820,Apparel,1,Easter,0.0,51.7,2.74,227.35,7.54,32644.97
2022-04-01,Store_07,134820,Apparel,1,Easter,0.0,54.5,2.87,226.51,7.26,34287.82
2022-04-08,Store_07,134820,Apparel,1,Easter,0.0,48.9,2.81,227.58,7.46,35177.32
2022-04-15,Store_07,134820,Apparel,1,Easter,0.13,59.6,2.7,228.06,7.36,47239.28
2022-04-22,Store_07,134820,Apparel,0,None,0.0,59.5,2.62,228.82,7.5,26569.54
2022-04-29,Store_07,134820,Apparel,0,None,0.0,60.9,2.75,228.01,7.31,27340.19
2022-05-06,Store_07,134820,Apparel,0,None,0.0,67.4,2.66,228.06,7.37,28484.29
2022-05-13,Store_07,134820,Apparel,0,None,0.0,70.7,2.71,228.4,7.41,29164.36
2022-05-20,Store_07,134820,Apparel,0,None,0.0,71.7,2.56,229.3,7.43,28909.42
2022-05-27,Store_07,134820,Apparel,0,None,0.0,71.8,2.6,229.2,7.21,27940.71
2022-06-03,Store_07,134820,Apparel,0,None,0.0,79.0,2.62,228.97,7.28,28698.98
2022-06-10,Store_07,134820,Apparel,0,None,0.0,77.3,2.61,229.68,7.25,27180.66
2022-06-17,Store_07,134820,Apparel,0,None,0.0,78.9,2.58,229.66,7.22,28005.15
2022-06-24,Store_07,134820,Apparel,0,None,0.0,85.0,2.63,230.29,7.44,29294.11
2022-07-01,Store_07,134820,Apparel,0,None,0.3,86.4,2.55,229.65,7.29,46257.07
2022-07-08,Store_07,134820,Apparel,0,None,0.0,91.7,2.59,230.03,7.11,27890.92
2022-07-15,Store_07,134820,Apparel,0,None,0.0,86.0,2.61,230.19,7.31,28315.25
2022-07-22,Store_07,134820,Apparel,0,None,0.0,83.5,2.64,229.85,7.41,26196.91
2022-07-29,Store_07,134820,Apparel,0,None,0.0,86.4,2.65,230.92,7.29,26608.76
2022-08-05,Store_07,134820,Apparel,0,None,0.0,88.0,2.57,231.09,7.02,28324.58
2022-08-12,Store_07,134820,Apparel,0,None,0.19,81.2,2.56,231.16,7.11,45068.27
2022-08-19,Store_07,134820,Apparel,0,None,0.27,77.0,2.72,231.23,7.26,46781.71
2022-08-26,Store_07,134820,Apparel,0,None,0.29,84.1,2.69,230.83,7.05,47753.86
2022-09-02,Store_07,134820,Apparel,1,Labor_Day,0.12,79.5,2.65,231.52,7.15,55169.28
2022-09-09,Store_07,134820,Apparel,1,Labor_Day,0.0,77.1,2.78,231.75,7.17,44452.48
2022-09-16,Store_07,134820,Apparel,0,None,0.0,73.7,2.73,231.71,6.98,23375.89
2022-09-23,Store_07,134820,Apparel,0,None,0.0,68.0,2.81,232.23,7.05,24341.05
2022-09-30,Store_07,134820,Apparel,0,None,0.0,67.3,2.78,232.7,6.72,23417.21
2022-10-07,Store_07,134820,Apparel,0,None,0.0,66.0,2.91,233.64,6.92,22949.43
2022-10-14,Store_07,134820,Apparel,0,None,0.0,60.2,2.92,232.97,6.98,20988.85
2022-10-21,Store_07,134820,Apparel,0,None,0.0,54.8,2.85,233.21,6.87,23373.81
2022-10-28,Store_07,134820,Apparel,0,None,0.0,57.7,2.94,233.23,7.14,22307.85
2022-11-04,Store_07,134820,Apparel,0,None,0.0,57.8,2.95,232.5,6.82,20979.51
2022-11-11,Store_07,134820,Apparel,0,None,0.0,47.0,3.02,233.64,6.9,21627.21
2022-11-18,Store_07,134820,Apparel,0,None,0.0,48.2,2.94,233.88,6.94,21954.35
2022-11-25,Store_07,134820,Apparel,1,Thanksgiving_BlackFriday,0.08,44.5,3.06,235.27,7.06,45597.78
2022-12-02,Store_07,134820,Apparel,0,None,0.0,42.6,3.11,234.13,6.75,20475.47
2022-12-09,Store_07,134820,Apparel,0,None,0.0,45.1,3.0,234.57,7.0,20608.3
2022-12-16,Store_07,134820,Apparel,0,None,0.0,44.5,3.07,234.6,6.87,21288.9
2022-12-23,Store_07,134820,Apparel,1,Christmas_Holiday,0.11,40.2,3.06,234.22,6.75,49957.03
2022-12-30,Store_07,134820,Apparel,1,Christmas_Holiday,0.0,41.1,3.19,235.57,6.88,39988.64
2023-01-06,Store_07,134820,Apparel,0,None,0.0,33.9,3.27,235.57,6.84,22008.47
2023-01-13,Store_07,134820,Apparel,0,None,0.0,37.3,3.35,235.78,6.74,22888.82
2023-01-20,Store_07,134820,Apparel,0,None,0.0,38.8,3.31,235.12,6.79,22884.97
2023-01-27,Store_07,134820,Apparel,0,None,0.0,37.5,3.43,236.47,6.73,22383.5
2023-02-03,Store_07,134820,Apparel,0,None,0.0,28.5,3.31,235.26,6.76,24963.24
2023-02-10,Store_07,134820,Apparel,1,Super_Bowl,0.26,41.2,3.33,236.45,6.8,49060.23
2023-02-17,Store_07,134820,Apparel,0,None,0.0,35.4,3.44,237.44,6.88,23268.0
2023-02-24,Store_07,134820,Apparel,0,None,0.0,41.4,3.5,236.04,6.58,25604.84
2023-03-03,Store_07,134820,Apparel,0,None,0.0,41.3,3.51,236.45,6.9,25323.19
2023-03-10,Store_07,134820,Apparel,0,None,0.0,44.1,3.44,236.97,6.48,27187.12
2023-03-17,Store_07,134820,Apparel,0,None,0.19,50.2,3.57,236.86,6.64,35078.62
2023-03-24,Store_07,134820,Apparel,0,None,0.0,42.1,3.53,236.53,6.7,26272.81
2023-03-31,Store_07,134820,Apparel,1,Easter,0.29,48.4,3.66,237.53,6.65,58444.89
2023-04-07,Store_07,134820,Apparel,1,Easter,0.0,52.4,3.67,237.16,6.55,35726.32
2023-04-14,Store_07,134820,Apparel,1,Easter,0.08,56.8,3.63,238.12,6.57,46702.47
2023-04-21,Store_07,134820,Apparel,0,None,0.0,59.2,3.67,237.62,6.53,26833.78
2023-04-28,Store_07,134820,Apparel,0,None,0.0,64.4,3.66,239.04,6.5,28537.88
2023-05-05,Store_07,134820,Apparel,0,None,0.0,69.4,3.73,238.07,6.63,27584.26
2023-05-12,Store_07,134820,Apparel,0,None,0.0,65.1,3.79,238.49,6.56,28338.53
2023-05-19,Store_07,134820,Apparel,0,None,0.0,73.8,3.71,239.25,6.44,31151.73
2023-05-26,Store_07,134820,Apparel,0,None,0.0,76.2,3.8,238.42,6.59,29040.9
2023-06-02,Store_07,134820,Apparel,0,None,0.0,76.4,3.76,239.34,6.51,28890.67
2023-06-09,Store_07,134820,Apparel,0,None,0.0,73.5,3.75,240.08,6.55,29539.68
2023-06-16,Store_07,134820,Apparel,0,None,0.0,78.3,3.79,238.81,6.51,30627.54
2023-06-23,Store_07,134820,Apparel,0,None,0.1,86.2,3.75,239.9,6.35,34615.13
2023-06-30,Store_07,134820,Apparel,0,None,0.0,81.7,3.77,240.13,6.36,27608.36
2023-07-07,Store_07,134820,Apparel,0,None,0.0,89.5,3.74,240.58,6.48,26955.12
2023-07-14,Store_07,134820,Apparel,0,None,0.0,84.7,3.89,239.77,6.45,29308.27
2023-07-21,Store_07,134820,Apparel,0,None,0.0,83.5,3.79,239.92,6.37,26715.18
2023-07-28,Store_07,134820,Apparel,0,None,0.0,84.7,3.75,241.03,6.36,26733.33
2023-08-04,Store_07,134820,Apparel,0,None,0.0,83.2,3.78,241.11,6.46,27294.63
2023-08-11,Store_07,134820,Apparel,0,None,0.0,84.0,3.76,241.28,6.26,33179.35
2023-08-18,Store_07,134820,Apparel,0,None,0.0,82.7,3.74,241.52,6.36,33590.95
2023-08-25,Store_07,134820,Apparel,0,None,0.0,79.6,3.76,241.2,6.27,31999.35
2023-09-01,Store_07,134820,Apparel,1,Labor_Day,0.19,87.0,3.75,241.85,6.25,65537.4
2023-09-08,Store_07,134820,Apparel,1,Labor_Day,0.22,75.2,3.67,242.07,6.37,67558.01
2023-09-15,Store_07,134820,Apparel,0,None,0.0,74.8,3.64,241.76,6.32,27053.79
2023-09-22,Store_07,134820,Apparel,0,None,0.0,73.8,3.64,243.24,6.31,23391.3
2023-09-29,Store_07,134820,Apparel,0,None,0.0,65.7,3.51,242.74,6.34,24943.42
2023-10-06,Store_07,134820,Apparel,0,None,0.0,66.4,3.52,242.1,6.19,24558.29
2023-10-13,Store_07,134820,Apparel,0,None,0.0,66.3,3.64,243.21,6.24,24294.91
2023-10-20,Store_07,134820,Apparel,0,None,0.0,61.7,3.62,242.59,6.13,22094.02
2023-10-27,Store_07,134820,Apparel,0,None,0.0,55.0,3.5,243.66,6.18,22530.5
2023-11-03,Store_07,134820,Apparel,0,None,0.0,56.4,3.51,244.04,6.12,22581.16
2023-11-10,Store_07,134820,Apparel,0,None,0.0,54.6,3.46,243.24,6.12,22269.58
2023-11-17,Store_07,134820,Apparel,0,None,0.0,51.8,3.57,244.33,6.16,21982.65
2023-11-24,Store_07,134820,Apparel,1,Thanksgiving_BlackFriday,0.0,38.1,3.43,244.24,6.0,40878.83
2023-12-01,Store_07,134820,Apparel,0,None,0.0,46.0,3.34,244.64,6.27,21096.55
2023-12-08,Store_07,134820,Apparel,0,None,0.0,46.1,3.26,245.37,5.95,22258.64
2023-12-15,Store_07,134820,Apparel,0,None,0.0,42.6,3.19,244.49,5.91,22685.6
2023-12-22,Store_07,134820,Apparel,1,Christmas_Holiday,0.08,37.9,3.25,244.43,6.13,45142.82
2023-12-29,Store_07,134820,Apparel,1,Christmas_Holiday,0.0,28.9,3.16,244.56,6.08,42915.12
2021-01-01,Store_07,134820,Electronics,0,None,0.0,36.8,3.23,214.14,8.42,24269.54
2021-01-08,Store_07,134820,Electronics,0,None,0.0,36.6,3.27,214.91,8.48,25068.15
2021-01-15,Store_07,134820,Electronics,0,None,0.0,30.7,3.27,214.88,8.5,24316.74
2021-01-22,Store_07,134820,Electronics,0,None,0.0,35.3,3.26,215.73,8.48,27652.48
2021-01-29,Store_07,134820,Electronics,0,None,0.0,30.9,3.35,215.32,8.52,27730.31
2021-02-05,Store_07,134820,Electronics,1,Super_Bowl,0.07,29.7,3.34,215.26,8.42,47811.03
2021-02-12,Store_07,134820,Electronics,1,Super_Bowl,0.0,34.6,3.46,216.89,8.55,43379.97
2021-02-19,Store_07,134820,Electronics,0,None,0.0,42.4,3.44,216.23,8.36,28483.84
2021-02-26,Store_07,134820,Electronics,0,None,0.0,38.4,3.44,216.57,8.64,26534.89
2021-03-05,Store_07,134820,Electronics,0,None,0.29,36.4,3.49,216.02,8.42,48143.79
2021-03-12,Store_07,134820,Electronics,0,None,0.0,40.8,3.56,216.65,8.25,28924.49
2021-03-19,Store_07,134820,Electronics,0,None,0.21,48.4,3.54,217.17,8.22,45053.06
2021-03-26,Store_07,134820,Electronics,1,Easter,0.28,44.4,3.56,216.73,8.36,75630.49
2021-04-02,Store_07,134820,Electronics,1,Easter,0.27,46.2,3.64,217.69,8.27,78005.57
2021-04-09,Store_07,134820,Electronics,1,Easter,0.0,56.4,3.66,217.39,8.35,47923.32
2021-04-16,Store_07,134820,Electronics,0,None,0.0,53.3,3.65,217.74,8.31,29878.9
2021-04-23,Store_07,134820,Electronics,0,None,0.25,56.2,3.67,217.78,8.24,52467.52
2021-04-30,Store_07,134820,Electronics,0,None,0.0,68.3,3.73,219.2,8.14,34178.82
2021-05-07,Store_07,134820,Electronics,0,None,0.0,69.4,3.66,218.45,8.06,33951.51
2021-05-14,Store_07,134820,Electronics,0,None,0.0,69.8,3.68,218.12,8.15,30881.73
2021-05-21,Store_07,134820,Electronics,0,None,0.0,68.3,3.73,219.26,8.27,34356.74
2021-05-28,Store_07,134820,Electronics,0,None,0.0,78.6,3.76,218.43,8.18,33774.61
2021-06-04,Store_07,134820,Electronics,0,None,0.0,78.9,3.8,219.34,8.02,32894.8
2021-06-11,Store_07,134820,Electronics,0,None,0.0,75.3,3.86,218.44,8.15,33798.34
2021-06-18,Store_07,134820,Electronics,0,None,0.0,78.6,3.84,218.95,8.15,32612.75
2021-06-25,Store_07,134820,Electronics,0,None,0.0,85.0,3.79,219.91,8.01,33816.96
2021-07-02,Store_07,134820,Electronics,0,None,0.1,85.6,3.8,220.37,8.1,39306.4
2021-07-09,Store_07,134820,Electronics,0,None,0.0,89.8,3.75,220.28,8.07,34005.21
2021-07-16,Store_07,134820,Electronics,0,None,0.27,89.2,3.79,220.33,7.94,55983.68
2021-07-23,Store_07,134820,Electronics,0,None,0.0,84.7,3.78,220.43,8.07,32099.57
2021-07-30,Store_07,134820,Electronics,0,None,0.0,85.4,3.8,220.03,8.08,30707.29
2021-08-06,Store_07,134820,Electronics,0,None,0.09,80.3,3.73,220.6,8.11,37896.64
2021-08-13,Store_07,134820,Electronics,0,None,0.0,80.3,3.79,220.92,8.09,33167.95
2021-08-20,Store_07,134820,Electronics,0,None,0.2,79.7,3.82,221.87,7.83,46548.98
2021-08-27,Store_07,134820,Electronics,0,None,0.0,80.5,3.73,221.71,7.86,32258.7
2021-09-03,Store_07,134820,Electronics,1,Labor_Day,0.19,78.0,3.73,220.85,7.99,66468.03
2021-09-10,Store_07,134820,Electronics,1,Labor_Day,0.23,74.8,3.73,222.09,7.97,74848.84
2021-09-17,Store_07,134820,Electronics,0,None,0.0,74.0,3.65,221.92,7.96,29092.15
2021-09-24,Store_07,134820,Electronics,0,None,0.0,70.5,3.66,221.97,8.28,28492.07
2021-10-01,Store_07,134820,Electronics,0,None,0.0,71.5,3.62,222.81,7.93,27091.97
2021-10-08,Store_07,134820,Electronics,0,None,0.07,67.4,3.6,223.21,7.97,31538.3
2021-10-15,Store_07,134820,Electronics,0,None,0.0,57.0,3.53,223.35,7.94,28645.12
2021-10-22,Store_07,134820,Electronics,0,None,0.0,58.5,3.54,222.66,7.89,28392.1
2021-10-29,Store_07,134820,Electronics,0,None,0.0,58.3,3.54,223.11,7.78,26887.19
2021-11-05,Store_07,134820,Electronics,0,None,0.0,53.2,3.55,223.63,7.87,26618.57
2021-11-12,Store_07,134820,Electronics,0,None,0.07,56.0,3.49,224.14,7.7,29693.83
2021-11-19,Store_07,134820,Electronics,0,None,0.0,47.9,3.52,223.61,7.74,25630.2
2021-11-26,Store_07,134820,Electronics,1,Thanksgiving_BlackFriday,0.0,42.3,3.34,223.95,7.7,56396.31
2021-12-03,Store_07,134820,Electronics,0,None,0.0,45.4,3.39,223.68,7.74,25867.62
2021-12-10,Store_07,134820,Electronics,0,None,0.12,39.5,3.32,223.82,7.95,32862.21
2021-12-17,Store_07,134820,Electronics,0,None,0.0,36.4,3.38,225.02,7.51,24001.84
2021-12-24,Store_07,134820,Electronics,1,Christmas_Holiday,0.0,43.3,3.2,225.49,7.75,48713.38
2021-12-31,Store_07,134820,Electronics,1,Christmas_Holiday,0.08,37.3,3.16,224.96,7.51,63594.43
2022-01-07,Store_07,134820,Electronics,0,None,0.0,34.3,3.13,225.69,7.6,26440.19
2022-01-14,Store_07,134820,Electronics,0,None,0.0,38.1,3.02,225.57,7.74,26928.18
2022-01-21,Store_07,134820,Electronics,0,None,0.26,35.3,3.07,225.25,7.63,41897.58
2022-01-28,Store_07,134820,Electronics,0,None,0.0,36.0,3.02,225.95,7.49,29506.79
2022-02-04,Store_07,134820,Electronics,0,None,0.0,35.2,3.03,226.73,7.52,29969.09
2022-02-11,Store_07,134820,Electronics,1,Super_Bowl,0.27,37.7,3.0,226.14,7.64,71518.86
2022-02-18,Store_07,134820,Electronics,0,None,0.0,41.1,3.05,227.13,7.48,30384.54
2022-02-25,Store_07,134820,Electronics,0,None,0.0,34.5,2.97,225.23,7.56,28055.73
2022-03-04,Store_07,134820,Electronics,0,None,0.26,41.1,2.86,227.14,7.53,49224.08
2022-03-11,Store_07,134820,Electronics,0,None,0.0,45.9,2.81,226.97,7.44,28814.4
2022-03-18,Store_07,134820,Electronics,0,None,0.0,47.1,2.85,226.97,7.7,31389.96
2022-03-25,Store_07,134820,Electronics,1,Easter,0.29,54.0,2.74,227.35,7.54,80672.76
2022-04-01,Store_07,134820,Electronics,1,Easter,0.0,53.2,2.87,226.51,7.26,43163.14
2022-04-08,Store_07,134820,Electronics,1,Easter,0.26,54.7,2.81,227.58,7.46,79335.3
2022-04-15,Store_07,134820,Electronics,1,Easter,0.06,56.5,2.7,228.06,7.36,61828.91
2022-04-22,Store_07,134820,Electronics,0,None,0.0,58.0,2.62,228.82,7.5,35236.33
2022-04-29,Store_07,134820,Electronics,0,None,0.0,66.2,2.75,228.01,7.31,36020.09
2022-05-06,Store_07,134820,Electronics,0,None,0.0,68.6,2.66,228.06,7.37,35681.91
2022-05-13,Store_07,134820,Electronics,0,None,0.0,64.3,2.71,228.4,7.41,31790.1
2022-05-20,Store_07,134820,Electronics,0,None,0.0,67.7,2.56,229.3,7.43,34797.18
2022-05-27,Store_07,134820,Electronics,0,None,0.0,71.8,2.6,229.2,7.21,34694.45
2022-06-03,Store_07,134820,Electronics,0,None,0.15,73.4,2.62,228.97,7.28,47863.36
2022-06-10,Store_07,134820,Electronics,0,None,0.0,74.4,2.61,229.68,7.25,30962.65
2022-06-17,Store_07,134820,Electronics,0,None,0.0,79.7,2.58,229.66,7.22,33922.64
2022-06-24,Store_07,134820,Electronics,0,None,0.24,83.3,2.63,230.29,7.44,54841.62
2022-07-01,Store_07,134820,Electronics,0,None,0.0,89.7,2.55,229.65,7.29,30673.17
2022-07-08,Store_07,134820,Electronics,0,None,0.0,83.9,2.59,230.03,7.11,39095.95
2022-07-15,Store_07,134820,Electronics,0,None,0.0,84.7,2.61,230.19,7.31,32989.61
2022-07-22,Store_07,134820,Electronics,0,None,0.0,89.4,2.64,229.85,7.41,34678.45
2022-07-29,Store_07,134820,Electronics,0,None,0.0,78.2,2.65,230.92,7.29,33864.74
2022-08-05,Store_07,134820,Electronics,0,None,0.0,86.3,2.57,231.09,7.02,33457.87
2022-08-12,Store_07,134820,Electronics,0,None,0.06,83.7,2.56,231.16,7.11,37617.13
2022-08-19,Store_07,134820,Electronics,0,None,0.0,82.3,2.72,231.23,7.26,32155.32
2022-08-26,Store_07,134820,Electronics,0,None,0.0,76.1,2.69,230.83,7.05,32927.03
2022-09-02,Store_07,134820,Electronics,1,Labor_Day,0.0,75.8,2.65,231.52,7.15,47072.41
2022-09-09,Store_07,134820,Electronics,1,Labor_Day,0.14,78.3,2.78,231.75,7.17,60429.51
2022-09-16,Store_07,134820,Electronics,0,None,0.0,73.5,2.73,231.71,6.98,30892.58
2022-09-23,Store_07,134820,Electronics,0,None,0.0,70.7,2.81,232.23,7.05,29516.2
2022-09-30,Store_07,134820,Electronics,0,None,0.0,74.4,2.78,232.7,6.72,26442.67
2022-10-07,Store_07,134820,Electronics,0,None,0.0,66.6,2.91,233.64,6.92,28538.76
2022-10-14,Store_07,134820,Electronics,0,None,0.0,60.7,2.92,232.97,6.98,27848.64
2022-10-21,Store_07,134820,Electronics,0,None,0.0,59.0,2.85,233.21,6.87,26561.14
2022-10-28,Store_07,134820,Electronics,0,None,0.0,56.6,2.94,233.23,7.14,26005.3
2022-11-04,Store_07,134820,Electronics,0,None,0.0,54.8,2.95,232.5,6.82,25879.74
2022-11-11,Store_07,134820,Electronics,0,None,0.0,51.1,3.02,233.64,6.9,26998.36
2022-11-18,Store_07,134820,Electronics,0,None,0.0,50.6,2.94,233.88,6.94,25729.15
2022-11-25,Store_07,134820,Electronics,1,Thanksgiving_BlackFriday,0.17,48.5,3.06,235.27,7.06,78901.58
2022-12-02,Store_07,134820,Electronics,0,None,0.0,45.1,3.11,234.13,6.75,25754.46
2022-12-09,Store_07,134820,Electronics,0,None,0.0,41.4,3.0,234.57,7.0,24380.35
2022-12-16,Store_07,134820,Electronics,0,None,0.0,39.3,3.07,234.6,6.87,25553.36
2022-12-23,Store_07,134820,Electronics,1,Christmas_Holiday,0.24,39.6,3.06,234.22,6.75,90601.82
2022-12-30,Store_07,134820,Electronics,1,Christmas_Holiday,0.0,38.4,3.19,235.57,6.88,60838.02
2023-01-06,Store_07,134820,Electronics,0,None,0.0,35.3,3.27,235.57,6.84,29443.01
2023-01-13,Store_07,134820,Electronics,0,None,0.0,34.0,3.35,235.78,6.74,28085.62
2023-01-20,Store_07,134820,Electronics,0,None,0.0,34.4,3.31,235.12,6.79,27287.69
2023-01-27,Store_07,134820,Electronics,0,None,0.0,37.5,3.43,236.47,6.73,28344.17
2023-02-03,Store_07,134820,Electronics,0,None,0.0,32.0,3.31,235.26,6.76,28777.43
2023-02-10,Store_07,134820,Electronics,1,Super_Bowl,0.0,37.2,3.33,236.45,6.8,45797.4
2023-02-17,Store_07,134820,Electronics,0,None,0.09,40.2,3.44,237.44,6.88,34914.21
2023-02-24,Store_07,134820,Electronics,0,None,0.0,34.7,3.5,236.04,6.58,30357.93
2023-03-03,Store_07,134820,Electronics,0,None,0.0,39.1,3.51,236.45,6.9,32074.5
2023-03-10,Store_07,134820,Electronics,0,None,0.0,46.2,3.44,236.97,6.48,32362.91
2023-03-17,Store_07,134820,Electronics,0,None,0.0,48.5,3.57,236.86,6.64,34607.54
2023-03-24,Store_07,134820,Electronics,0,None,0.0,50.2,3.53,236.53,6.7,31925.13
2023-03-31,Store_07,134820,Electronics,1,Easter,0.16,51.8,3.66,237.53,6.65,68455.87
2023-04-07,Store_07,134820,Electronics,1,Easter,0.14,52.4,3.67,237.16,6.55,67132.71
2023-04-14,Store_07,134820,Electronics,1,Easter,0.0,57.0,3.63,238.12,6.57,54154.43
2023-04-21,Store_07,134820,Electronics,0,None,0.2,62.7,3.67,237.62,6.53,51885.55
2023-04-28,Store_07,134820,Electronics,0,None,0.0,63.1,3.66,239.04,6.5,36526.95
2023-05-05,Store_07,134820,Electronics,0,None,0.05,66.7,3.73,238.07,6.63,38559.63
2023-05-12,Store_07,134820,Electronics,0,None,0.24,69.7,3.79,238.49,6.56,57862.25
2023-05-19,Store_07,134820,Electronics,0,None,0.0,67.4,3.71,239.25,6.44,34322.81
2023-05-26,Store_07,134820,Electronics,0,None,0.08,72.2,3.8,238.42,6.59,39770.44
2023-06-02,Store_07,134820,Electronics,0,None,0.0,74.5,3.76,239.34,6.51,36563.67
2023-06-09,Store_07,134820,Electronics,0,None,0.0,80.0,3.75,240.08,6.55,36578.78
2023-06-16,Store_07,134820,Electronics,0,None,0.0,78.8,3.79,238.81,6.51,34459.6
2023-06-23,Store_07,134820,Electronics,0,None,0.0,80.2,3.75,239.9,6.35,35596.07
2023-06-30,Store_07,134820,Electronics,0,None,0.0,85.5,3.77,240.13,6.36,38112.92
2023-07-07,Store_07,134820,Electronics,0,None,0.2,85.9,3.74,240.58,6.48,54598.72
2023-07-14,Store_07,134820,Electronics,0,None,0.0,82.3,3.89,239.77,6.45,36456.35
2023-07-21,Store_07,134820,Electronics,0,None,0.0,87.0,3.79,239.92,6.37,36160.85
2023-07-28,Store_07,134820,Electronics,0,None,0.0,86.6,3.75,241.03,6.36,35042.94
2023-08-04,Store_07,134820,Electronics,0,None,0.0,84.4,3.78,241.11,6.46,35972.67
2023-08-11,Store_07,134820,Electronics,0,None,0.0,76.2,3.76,241.28,6.26,33525.85
2023-08-18,Store_07,134820,Electronics,0,None,0.0,78.4,3.74,241.52,6.36,33924.14
2023-08-25,Store_07,134820,Electronics,0,None,0.0,80.7,3.76,241.2,6.27,31283.26
2023-09-01,Store_07,134820,Electronics,1,Labor_Day,0.0,79.5,3.75,241.85,6.25,50122.68
2023-09-08,Store_07,134820,Electronics,1,Labor_Day,0.18,77.5,3.67,242.07,6.37,65434.82
2023-09-15,Store_07,134820,Electronics,0,None,0.0,74.5,3.64,241.76,6.32,31121.78
2023-09-22,Store_07,134820,Electronics,0,None,0.0,70.5,3.64,243.24,6.31,32093.3
2023-09-29,Store_07,134820,Electronics,0,None,0.0,71.7,3.51,242.74,6.34,30003.24
2023-10-06,Store_07,134820,Electronics,0,None,0.0,70.0,3.52,242.1,6.19,29832.46
2023-10-13,Store_07,134820,Electronics,0,None,0.11,64.1,3.64,243.21,6.24,36159.81
2023-10-20,Store_07,134820,Electronics,0,None,0.0,57.4,3.62,242.59,6.13,29638.78
2023-10-27,Store_07,134820,Electronics,0,None,0.0,56.7,3.5,243.66,6.18,28719.03
2023-11-03,Store_07,134820,Electronics,0,None,0.0,53.1,3.51,244.04,6.12,26812.71
2023-11-10,Store_07,134820,Electronics,0,None,0.0,53.3,3.46,243.24,6.12,28896.51
2023-11-17,Store_07,134820,Electronics,0,None,0.17,49.7,3.57,244.33,6.16,37906.24
2023-11-24,Store_07,134820,Electronics,1,Thanksgiving_BlackFriday,0.23,45.2,3.43,244.24,6.0,90434.48
2023-12-01,Store_07,134820,Electronics,0,None,0.0,40.2,3.34,244.64,6.27,28577.34
2023-12-08,Store_07,134820,Electronics,0,None,0.0,40.9,3.26,245.37,5.95,27087.25
2023-12-15,Store_07,134820,Electronics,0,None,0.0,37.5,3.19,244.49,5.91,26267.86
2023-12-22,Store_07,134820,Electronics,1,Christmas_Holiday,0.14,37.6,3.25,244.43,6.13,78691.48
2023-12-29,Store_07,134820,Electronics,1,Christmas_Holiday,0.0,38.0,3.16,244.56,6.08,60126.33
2021-01-01,Store_07,134820,Grocery,0,None,0.0,39.2,3.23,214.14,8.42,32197.83
2021-01-08,Store_07,134820,Grocery,0,None,0.0,35.4,3.27,214.91,8.48,32140.74
2021-01-15,Store_07,134820,Grocery,0,None,0.11,34.1,3.27,214.88,8.5,36444.35
2021-01-22,Store_07,134820,Grocery,0,None,0.0,29.9,3.26,215.73,8.48,34540.72
2021-01-29,Store_07,134820,Grocery,0,None,0.0,39.8,3.35,215.32,8.52,34750.48
2021-02-05,Store_07,134820,Grocery,1,Super_Bowl,0.0,36.6,3.34,215.26,8.42,40551.45
2021-02-12,Store_07,134820,Grocery,1,Super_Bowl,0.0,35.5,3.46,216.89,8.55,41163.53
2021-02-19,Store_07,134820,Grocery,0,None,0.0,37.5,3.44,216.23,8.36,35625.56
2021-02-26,Store_07,134820,Grocery,0,None,0.0,42.4,3.44,216.57,8.64,36526.85
2021-03-05,Store_07,134820,Grocery,0,None,0.0,42.7,3.49,216.02,8.42,36482.74
2021-03-12,Store_07,134820,Grocery,0,None,0.0,40.1,3.56,216.65,8.25,36569.97
2021-03-19,Store_07,134820,Grocery,0,None,0.0,47.2,3.54,217.17,8.22,37003.74
2021-03-26,Store_07,134820,Grocery,1,Easter,0.19,43.0,3.56,216.73,8.36,53386.05
2021-04-02,Store_07,134820,Grocery,1,Easter,0.25,52.9,3.64,217.69,8.27,58919.53
2021-04-09,Store_07,134820,Grocery,1,Easter,0.14,51.4,3.66,217.39,8.35,52871.45
2021-04-16,Store_07,134820,Grocery,0,None,0.0,57.8,3.65,217.74,8.31,43404.6
2021-04-23,Store_07,134820,Grocery,0,None,0.0,56.3,3.67,217.78,8.24,41935.22
2021-04-30,Store_07,134820,Grocery,0,None,0.0,65.4,3.73,219.2,8.14,41711.45
2021-05-07,Store_07,134820,Grocery,0,None,0.13,66.1,3.66,218.45,8.06,48200.58
2021-05-14,Store_07,134820,Grocery,0,None,0.0,59.2,3.68,218.12,8.15,44102.65
2021-05-21,Store_07,134820,Grocery,0,None,0.0,67.9,3.73,219.26,8.27,40989.66
2021-05-28,Store_07,134820,Grocery,0,None,0.0,74.8,3.76,218.43,8.18,42584.88
2021-06-04,Store_07,134820,Grocery,0,None,0.0,69.9,3.8,219.34,8.02,42374.8
2021-06-11,Store_07,134820,Grocery,0,None,0.0,78.7,3.86,218.44,8.15,43892.66
2021-06-18,Store_07,134820,Grocery,0,None,0.0,82.4,3.84,218.95,8.15,42552.46
2021-06-25,Store_07,134820,Grocery,0,None,0.0,77.2,3.79,219.91,8.01,42676.31
2021-07-02,Store_07,134820,Grocery,0,None,0.0,89.2,3.8,220.37,8.1,42583.41
2021-07-09,Store_07,134820,Grocery,0,None,0.0,88.4,3.75,220.28,8.07,41076.29
2021-07-16,Store_07,134820,Grocery,0,None,0.0,84.6,3.79,220.33,7.94,44172.04
2021-07-23,Store_07,134820,Grocery,0,None,0.0,82.6,3.78,220.43,8.07,41712.2
2021-07-30,Store_07,134820,Grocery,0,None,0.0,83.8,3.8,220.03,8.08,41095.33
2021-08-06,Store_07,134820,Grocery,0,None,0.0,86.7,3.73,220.6,8.11,41700.36
2021-08-13,Store_07,134820,Grocery,0,None,0.0,81.1,3.79,220.92,8.09,43031.16
2021-08-20,Store_07,134820,Grocery,0,None,0.15,80.5,3.82,221.87,7.83,46274.19
2021-08-27,Store_07,134820,Grocery,0,None,0.0,82.6,3.73,221.71,7.86,38873.13
2021-09-03,Store_07,134820,Grocery,1,Labor_Day,0.0,78.1,3.73,220.85,7.99,44911.85
2021-09-10,Store_07,134820,Grocery,1,Labor_Day,0.27,76.6,3.73,222.09,7.97,54782.44
2021-09-17,Store_07,134820,Grocery,0,None,0.0,76.8,3.65,221.92,7.96,38602.64
2021-09-24,Store_07,134820,Grocery,0,None,0.0,70.7,3.66,221.97,8.28,36593.81
2021-10-01,Store_07,134820,Grocery,0,None,0.21,71.8,3.62,222.81,7.93,43661.37
2021-10-08,Store_07,134820,Grocery,0,None,0.06,62.1,3.6,223.21,7.97,37552.11
2021-10-15,Store_07,134820,Grocery,0,None,0.0,58.6,3.53,223.35,7.94,31931.51
2021-10-22,Store_07,134820,Grocery,0,None,0.0,60.0,3.54,222.66,7.89,32376.35
2021-10-29,Store_07,134820,Grocery,0,None,0.0,61.1,3.54,223.11,7.78,34975.25
2021-11-05,Store_07,134820,Grocery,0,None,0.0,56.8,3.55,223.63,7.87,32584.27
2021-11-12,Store_07,134820,Grocery,0,None,0.0,51.5,3.49,224.14,7.7,34018.2
2021-11-19,Store_07,134820,Grocery,0,None,0.0,52.3,3.52,223.61,7.74,31862.36
2021-11-26,Store_07,134820,Grocery,1,Thanksgiving_BlackFriday,0.05,42.5,3.34,223.95,7.7,44614.34
2021-12-03,Store_07,134820,Grocery,0,None,0.0,46.3,3.39,223.68,7.74,30951.35
2021-12-10,Store_07,134820,Grocery,0,None,0.0,37.0,3.32,223.82,7.95,30166.76
2021-12-17,Store_07,134820,Grocery,0,None,0.07,38.0,3.38,225.02,7.51,34029.81
2021-12-24,Store_07,134820,Grocery,1,Christmas_Holiday,0.0,42.5,3.2,225.49,7.75,46469.63
2021-12-31,Store_07,134820,Grocery,1,Christmas_Holiday,0.05,39.5,3.16,224.96,7.51,45414.98
2022-01-07,Store_07,134820,Grocery,0,None,0.08,31.4,3.13,225.69,7.6,37052.99
2022-01-14,Store_07,134820,Grocery,0,None,0.0,37.9,3.02,225.57,7.74,35690.13
2022-01-21,Store_07,134820,Grocery,0,None,0.0,31.6,3.07,225.25,7.63,33031.14
2022-01-28,Store_07,134820,Grocery,0,None,0.28,36.1,3.02,225.95,7.49,47973.96
2022-02-04,Store_07,134820,Grocery,0,None,0.0,36.0,3.03,226.73,7.52,34031.87
2022-02-11,Store_07,134820,Grocery,1,Super_Bowl,0.0,31.6,3.0,226.14,7.64,42933.6
2022-02-18,Store_07,134820,Grocery,0,None,0.23,38.2,3.05,227.13,7.48,44861.76
2022-02-25,Store_07,134820,Grocery,0,None,0.0,37.8,2.97,225.23,7.56,35610.11
2022-03-04,Store_07,134820,Grocery,0,None,0.0,41.3,2.86,227.14,7.53,35498.12
2022-03-11,Store_07,134820,Grocery,0,None,0.0,38.5,2.81,226.97,7.44,38986.91
2022-03-18,Store_07,134820,Grocery,0,None,0.0,45.8,2.85,226.97,7.7,39734.46
2022-03-25,Store_07,134820,Grocery,1,Easter,0.0,50.5,2.74,227.35,7.54,46162.6
2022-04-01,Store_07,134820,Grocery,1,Easter,0.1,53.9,2.87,226.51,7.26,50793.51
2022-04-08,Store_07,134820,Grocery,1,Easter,0.16,53.3,2.81,227.58,7.46,56139.92
2022-04-15,Store_07,134820,Grocery,1,Easter,0.21,50.8,2.7,228.06,7.36,64702.17
2022-04-22,Store_07,134820,Grocery,0,None,0.0,60.1,2.62,228.82,7.5,41161.9
2022-04-29,Store_07,134820,Grocery,0,None,0.0,63.8,2.75,228.01,7.31,44174.48
2022-05-06,Store_07,134820,Grocery,0,None,0.25,68.3,2.66,228.06,7.37,55669.2
2022-05-13,Store_07,134820,Grocery,0,None,0.0,67.4,2.71,228.4,7.41,45312.76
2022-05-20,Store_07,134820,Grocery,0,None,0.0,67.9,2.56,229.3,7.43,44651.42
2022-05-27,Store_07,134820,Grocery,0,None,0.0,71.9,2.6,229.2,7.21,44898.59
2022-06-03,Store_07,134820,Grocery,0,None,0.0,73.2,2.62,228.97,7.28,41254.12
2022-06-10,Store_07,134820,Grocery,0,None,0.0,77.7,2.61,229.68,7.25,44513.75
2022-06-17,Store_07,134820,Grocery,0,None,0.0,87.6,2.58,229.66,7.22,40483.75
2022-06-24,Store_07,134820,Grocery,0,None,0.0,84.3,2.63,230.29,7.44,41209.76
2022-07-01,Store_07,134820,Grocery,0,None,0.19,82.5,2.55,229.65,7.29,53687.39
2022-07-08,Store_07,134820,Grocery,0,None,0.11,84.9,2.59,230.03,7.11,50997.34
2022-07-15,Store_07,134820,Grocery,0,None,0.0,85.3,2.61,230.19,7.31,44651.71
2022-07-22,Store_07,134820,Grocery,0,None,0.0,81.1,2.64,229.85,7.41,40501.74
2022-07-29,Store_07,134820,Grocery,0,None,0.0,87.7,2.65,230.92,7.29,43558.07
2022-08-05,Store_07,134820,Grocery,0,None,0.1,89.9,2.57,231.09,7.02,48169.67
2022-08-12,Store_07,134820,Grocery,0,None,0.28,82.4,2.56,231.16,7.11,59309.98
2022-08-19,Store_07,134820,Grocery,0,None,0.12,82.7,2.72,231.23,7.26,44872.57
2022-08-26,Store_07,134820,Grocery,0,None,0.11,78.7,2.69,230.83,7.05,44171.41
2022-09-02,Store_07,134820,Grocery,1,Labor_Day,0.0,85.0,2.65,231.52,7.15,46005.75
2022-09-09,Store_07,134820,Grocery,1,Labor_Day,0.0,75.7,2.78,231.75,7.17,44675.22
2022-09-16,Store_07,134820,Grocery,0,None,0.25,73.5,2.73,231.71,6.98,50275.73
2022-09-23,Store_07,134820,Grocery,0,None,0.0,72.4,2.81,232.23,7.05,35313.53
2022-09-30,Store_07,134820,Grocery,0,None,0.0,68.3,2.78,232.7,6.72,35651.7
2022-10-07,Store_07,134820,Grocery,0,None,0.0,66.1,2.91,233.64,6.92,37818.22
2022-10-14,Store_07,134820,Grocery,0,None,0.0,63.5,2.92,232.97,6.98,35823.61
2022-10-21,Store_07,134820,Grocery,0,None,0.22,63.9,2.85,233.21,6.87,41001.26
2022-10-28,Store_07,134820,Grocery,0,None,0.0,57.9,2.94,233.23,7.14,34995.03
2022-11-04,Store_07,134820,Grocery,0,None,0.06,48.1,2.95,232.5,6.82,37606.74
2022-11-11,Store_07,134820,Grocery,0,None,0.16,50.0,3.02,233.64,6.9,39924.33
2022-11-18,Store_07,134820,Grocery,0,None,0.0,49.1,2.94,233.88,6.94,31545.6
2022-11-25,Store_07,134820,Grocery,1,Thanksgiving_BlackFriday,0.27,48.0,3.06,235.27,7.06,63365.3
2022-12-02,Store_07,134820,Grocery,0,None,0.1,39.0,3.11,234.13,6.75,36894.46
2022-12-09,Store_07,134820,Grocery,0,None,0.0,37.5,3.0,234.57,7.0,33608.12
2022-12-16,Store_07,134820,Grocery,0,None,0.0,37.1,3.07,234.6,6.87,32200.72
2022-12-23,Store_07,134820,Grocery,1,Christmas_Holiday,0.0,34.8,3.06,234.22,6.75,50736.32
2022-12-30,Store_07,134820,Grocery,1,Christmas_Holiday,0.0,30.9,3.19,235.57,6.88,44297.69
2023-01-06,Store_07,134820,Grocery,0,None,0.18,37.2,3.27,235.57,6.84,44276.05
2023-01-13,Store_07,134820,Grocery,0,None,0.0,36.6,3.35,235.78,6.74,34497.95
2023-01-20,Store_07,134820,Grocery,0,None,0.14,29.1,3.31,235.12,6.79,41003.07
2023-01-27,Store_07,134820,Grocery,0,None,0.0,34.4,3.43,236.47,6.73,37113.84
2023-02-03,Store_07,134820,Grocery,0,None,0.0,39.4,3.31,235.26,6.76,36972.55
2023-02-10,Store_07,134820,Grocery,1,Super_Bowl,0.11,36.6,3.33,236.45,6.8,46687.41
2023-02-17,Store_07,134820,Grocery,0,None,0.0,31.3,3.44,237.44,6.88,36987.46
2023-02-24,Store_07,134820,Grocery,0,None,0.0,39.7,3.5,236.04,6.58,39275.97
2023-03-03,Store_07,134820,Grocery,0,None,0.0,41.0,3.51,236.45,6.9,41461.71
2023-03-10,Store_07,134820,Grocery,0,None,0.0,46.1,3.44,236.97,6.48,37931.23
2023-03-17,Store_07,134820,Grocery,0,None,0.0,47.8,3.57,236.86,6.64,42204.42
2023-03-24,Store_07,134820,Grocery,0,None,0.0,51.0,3.53,236.53,6.7,42247.34
2023-03-31,Store_07,134820,Grocery,1,Easter,0.0,52.5,3.66,237.53,6.65,48741.7
2023-04-07,Store_07,134820,Grocery,1,Easter,0.0,50.4,3.67,237.16,6.55,51376.38
2023-04-14,Store_07,134820,Grocery,1,Easter,0.0,55.6,3.63,238.12,6.57,52007.14
2023-04-21,Store_07,134820,Grocery,0,None,0.0,57.3,3.67,237.62,6.53,42418.12
2023-04-28,Store_07,134820,Grocery,0,None,0.0,61.6,3.66,239.04,6.5,46617.08
2023-05-05,Store_07,134820,Grocery,0,None,0.0,67.0,3.73,238.07,6.63,43743.31
2023-05-12,Store_07,134820,Grocery,0,None,0.0,65.4,3.79,238.49,6.56,45293.46
2023-05-19,Store_07,134820,Grocery,0,None,0.0,72.1,3.71,239.25,6.44,44984.42
2023-05-26,Store_07,134820,Grocery,0,None,0.0,74.0,3.8,238.42,6.59,44371.19
2023-06-02,Store_07,134820,Grocery,0,None,0.0,76.8,3.76,239.34,6.51,47525.37
2023-06-09,Store_07,134820,Grocery,0,None,0.0,79.3,3.75,240.08,6.55,46013.35
2023-06-16,Store_07,134820,Grocery,0,None,0.0,82.0,3.79,238.81,6.51,44938.3
2023-06-23,Store_07,134820,Grocery,0,None,0.0,90.1,3.75,239.9,6.35,47918.16
2023-06-30,Store_07,134820,Grocery,0,None,0.0,85.0,3.77,240.13,6.36,46581.81
2023-07-07,Store_07,134820,Grocery,0,None,0.2,81.0,3.74,240.58,6.48,55789.28
2023-07-14,Store_07,134820,Grocery,0,None,0.0,82.6,3.89,239.77,6.45,45796.86
2023-07-21,Store_07,134820,Grocery,0,None,0.0,87.1,3.79,239.92,6.37,43405.98
2023-07-28,Store_07,134820,Grocery,0,None,0.26,84.0,3.75,241.03,6.36,59817.27
2023-08-04,Store_07,134820,Grocery,0,None,0.0,87.5,3.78,241.11,6.46,44185.61
2023-08-11,Store_07,134820,Grocery,0,None,0.24,83.0,3.76,241.28,6.26,54897.61
2023-08-18,Store_07,134820,Grocery,0,None,0.0,82.0,3.74,241.52,6.36,44169.59
2023-08-25,Store_07,134820,Grocery,0,None,0.0,77.8,3.76,241.2,6.27,43938.69
2023-09-01,Store_07,134820,Grocery,1,Labor_Day,0.0,79.3,3.75,241.85,6.25,49014.39
2023-09-08,Store_07,134820,Grocery,1,Labor_Day,0.0,73.8,3.67,242.07,6.37,48298.28
2023-09-15,Store_07,134820,Grocery,0,None,0.0,74.6,3.64,241.76,6.32,39914.11
2023-09-22,Store_07,134820,Grocery,0,None,0.0,62.8,3.64,243.24,6.31,40018.1
2023-09-29,Store_07,134820,Grocery,0,None,0.0,68.5,3.51,242.74,6.34,38296.88
2023-10-06,Store_07,134820,Grocery,0,None,0.0,63.1,3.52,242.1,6.19,39215.61
2023-10-13,Store_07,134820,Grocery,0,None,0.0,64.4,3.64,243.21,6.24,34750.37
2023-10-20,Store_07,134820,Grocery,0,None,0.0,55.6,3.62,242.59,6.13,40048.82
2023-10-27,Store_07,134820,Grocery,0,None,0.0,57.0,3.5,243.66,6.18,34467.99
2023-11-03,Store_07,134820,Grocery,0,None,0.12,56.7,3.51,244.04,6.12,36666.81
2023-11-10,Store_07,134820,Grocery,0,None,0.0,51.4,3.46,243.24,6.12,34703.49
2023-11-17,Store_07,134820,Grocery,0,None,0.0,46.4,3.57,244.33,6.16,31041.97
2023-11-24,Store_07,134820,Grocery,1,Thanksgiving_BlackFriday,0.0,49.1,3.43,244.24,6.0,46910.85
2023-12-01,Store_07,134820,Grocery,0,None,0.0,40.5,3.34,244.64,6.27,35469.76
2023-12-08,Store_07,134820,Grocery,0,None,0.17,41.6,3.26,245.37,5.95,40565.43
2023-12-15,Store_07,134820,Grocery,0,None,0.0,39.4,3.19,244.49,5.91,36023.68
2023-12-22,Store_07,134820,Grocery,1,Christmas_Holiday,0.13,34.5,3.25,244.43,6.13,52943.27
2023-12-29,Store_07,134820,Grocery,1,Christmas_Holiday,0.06,30.1,3.16,244.56,6.08,53532.75
2021-01-01,Store_07,134820,Home_Garden,0,None,0.0,38.3,3.23,214.14,8.42,17972.4
2021-01-08,Store_07,134820,Home_Garden,0,None,0.0,37.1,3.27,214.91,8.48,17158.66
2021-01-15,Store_07,134820,Home_Garden,0,None,0.0,32.2,3.27,214.88,8.5,18178.17
2021-01-22,Store_07,134820,Home_Garden,0,None,0.13,33.9,3.26,215.73,8.48,21199.36
2021-01-29,Store_07,134820,Home_Garden,0,None,0.1,34.7,3.35,215.32,8.52,21784.44
2021-02-05,Store_07,134820,Home_Garden,1,Super_Bowl,0.0,40.2,3.34,215.26,8.42,19370.21
2021-02-12,Store_07,134820,Home_Garden,1,Super_Bowl,0.0,35.0,3.46,216.89,8.55,20450.7
2021-02-19,Store_07,134820,Home_Garden,0,None,0.0,38.7,3.44,216.23,8.36,18441.6
2021-02-26,Store_07,134820,Home_Garden,0,None,0.0,37.9,3.44,216.57,8.64,18162.73
2021-03-05,Store_07,134820,Home_Garden,0,None,0.0,41.9,3.49,216.02,8.42,19576.87
2021-03-12,Store_07,134820,Home_Garden,0,None,0.0,46.5,3.56,216.65,8.25,19474.02
2021-03-19,Store_07,134820,Home_Garden,0,None,0.0,45.2,3.54,217.17,8.22,19081.49
2021-03-26,Store_07,134820,Home_Garden,1,Easter,0.0,50.5,3.56,216.73,8.36,22721.64
2021-04-02,Store_07,134820,Home_Garden,1,Easter,0.15,48.1,3.64,217.69,8.27,28633.91
2021-04-09,Store_07,134820,Home_Garden,1,Easter,0.0,46.6,3.66,217.39,8.35,24002.93
2021-04-16,Store_07,134820,Home_Garden,0,None,0.0,51.7,3.65,217.74,8.31,29801.94
2021-04-23,Store_07,134820,Home_Garden,0,None,0.0,58.5,3.67,217.78,8.24,29488.49
2021-04-30,Store_07,134820,Home_Garden,0,None,0.0,62.6,3.73,219.2,8.14,27579.84
2021-05-07,Store_07,134820,Home_Garden,0,None,0.0,63.6,3.66,218.45,8.06,29549.6
2021-05-14,Store_07,134820,Home_Garden,0,None,0.0,69.3,3.68,218.12,8.15,28588.99
2021-05-21,Store_07,134820,Home_Garden,0,None,0.0,66.5,3.73,219.26,8.27,29506.04
2021-05-28,Store_07,134820,Home_Garden,0,None,0.0,78.7,3.76,218.43,8.18,30090.83
2021-06-04,Store_07,134820,Home_Garden,0,None,0.0,79.3,3.8,219.34,8.02,30852.69
2021-06-11,Store_07,134820,Home_Garden,0,None,0.24,70.4,3.86,218.44,8.15,41560.51
2021-06-18,Store_07,134820,Home_Garden,0,None,0.0,77.9,3.84,218.95,8.15,31478.97
2021-06-25,Store_07,134820,Home_Garden,0,None,0.0,81.8,3.79,219.91,8.01,28983.25
2021-07-02,Store_07,134820,Home_Garden,0,None,0.0,85.7,3.8,220.37,8.1,30607.4
2021-07-09,Store_07,134820,Home_Garden,0,None,0.0,84.3,3.75,220.28,8.07,26642.92
2021-07-16,Store_07,134820,Home_Garden,0,None,0.0,80.6,3.79,220.33,7.94,26682.67
2021-07-23,Store_07,134820,Home_Garden,0,None,0.12,90.1,3.78,220.43,8.07,27127.95
2021-07-30,Store_07,134820,Home_Garden,0,None,0.0,83.8,3.8,220.03,8.08,21172.06
2021-08-06,Store_07,134820,Home_Garden,0,None,0.0,82.5,3.73,220.6,8.11,22565.82
2021-08-13,Store_07,134820,Home_Garden,0,None,0.0,83.2,3.79,220.92,8.09,22291.26
2021-08-20,Store_07,134820,Home_Garden,0,None,0.0,79.5,3.82,221.87,7.83,21315.96
2021-08-27,Store_07,134820,Home_Garden,0,None,0.0,77.0,3.73,221.71,7.86,20983.19
2021-09-03,Store_07,134820,Home_Garden,1,Labor_Day,0.07,82.1,3.73,220.85,7.99,26953.54
2021-09-10,Store_07,134820,Home_Garden,1,Labor_Day,0.11,76.0,3.73,222.09,7.97,25332.62
2021-09-17,Store_07,134820,Home_Garden,0,None,0.08,75.3,3.65,221.92,7.96,21460.03
2021-09-24,Store_07,134820,Home_Garden,0,None,0.0,72.4,3.66,221.97,8.28,20685.13
2021-10-01,Store_07,134820,Home_Garden,0,None,0.0,67.7,3.62,222.81,7.93,19351.87
2021-10-08,Store_07,134820,Home_Garden,0,None,0.0,64.0,3.6,223.21,7.97,18633.13
2021-10-15,Store_07,134820,Home_Garden,0,None,0.0,59.7,3.53,223.35,7.94,18629.16
2021-10-22,Store_07,134820,Home_Garden,0,None,0.25,59.0,3.54,222.66,7.89,23898.25
2021-10-29,Store_07,134820,Home_Garden,0,None,0.0,59.9,3.54,223.11,7.78,18802.55
2021-11-05,Store_07,134820,Home_Garden,0,None,0.0,50.9,3.55,223.63,7.87,18246.41
2021-11-12,Store_07,134820,Home_Garden,0,None,0.12,51.3,3.49,224.14,7.7,19714.32
2021-11-19,Store_07,134820,Home_Garden,0,None,0.0,48.8,3.52,223.61,7.74,16991.44
2021-11-26,Store_07,134820,Home_Garden,1,Thanksgiving_BlackFriday,0.0,52.3,3.34,223.95,7.7,21754.67
2021-12-03,Store_07,134820,Home_Garden,0,None,0.0,42.4,3.39,223.68,7.74,15742.42
2021-12-10,Store_07,134820,Home_Garden,0,None,0.0,40.7,3.32,223.82,7.95,18642.39
2021-12-17,Store_07,134820,Home_Garden,0,None,0.0,40.1,3.38,225.02,7.51,17109.44
2021-12-24,Store_07,134820,Home_Garden,1,Christmas_Holiday,0.0,41.0,3.2,225.49,7.75,22672.6
2021-12-31,Store_07,134820,Home_Garden,1,Christmas_Holiday,0.24,32.6,3.16,224.96,7.51,29452.93
2022-01-07,Store_07,134820,Home_Garden,0,None,0.0,36.0,3.13,225.69,7.6,17566.35
2022-01-14,Store_07,134820,Home_Garden,0,None,0.0,37.1,3.02,225.57,7.74,17632.69
2022-01-21,Store_07,134820,Home_Garden,0,None,0.0,32.5,3.07,225.25,7.63,18248.18
2022-01-28,Store_07,134820,Home_Garden,0,None,0.0,37.3,3.02,225.95,7.49,19428.93
2022-02-04,Store_07,134820,Home_Garden,0,None,0.0,35.5,3.03,226.73,7.52,18646.2
2022-02-11,Store_07,134820,Home_Garden,1,Super_Bowl,0.29,31.5,3.0,226.14,7.64,31753.83
2022-02-18,Store_07,134820,Home_Garden,0,None,0.0,41.1,3.05,227.13,7.48,19044.11
2022-02-25,Store_07,134820,Home_Garden,0,None,0.0,39.8,2.97,225.23,7.56,19830.6
2022-03-04,Store_07,134820,Home_Garden,0,None,0.0,42.5,2.86,227.14,7.53,19682.25
2022-03-11,Store_07,134820,Home_Garden,0,None,0.0,40.1,2.81,226.97,7.44,20732.25
2022-03-18,Store_07,134820,Home_Garden,0,None,0.0,50.6,2.85,226.97,7.7,21290.36
2022-03-25,Store_07,134820,Home_Garden,1,Easter,0.26,47.8,2.74,227.35,7.54,32787.42
2022-04-01,Store_07,134820,Home_Garden,1,Easter,0.0,52.7,2.87,226.51,7.26,23496.62
2022-04-08,Store_07,134820,Home_Garden,1,Easter,0.0,51.6,2.81,227.58,7.46,24448.03
2022-04-15,Store_07,134820,Home_Garden,1,Easter,0.0,56.1,2.7,228.06,7.36,32734.24
2022-04-22,Store_07,134820,Home_Garden,0,None,0.0,60.8,2.62,228.82,7.5,30918.62
2022-04-29,Store_07,134820,Home_Garden,0,None,0.0,64.3,2.75,228.01,7.31,31063.86
2022-05-06,Store_07,134820,Home_Garden,0,None,0.0,69.5,2.66,228.06,7.37,30949.34
2022-05-13,Store_07,134820,Home_Garden,0,None,0.0,67.0,2.71,228.4,7.41,33713.15
2022-05-20,Store_07,134820,Home_Garden,0,None,0.0,71.4,2.56,229.3,7.43,31446.67
2022-05-27,Store_07,134820,Home_Garden,0,None,0.0,79.4,2.6,229.2,7.21,31179.38
2022-06-03,Store_07,134820,Home_Garden,0,None,0.0,77.6,2.62,228.97,7.28,31745.11
2022-06-10,Store_07,134820,Home_Garden,0,None,0.0,78.0,2.61,229.68,7.25,30495.84
2022-06-17,Store_07,134820,Home_Garden,0,None,0.12,80.3,2.58,229.66,7.22,38980.0
2022-06-24,Store_07,134820,Home_Garden,0,None,0.0,87.6,2.63,230.29,7.44,30648.35
2022-07-01,Store_07,134820,Home_Garden,0,None,0.07,81.0,2.55,229.65,7.29,35983.38
2022-07-08,Store_07,134820,Home_Garden,0,None,0.0,85.8,2.59,230.03,7.11,31390.91
2022-07-15,Store_07,134820,Home_Garden,0,None,0.0,87.9,2.61,230.19,7.31,29885.33
2022-07-22,Store_07,134820,Home_Garden,0,None,0.0,83.2,2.64,229.85,7.41,23542.78
2022-07-29,Store_07,134820,Home_Garden,0,None,0.0,88.5,2.65,230.92,7.29,22650.15
2022-08-05,Store_07,134820,Home_Garden,0,None,0.0,85.4,2.57,231.09,7.02,22420.25
2022-08-12,Store_07,134820,Home_Garden,0,None,0.0,83.6,2.56,231.16,7.11,22877.1
2022-08-19,Store_07,134820,Home_Garden,0,None,0.0,82.2,2.72,231.23,7.26,21701.32
2022-08-26,Store_07,134820,Home_Garden,0,None,0.0,86.0,2.69,230.83,7.05,21916.97
2022-09-02,Store_07,134820,Home_Garden,1,Labor_Day,0.0,78.7,2.65,231.52,7.15,23804.15
2022-09-09,Store_07,134820,Home_Garden,1,Labor_Day,0.14,75.9,2.78,231.75,7.17,27257.27
2022-09-16,Store_07,134820,Home_Garden,0,None,0.0,71.6,2.73,231.71,6.98,20049.31
2022-09-23,Store_07,134820,Home_Garden,0,None,0.0,72.6,2.81,232.23,7.05,20130.6
2022-09-30,Store_07,134820,Home_Garden,0,None,0.0,72.7,2.78,232.7,6.72,21132.98
2022-10-07,Store_07,134820,Home_Garden,0,None,0.24,65.8,2.91,233.64,6.92,26863.39
2022-10-14,Store_07,134820,Home_Garden,0,None,0.26,61.5,2.92,232.97,6.98,26585.34
2022-10-21,Store_07,134820,Home_Garden,0,None,0.0,54.3,2.85,233.21,6.87,18583.54
2022-10-28,Store_07,134820,Home_Garden,0,None,0.0,61.6,2.94,233.23,7.14,18872.59
2022-11-04,Store_07,134820,Home_Garden,0,None,0.06,54.2,2.95,232.5,6.82,20296.39
2022-11-11,Store_07,134820,Home_Garden,0,None,0.0,48.1,3.02,233.64,6.9,17525.96
2022-11-18,Store_07,134820,Home_Garden,0,None,0.0,45.6,2.94,233.88,6.94,17280.65
2022-11-25,Store_07,134820,Home_Garden,1,Thanksgiving_BlackFriday,0.23,46.9,3.06,235.27,7.06,30770.7
2022-12-02,Store_07,134820,Home_Garden,0,None,0.0,43.8,3.11,234.13,6.75,17361.61
2022-12-09,Store_07,134820,Home_Garden,0,None,0.0,44.9,3.0,234.57,7.0,18222.19
2022-12-16,Store_07,134820,Home_Garden,0,None,0.0,36.1,3.07,234.6,6.87,17334.1
2022-12-23,Store_07,134820,Home_Garden,1,Christmas_Holiday,0.1,39.4,3.06,234.22,6.75,23365.79
2022-12-30,Store_07,134820,Home_Garden,1,Christmas_Holiday,0.23,36.7,3.19,235.57,6.88,32623.4
2023-01-06,Store_07,134820,Home_Garden,0,None,0.0,35.8,3.27,235.57,6.84,18852.51
2023-01-13,Store_07,134820,Home_Garden,0,None,0.0,36.7,3.35,235.78,6.74,18806.23
2023-01-20,Store_07,134820,Home_Garden,0,None,0.0,33.7,3.31,235.12,6.79,17938.02
2023-01-27,Store_07,134820,Home_Garden,0,None,0.0,42.5,3.43,236.47,6.73,19720.68
2023-02-03,Store_07,134820,Home_Garden,0,None,0.0,35.9,3.31,235.26,6.76,19240.09
2023-02-10,Store_07,134820,Home_Garden,1,Super_Bowl,0.17,39.3,3.33,236.45,6.8,27496.81
2023-02-17,Store_07,134820,Home_Garden,0,None,0.0,33.5,3.44,237.44,6.88,21787.04
2023-02-24,Store_07,134820,Home_Garden,0,None,0.0,42.7,3.5,236.04,6.58,21443.0
2023-03-03,Store_07,134820,Home_Garden,0,None,0.11,36.6,3.51,236.45,6.9,25600.87
2023-03-10,Store_07,134820,Home_Garden,0,None,0.16,39.7,3.44,236.97,6.48,27595.27
2023-03-17,Store_07,134820,Home_Garden,0,None,0.0,45.1,3.57,236.86,6.64,21726.26
2023-03-24,Store_07,134820,Home_Garden,0,None,0.0,51.6,3.53,236.53,6.7,21270.95
2023-03-31,Store_07,134820,Home_Garden,1,Easter,0.17,52.9,3.66,237.53,6.65,35015.45
2023-04-07,Store_07,134820,Home_Garden,1,Easter,0.0,53.0,3.67,237.16,6.55,25376.71
2023-04-14,Store_07,134820,Home_Garden,1,Easter,0.0,55.1,3.63,238.12,6.57,34587.97
2023-04-21,Store_07,134820,Home_Garden,0,None,0.18,66.3,3.67,237.62,6.53,39283.72
2023-04-28,Store_07,134820,Home_Garden,0,None,0.09,63.6,3.66,239.04,6.5,37898.87
2023-05-05,Store_07,134820,Home_Garden,0,None,0.0,65.0,3.73,238.07,6.63,29987.57
2023-05-12,Store_07,134820,Home_Garden,0,None,0.0,74.2,3.79,238.49,6.56,33598.41
2023-05-19,Store_07,134820,Home_Garden,0,None,0.0,71.8,3.71,239.25,6.44,31371.26
2023-05-26,Store_07,134820,Home_Garden,0,None,0.0,77.0,3.8,238.42,6.59,32927.91
2023-06-02,Store_07,134820,Home_Garden,0,None,0.0,74.1,3.76,239.34,6.51,32070.93
2023-06-09,Store_07,134820,Home_Garden,0,None,0.0,77.9,3.75,240.08,6.55,31004.67
2023-06-16,Store_07,134820,Home_Garden,0,None,0.0,82.2,3.79,238.81,6.51,30692.94
2023-06-23,Store_07,134820,Home_Garden,0,None,0.25,83.3,3.75,239.9,6.35,48692.73
2023-06-30,Store_07,134820,Home_Garden,0,None,0.0,87.5,3.77,240.13,6.36,33665.85
2023-07-07,Store_07,134820,Home_Garden,0,None,0.0,82.7,3.74,240.58,6.48,32952.83
2023-07-14,Store_07,134820,Home_Garden,0,None,0.0,81.7,3.89,239.77,6.45,32994.57
2023-07-21,Store_07,134820,Home_Garden,0,None,0.0,88.5,3.79,239.92,6.37,26147.87
2023-07-28,Store_07,134820,Home_Garden,0,None,0.0,88.9,3.75,241.03,6.36,22983.92
2023-08-04,Store_07,134820,Home_Garden,0,None,0.0,85.5,3.78,241.11,6.46,22807.58
2023-08-11,Store_07,134820,Home_Garden,0,None,0.0,77.5,3.76,241.28,6.26,23143.71
2023-08-18,Store_07,134820,Home_Garden,0,None,0.0,85.3,3.74,241.52,6.36,21653.31
2023-08-25,Store_07,134820,Home_Garden,0,None,0.3,81.2,3.76,241.2,6.27,32234.8
2023-09-01,Store_07,134820,Home_Garden,1,Labor_Day,0.09,83.7,3.75,241.85,6.25,26741.14
2023-09-08,Store_07,134820,Home_Garden,1,Labor_Day,0.18,73.3,3.67,242.07,6.37,30683.52
2023-09-15,Store_07,134820,Home_Garden,0,None,0.0,75.5,3.64,241.76,6.32,23224.49
2023-09-22,Store_07,134820,Home_Garden,0,None,0.0,68.2,3.64,243.24,6.31,20887.07
2023-09-29,Store_07,134820,Home_Garden,0,None,0.0,68.2,3.51,242.74,6.34,19927.12
2023-10-06,Store_07,134820,Home_Garden,0,None,0.2,66.7,3.52,242.1,6.19,26770.39
2023-10-13,Store_07,134820,Home_Garden,0,None,0.0,66.2,3.64,243.21,6.24,19809.99
2023-10-20,Store_07,134820,Home_Garden,0,None,0.0,58.4,3.62,242.59,6.13,20517.28
2023-10-27,Store_07,134820,Home_Garden,0,None,0.0,51.7,3.5,243.66,6.18,19350.99
2023-11-03,Store_07,134820,Home_Garden,0,None,0.22,57.7,3.51,244.04,6.12,25199.63
2023-11-10,Store_07,134820,Home_Garden,0,None,0.0,53.3,3.46,243.24,6.12,18909.17
2023-11-17,Store_07,134820,Home_Garden,0,None,0.0,51.0,3.57,244.33,6.16,18373.07
2023-11-24,Store_07,134820,Home_Garden,1,Thanksgiving_BlackFriday,0.21,47.6,3.43,244.24,6.0,29000.95
2023-12-01,Store_07,134820,Home_Garden,0,None,0.0,43.0,3.34,244.64,6.27,18706.9
2023-12-08,Store_07,134820,Home_Garden,0,None,0.0,43.9,3.26,245.37,5.95,17603.15
2023-12-15,Store_07,134820,Home_Garden,0,None,0.0,34.6,3.19,244.49,5.91,18223.82
2023-12-22,Store_07,134820,Home_Garden,1,Christmas_Holiday,0.0,31.2,3.25,244.43,6.13,24116.3
2023-12-29,Store_07,134820,Home_Garden,1,Christmas_Holiday,0.0,35.2,3.16,244.56,6.08,21093.5
2021-01-01,Store_07,134820,Pharmacy,0,None,0.14,36.5,3.23,214.14,8.42,15404.16
2021-01-08,Store_07,134820,Pharmacy,0,None,0.0,30.4,3.27,214.91,8.48,13720.21
2021-01-15,Store_07,134820,Pharmacy,0,None,0.0,32.4,3.27,214.88,8.5,13891.76
2021-01-22,Store_07,134820,Pharmacy,0,None,0.0,37.9,3.26,215.73,8.48,14363.96
2021-01-29,Store_07,134820,Pharmacy,0,None,0.0,33.7,3.35,215.32,8.52,14351.29
2021-02-05,Store_07,134820,Pharmacy,1,Super_Bowl,0.21,45.4,3.34,215.26,8.42,18968.21
2021-02-12,Store_07,134820,Pharmacy,1,Super_Bowl,0.19,39.8,3.46,216.89,8.55,16848.61
2021-02-19,Store_07,134820,Pharmacy,0,None,0.0,39.2,3.44,216.23,8.36,15747.71
2021-02-26,Store_07,134820,Pharmacy,0,None,0.0,36.4,3.44,216.57,8.64,15150.17
2021-03-05,Store_07,134820,Pharmacy,0,None,0.0,43.7,3.49,216.02,8.42,15333.54
2021-03-12,Store_07,134820,Pharmacy,0,None,0.11,47.8,3.56,216.65,8.25,17285.48
2021-03-19,Store_07,134820,Pharmacy,0,None,0.0,46.4,3.54,217.17,8.22,16647.2
2021-03-26,Store_07,134820,Pharmacy,1,Easter,0.13,46.8,3.56,216.73,8.36,17879.66
2021-04-02,Store_07,134820,Pharmacy,1,Easter,0.18,45.3,3.64,217.69,8.27,20388.18
2021-04-09,Store_07,134820,Pharmacy,1,Easter,0.0,55.4,3.66,217.39,8.35,17947.52
2021-04-16,Store_07,134820,Pharmacy,0,None,0.08,56.8,3.65,217.74,8.31,19197.46
2021-04-23,Store_07,134820,Pharmacy,0,None,0.0,60.4,3.67,217.78,8.24,18692.79
2021-04-30,Store_07,134820,Pharmacy,0,None,0.0,67.5,3.73,219.2,8.14,17377.75
2021-05-07,Store_07,134820,Pharmacy,0,None,0.0,64.5,3.66,218.45,8.06,17358.95
2021-05-14,Store_07,134820,Pharmacy,0,None,0.0,67.7,3.68,218.12,8.15,18379.26
2021-05-21,Store_07,134820,Pharmacy,0,None,0.0,71.3,3.73,219.26,8.27,18629.64
2021-05-28,Store_07,134820,Pharmacy,0,None,0.0,74.3,3.76,218.43,8.18,19022.84
2021-06-04,Store_07,134820,Pharmacy,0,None,0.0,76.7,3.8,219.34,8.02,17860.83
2021-06-11,Store_07,134820,Pharmacy,0,None,0.0,76.5,3.86,218.44,8.15,20000.05
2021-06-18,Store_07,134820,Pharmacy,0,None,0.0,80.6,3.84,218.95,8.15,17394.84
2021-06-25,Store_07,134820,Pharmacy,0,None,0.0,82.6,3.79,219.91,8.01,19941.81
2021-07-02,Store_07,134820,Pharmacy,0,None,0.0,87.3,3.8,220.37,8.1,19043.91
2021-07-09,Store_07,134820,Pharmacy,0,None,0.0,85.6,3.75,220.28,8.07,18296.24
2021-07-16,Store_07,134820,Pharmacy,0,None,0.22,88.4,3.79,220.33,7.94,20421.32
2021-07-23,Store_07,134820,Pharmacy,0,None,0.0,83.6,3.78,220.43,8.07,17352.27
2021-07-30,Store_07,134820,Pharmacy,0,None,0.0,84.4,3.8,220.03,8.08,16259.51
2021-08-06,Store_07,134820,Pharmacy,0,None,0.0,86.2,3.73,220.6,8.11,17118.77
2021-08-13,Store_07,134820,Pharmacy,0,None,0.0,78.0,3.79,220.92,8.09,18171.68
2021-08-20,Store_07,134820,Pharmacy,0,None,0.0,82.9,3.82,221.87,7.83,17046.81
2021-08-27,Store_07,134820,Pharmacy,0,None,0.0,75.0,3.73,221.71,7.86,17945.14
2021-09-03,Store_07,134820,Pharmacy,1,Labor_Day,0.24,81.2,3.73,220.85,7.99,20615.45
2021-09-10,Store_07,134820,Pharmacy,1,Labor_Day,0.24,77.2,3.73,222.09,7.97,19854.81
2021-09-17,Store_07,134820,Pharmacy,0,None,0.0,71.8,3.65,221.92,7.96,16409.58
2021-09-24,Store_07,134820,Pharmacy,0,None,0.18,70.6,3.66,221.97,8.28,18024.17
2021-10-01,Store_07,134820,Pharmacy,0,None,0.26,66.4,3.62,222.81,7.93,18357.98
2021-10-08,Store_07,134820,Pharmacy,0,None,0.21,67.0,3.6,223.21,7.97,17420.52
2021-10-15,Store_07,134820,Pharmacy,0,None,0.0,68.3,3.53,223.35,7.94,14691.99
2021-10-22,Store_07,134820,Pharmacy,0,None,0.0,57.3,3.54,222.66,7.89,14551.0
2021-10-29,Store_07,134820,Pharmacy,0,None,0.0,57.3,3.54,223.11,7.78,14054.46
2021-11-05,Store_07,134820,Pharmacy,0,None,0.0,56.0,3.55,223.63,7.87,14852.55
2021-11-12,Store_07,134820,Pharmacy,0,None,0.0,51.8,3.49,224.14,7.7,15252.51
2021-11-19,Store_07,134820,Pharmacy,0,None,0.24,47.4,3.52,223.61,7.74,15618.63
2021-11-26,Store_07,134820,Pharmacy,1,Thanksgiving_BlackFriday,0.28,43.8,3.34,223.95,7.7,18740.99
2021-12-03,Store_07,134820,Pharmacy,0,None,0.0,46.6,3.39,223.68,7.74,12991.55
2021-12-10,Store_07,134820,Pharmacy,0,None,0.0,38.6,3.32,223.82,7.95,13285.85
2021-12-17,Store_07,134820,Pharmacy,0,None,0.17,42.4,3.38,225.02,7.51,15488.68
2021-12-24,Store_07,134820,Pharmacy,1,Christmas_Holiday,0.0,36.6,3.2,225.49,7.75,15789.74
2021-12-31,Store_07,134820,Pharmacy,1,Christmas_Holiday,0.0,35.8,3.16,224.96,7.51,15174.61
2022-01-07,Store_07,134820,Pharmacy,0,None,0.0,34.9,3.13,225.69,7.6,14576.46
2022-01-14,Store_07,134820,Pharmacy,0,None,0.0,32.4,3.02,225.57,7.74,15031.32
2022-01-21,Store_07,134820,Pharmacy,0,None,0.0,37.9,3.07,225.25,7.63,14964.48
2022-01-28,Store_07,134820,Pharmacy,0,None,0.0,39.6,3.02,225.95,7.49,15753.32
2022-02-04,Store_07,134820,Pharmacy,0,None,0.0,33.3,3.03,226.73,7.52,15347.11
2022-02-11,Store_07,134820,Pharmacy,1,Super_Bowl,0.0,36.9,3.0,226.14,7.64,14822.36
2022-02-18,Store_07,134820,Pharmacy,0,None,0.0,38.1,3.05,227.13,7.48,14831.33
2022-02-25,Store_07,134820,Pharmacy,0,None,0.23,38.7,2.97,225.23,7.56,18337.73
2022-03-04,Store_07,134820,Pharmacy,0,None,0.0,41.7,2.86,227.14,7.53,16489.57
2022-03-11,Store_07,134820,Pharmacy,0,None,0.0,41.2,2.81,226.97,7.44,17164.43
2022-03-18,Store_07,134820,Pharmacy,0,None,0.0,49.1,2.85,226.97,7.7,16688.47
2022-03-25,Store_07,134820,Pharmacy,1,Easter,0.26,50.2,2.74,227.35,7.54,21910.72
2022-04-01,Store_07,134820,Pharmacy,1,Easter,0.0,50.1,2.87,226.51,7.26,17400.9
2022-04-08,Store_07,134820,Pharmacy,1,Easter,0.26,58.3,2.81,227.58,7.46,21769.9
2022-04-15,Store_07,134820,Pharmacy,1,Easter,0.0,53.7,2.7,228.06,7.36,17735.9
2022-04-22,Store_07,134820,Pharmacy,0,None,0.08,59.7,2.62,228.82,7.5,19466.81
2022-04-29,Store_07,134820,Pharmacy,0,None,0.2,60.2,2.75,228.01,7.31,20828.95
2022-05-06,Store_07,134820,Pharmacy,0,None,0.09,69.8,2.66,228.06,7.37,19989.03
2022-05-13,Store_07,134820,Pharmacy,0,None,0.17,72.1,2.71,228.4,7.41,21667.6
2022-05-20,Store_07,134820,Pharmacy,0,None,0.0,74.1,2.56,229.3,7.43,19568.15
2022-05-27,Store_07,134820,Pharmacy,0,None,0.0,75.9,2.6,229.2,7.21,19489.81
2022-06-03,Store_07,134820,Pharmacy,0,None,0.0,82.2,2.62,228.97,7.28,17835.98
2022-06-10,Store_07,134820,Pharmacy,0,None,0.0,80.1,2.61,229.68,7.25,18579.94
2022-06-17,Store_07,134820,Pharmacy,0,None,0.0,79.5,2.58,229.66,7.22,18783.22
2022-06-24,Store_07,134820,Pharmacy,0,None,0.0,85.2,2.63,230.29,7.44,18775.71
2022-07-01,Store_07,134820,Pharmacy,0,None,0.08,79.7,2.55,229.65,7.29,21197.82
2022-07-08,Store_07,134820,Pharmacy,0,None,0.0,89.0,2.59,230.03,7.11,19626.05
2022-07-15,Store_07,134820,Pharmacy,0,None,0.05,84.6,2.61,230.19,7.31,18971.92
2022-07-22,Store_07,134820,Pharmacy,0,None,0.0,85.5,2.64,229.85,7.41,17973.38
2022-07-29,Store_07,134820,Pharmacy,0,None,0.0,91.9,2.65,230.92,7.29,17613.02
2022-08-05,Store_07,134820,Pharmacy,0,None,0.0,84.7,2.57,231.09,7.02,17162.52
2022-08-12,Store_07,134820,Pharmacy,0,None,0.0,84.8,2.56,231.16,7.11,18762.47
2022-08-19,Store_07,134820,Pharmacy,0,None,0.0,86.0,2.72,231.23,7.26,17738.7
2022-08-26,Store_07,134820,Pharmacy,0,None,0.2,76.9,2.69,230.83,7.05,21325.65
2022-09-02,Store_07,134820,Pharmacy,1,Labor_Day,0.0,80.8,2.65,231.52,7.15,17399.74
2022-09-09,Store_07,134820,Pharmacy,1,Labor_Day,0.26,77.1,2.78,231.75,7.17,21831.02
2022-09-16,Store_07,134820,Pharmacy,0,None,0.0,74.1,2.73,231.71,6.98,17317.1
2022-09-23,Store_07,134820,Pharmacy,0,None,0.0,69.2,2.81,232.23,7.05,15571.96
2022-09-30,Store_07,134820,Pharmacy,0,None,0.0,71.9,2.78,232.7,6.72,15123.05
2022-10-07,Store_07,134820,Pharmacy,0,None,0.26,65.8,2.91,233.64,6.92,19855.55
2022-10-14,Store_07,134820,Pharmacy,0,None,0.26,66.1,2.92,232.97,6.98,18175.61
2022-10-21,Store_07,134820,Pharmacy,0,None,0.0,63.3,2.85,233.21,6.87,15217.75
2022-10-28,Store_07,134820,Pharmacy,0,None,0.0,59.1,2.94,233.23,7.14,14539.8
2022-11-04,Store_07,134820,Pharmacy,0,None,0.05,52.4,2.95,232.5,6.82,14217.46
2022-11-11,Store_07,134820,Pharmacy,0,None,0.0,52.7,3.02,233.64,6.9,14396.03
2022-11-18,Store_07,134820,Pharmacy,0,None,0.22,48.6,2.94,233.88,6.94,15812.65
2022-11-25,Store_07,134820,Pharmacy,1,Thanksgiving_BlackFriday,0.17,47.7,3.06,235.27,7.06,18100.68
2022-12-02,Store_07,134820,Pharmacy,0,None,0.0,44.9,3.11,234.13,6.75,14378.65
2022-12-09,Store_07,134820,Pharmacy,0,None,0.26,39.5,3.0,234.57,7.0,16951.72
2022-12-16,Store_07,134820,Pharmacy,0,None,0.0,40.7,3.07,234.6,6.87,13907.74
2022-12-23,Store_07,134820,Pharmacy,1,Christmas_Holiday,0.0,31.2,3.06,234.22,6.75,14855.81
2022-12-30,Store_07,134820,Pharmacy,1,Christmas_Holiday,0.17,38.8,3.19,235.57,6.88,19694.6
2023-01-06,Store_07,134820,Pharmacy,0,None,0.0,37.4,3.27,235.57,6.84,14156.02
2023-01-13,Store_07,134820,Pharmacy,0,None,0.0,33.1,3.35,235.78,6.74,14230.78
2023-01-20,Store_07,134820,Pharmacy,0,None,0.0,38.0,3.31,235.12,6.79,14679.44
2023-01-27,Store_07,134820,Pharmacy,0,None,0.0,38.1,3.43,236.47,6.73,16030.2
2023-02-03,Store_07,134820,Pharmacy,0,None,0.0,35.9,3.31,235.26,6.76,16464.76
2023-02-10,Store_07,134820,Pharmacy,1,Super_Bowl,0.0,34.8,3.33,236.45,6.8,16466.77
2023-02-17,Store_07,134820,Pharmacy,0,None,0.0,39.7,3.44,237.44,6.88,16459.02
2023-02-24,Store_07,134820,Pharmacy,0,None,0.0,40.8,3.5,236.04,6.58,16092.91
2023-03-03,Store_07,134820,Pharmacy,0,None,0.0,43.2,3.51,236.45,6.9,14812.4
2023-03-10,Store_07,134820,Pharmacy,0,None,0.0,42.2,3.44,236.97,6.48,15780.44
2023-03-17,Store_07,134820,Pharmacy,0,None,0.24,47.4,3.57,236.86,6.64,20713.63
2023-03-24,Store_07,134820,Pharmacy,0,None,0.0,40.8,3.53,236.53,6.7,17943.4
2023-03-31,Store_07,134820,Pharmacy,1,Easter,0.26,52.7,3.66,237.53,6.65,22529.28
2023-04-07,Store_07,134820,Pharmacy,1,Easter,0.0,54.9,3.67,237.16,6.55,17724.45
2023-04-14,Store_07,134820,Pharmacy,1,Easter,0.21,63.6,3.63,238.12,6.57,22189.38
2023-04-21,Store_07,134820,Pharmacy,0,None,0.12,59.3,3.67,237.62,6.53,21428.38
2023-04-28,Store_07,134820,Pharmacy,0,None,0.0,56.5,3.66,239.04,6.5,18357.05
2023-05-05,Store_07,134820,Pharmacy,0,None,0.0,65.6,3.73,238.07,6.63,19318.2
2023-05-12,Store_07,134820,Pharmacy,0,None,0.0,67.1,3.79,238.49,6.56,19021.22
2023-05-19,Store_07,134820,Pharmacy,0,None,0.26,68.1,3.71,239.25,6.44,23762.48
2023-05-26,Store_07,134820,Pharmacy,0,None,0.0,73.8,3.8,238.42,6.59,17927.4
2023-06-02,Store_07,134820,Pharmacy,0,None,0.0,77.8,3.76,239.34,6.51,19311.81
2023-06-09,Store_07,134820,Pharmacy,0,None,0.0,82.9,3.75,240.08,6.55,19365.13
2023-06-16,Store_07,134820,Pharmacy,0,None,0.18,85.9,3.79,238.81,6.51,22366.9
2023-06-23,Store_07,134820,Pharmacy,0,None,0.06,83.2,3.75,239.9,6.35,21061.69
2023-06-30,Store_07,134820,Pharmacy,0,None,0.0,82.7,3.77,240.13,6.36,21175.69
2023-07-07,Store_07,134820,Pharmacy,0,None,0.0,88.3,3.74,240.58,6.48,18907.33
2023-07-14,Store_07,134820,Pharmacy,0,None,0.0,89.8,3.89,239.77,6.45,18980.1
2023-07-21,Store_07,134820,Pharmacy,0,None,0.0,83.3,3.79,239.92,6.37,19132.42
2023-07-28,Store_07,134820,Pharmacy,0,None,0.28,87.5,3.75,241.03,6.36,22155.54
2023-08-04,Store_07,134820,Pharmacy,0,None,0.0,89.3,3.78,241.11,6.46,17704.61
2023-08-11,Store_07,134820,Pharmacy,0,None,0.0,76.0,3.76,241.28,6.26,18040.35
2023-08-18,Store_07,134820,Pharmacy,0,None,0.11,80.6,3.74,241.52,6.36,19435.74
2023-08-25,Store_07,134820,Pharmacy,0,None,0.0,80.4,3.76,241.2,6.27,17127.75
2023-09-01,Store_07,134820,Pharmacy,1,Labor_Day,0.0,79.2,3.75,241.85,6.25,17837.94
2023-09-08,Store_07,134820,Pharmacy,1,Labor_Day,0.13,76.0,3.67,242.07,6.37,21307.66
2023-09-15,Store_07,134820,Pharmacy,0,None,0.0,75.1,3.64,241.76,6.32,16296.98
2023-09-22,Store_07,134820,Pharmacy,0,None,0.0,68.2,3.64,243.24,6.31,15994.68
2023-09-29,Store_07,134820,Pharmacy,0,None,0.0,73.8,3.51,242.74,6.34,14510.68
2023-10-06,Store_07,134820,Pharmacy,0,None,0.0,64.9,3.52,242.1,6.19,14766.34
2023-10-13,Store_07,134820,Pharmacy,0,None,0.0,62.1,3.64,243.21,6.24,15524.92
2023-10-20,Store_07,134820,Pharmacy,0,None,0.0,63.3,3.62,242.59,6.13,15464.7
2023-10-27,Store_07,134820,Pharmacy,0,None,0.06,54.9,3.5,243.66,6.18,14920.14
2023-11-03,Store_07,134820,Pharmacy,0,None,0.0,56.7,3.51,244.04,6.12,15094.15
2023-11-10,Store_07,134820,Pharmacy,0,None,0.21,56.5,3.46,243.24,6.12,17444.48
2023-11-17,Store_07,134820,Pharmacy,0,None,0.0,55.7,3.57,244.33,6.16,14895.81
2023-11-24,Store_07,134820,Pharmacy,1,Thanksgiving_BlackFriday,0.17,45.8,3.43,244.24,6.0,18876.58
2023-12-01,Store_07,134820,Pharmacy,0,None,0.0,39.8,3.34,244.64,6.27,14049.77
2023-12-08,Store_07,134820,Pharmacy,0,None,0.0,41.1,3.26,245.37,5.95,14710.08
2023-12-15,Store_07,134820,Pharmacy,0,None,0.0,37.8,3.19,244.49,5.91,16038.04
2023-12-22,Store_07,134820,Pharmacy,1,Christmas_Holiday,0.0,41.4,3.25,244.43,6.13,17262.07
2023-12-29,Store_07,134820,Pharmacy,1,Christmas_Holiday,0.0,33.2,3.16,244.56,6.08,16757.83
2021-01-01,Store_08,134925,Apparel,0,None,0.0,34.7,3.23,214.14,8.42,16185.75
2021-01-08,Store_08,134925,Apparel,0,None,0.0,37.3,3.27,214.91,8.48,15663.65
2021-01-15,Store_08,134925,Apparel,0,None,0.0,37.2,3.27,214.88,8.5,14783.52
2021-01-22,Store_08,134925,Apparel,0,None,0.14,33.4,3.26,215.73,8.48,19555.47
2021-01-29,Store_08,134925,Apparel,0,None,0.0,33.3,3.35,215.32,8.52,15137.26
2021-02-05,Store_08,134925,Apparel,1,Super_Bowl,0.29,34.5,3.34,215.26,8.42,32641.89
2021-02-12,Store_08,134925,Apparel,1,Super_Bowl,0.0,37.2,3.46,216.89,8.55,22513.21
2021-02-19,Store_08,134925,Apparel,0,None,0.0,37.2,3.44,216.23,8.36,16370.53
2021-02-26,Store_08,134925,Apparel,0,None,0.0,32.0,3.44,216.57,8.64,16733.18
2021-03-05,Store_08,134925,Apparel,0,None,0.0,44.4,3.49,216.02,8.42,17128.33
2021-03-12,Store_08,134925,Apparel,0,None,0.0,43.2,3.56,216.65,8.25,17030.1
2021-03-19,Store_08,134925,Apparel,0,None,0.0,50.2,3.54,217.17,8.22,18737.68
2021-03-26,Store_08,134925,Apparel,1,Easter,0.0,46.6,3.56,216.73,8.36,21011.82
2021-04-02,Store_08,134925,Apparel,1,Easter,0.09,55.0,3.64,217.69,8.27,29111.3
2021-04-09,Store_08,134925,Apparel,1,Easter,0.0,55.2,3.66,217.39,8.35,25953.85
2021-04-16,Store_08,134925,Apparel,0,None,0.0,59.0,3.65,217.74,8.31,19287.13
2021-04-23,Store_08,134925,Apparel,0,None,0.21,60.8,3.67,217.78,8.24,26448.89
2021-04-30,Store_08,134925,Apparel,0,None,0.0,65.7,3.73,219.2,8.14,19589.11
2021-05-07,Store_08,134925,Apparel,0,None,0.0,67.5,3.66,218.45,8.06,18437.58
2021-05-14,Store_08,134925,Apparel,0,None,0.0,72.1,3.68,218.12,8.15,21322.42
2021-05-21,Store_08,134925,Apparel,0,None,0.0,69.0,3.73,219.26,8.27,19341.2
2021-05-28,Store_08,134925,Apparel,0,None,0.2,73.1,3.76,218.43,8.18,27918.12
2021-06-04,Store_08,134925,Apparel,0,None,0.0,74.4,3.8,219.34,8.02,19386.34
2021-06-11,Store_08,134925,Apparel,0,None,0.0,76.5,3.86,218.44,8.15,18705.86
2021-06-18,Store_08,134925,Apparel,0,None,0.0,79.1,3.84,218.95,8.15,20342.56
2021-06-25,Store_08,134925,Apparel,0,None,0.21,86.6,3.79,219.91,8.01,29259.08
2021-07-02,Store_08,134925,Apparel,0,None,0.0,83.3,3.8,220.37,8.1,20365.8
2021-07-09,Store_08,134925,Apparel,0,None,0.0,87.0,3.75,220.28,8.07,19481.19
2021-07-16,Store_08,134925,Apparel,0,None,0.0,87.6,3.79,220.33,7.94,18994.1
2021-07-23,Store_08,134925,Apparel,0,None,0.0,83.1,3.78,220.43,8.07,19140.83
2021-07-30,Store_08,134925,Apparel,0,None,0.0,78.8,3.8,220.03,8.08,18767.94
2021-08-06,Store_08,134925,Apparel,0,None,0.21,91.0,3.73,220.6,8.11,24942.51
2021-08-13,Store_08,134925,Apparel,0,None,0.11,80.7,3.79,220.92,8.09,27345.79
2021-08-20,Store_08,134925,Apparel,0,None,0.07,81.9,3.82,221.87,7.83,24430.23
2021-08-27,Store_08,134925,Apparel,0,None,0.0,81.6,3.73,221.71,7.86,23179.15
2021-09-03,Store_08,134925,Apparel,1,Labor_Day,0.16,77.2,3.73,220.85,7.99,38851.43
2021-09-10,Store_08,134925,Apparel,1,Labor_Day,0.0,81.6,3.73,222.09,7.97,28128.08
2021-09-17,Store_08,134925,Apparel,0,None,0.0,79.4,3.65,221.92,7.96,16946.92
2021-09-24,Store_08,134925,Apparel,0,None,0.0,72.2,3.66,221.97,8.28,16547.28
2021-10-01,Store_08,134925,Apparel,0,None,0.0,64.9,3.62,222.81,7.93,15792.51
2021-10-08,Store_08,134925,Apparel,0,None,0.0,65.7,3.6,223.21,7.97,16257.01
2021-10-15,Store_08,134925,Apparel,0,None,0.0,60.4,3.53,223.35,7.94,15683.43
2021-10-22,Store_08,134925,Apparel,0,None,0.24,57.0,3.54,222.66,7.89,23016.0
2021-10-29,Store_08,134925,Apparel,0,None,0.19,55.6,3.54,223.11,7.78,21402.29
2021-11-05,Store_08,134925,Apparel,0,None,0.19,57.3,3.55,223.63,7.87,20797.16
2021-11-12,Store_08,134925,Apparel,0,None,0.1,52.0,3.49,224.14,7.7,18464.13
2021-11-19,Store_08,134925,Apparel,0,None,0.0,52.9,3.52,223.61,7.74,14328.7
2021-11-26,Store_08,134925,Apparel,1,Thanksgiving_BlackFriday,0.28,42.3,3.34,223.95,7.7,42478.9
2021-12-03,Store_08,134925,Apparel,0,None,0.0,44.1,3.39,223.68,7.74,14584.59
2021-12-10,Store_08,134925,Apparel,0,None,0.0,43.1,3.32,223.82,7.95,14898.91
2021-12-17,Store_08,134925,Apparel,0,None,0.0,34.7,3.38,225.02,7.51,14631.84
2021-12-24,Store_08,134925,Apparel,1,Christmas_Holiday,0.11,40.4,3.2,225.49,7.75,32761.36
2021-12-31,Store_08,134925,Apparel,1,Christmas_Holiday,0.29,35.8,3.16,224.96,7.51,41293.03
2022-01-07,Store_08,134925,Apparel,0,None,0.0,41.2,3.13,225.69,7.6,15396.15
2022-01-14,Store_08,134925,Apparel,0,None,0.0,31.6,3.02,225.57,7.74,15671.7
2022-01-21,Store_08,134925,Apparel,0,None,0.09,34.4,3.07,225.25,7.63,19635.07
2022-01-28,Store_08,134925,Apparel,0,None,0.0,39.1,3.02,225.95,7.49,16595.82
2022-02-04,Store_08,134925,Apparel,0,None,0.0,31.3,3.03,226.73,7.52,16582.52
2022-02-11,Store_08,134925,Apparel,1,Super_Bowl,0.1,34.2,3.0,226.14,7.64,27843.18
2022-02-18,Store_08,134925,Apparel,0,None,0.0,41.0,3.05,227.13,7.48,15643.6
2022-02-25,Store_08,134925,Apparel,0,None,0.0,35.1,2.97,225.23,7.56,17224.0
2022-03-04,Store_08,134925,Apparel,0,None,0.0,46.4,2.86,227.14,7.53,17419.22
2022-03-11,Store_08,134925,Apparel,0,None,0.0,45.0,2.81,226.97,7.44,18393.69
2022-03-18,Store_08,134925,Apparel,0,None,0.19,54.8,2.85,226.97,7.7,25546.57
2022-03-25,Store_08,134925,Apparel,1,Easter,0.0,49.1,2.74,227.35,7.54,24669.46
2022-04-01,Store_08,134925,Apparel,1,Easter,0.13,48.1,2.87,226.51,7.26,30069.13
2022-04-08,Store_08,134925,Apparel,1,Easter,0.0,57.3,2.81,227.58,7.46,24120.36
2022-04-15,Store_08,134925,Apparel,1,Easter,0.27,55.5,2.7,228.06,7.36,41670.08
2022-04-22,Store_08,134925,Apparel,0,None,0.0,64.0,2.62,228.82,7.5,19380.93
2022-04-29,Store_08,134925,Apparel,0,None,0.0,63.2,2.75,228.01,7.31,20272.81
2022-05-06,Store_08,134925,Apparel,0,None,0.19,63.4,2.66,228.06,7.37,28089.93
2022-05-13,Store_08,134925,Apparel,0,None,0.0,68.5,2.71,228.4,7.41,20829.89
2022-05-20,Store_08,134925,Apparel,0,None,0.0,71.9,2.56,229.3,7.43,19007.28
2022-05-27,Store_08,134925,Apparel,0,None,0.0,74.0,2.6,229.2,7.21,21145.11
2022-06-03,Store_08,134925,Apparel,0,None,0.0,73.8,2.62,228.97,7.28,19889.79
2022-06-10,Store_08,134925,Apparel,0,None,0.0,81.4,2.61,229.68,7.25,20268.66
2022-06-17,Store_08,134925,Apparel,0,None,0.16,72.7,2.58,229.66,7.22,30747.51
2022-06-24,Store_08,134925,Apparel,0,None,0.0,85.3,2.63,230.29,7.44,19128.02
2022-07-01,Store_08,134925,Apparel,0,None,0.0,83.7,2.55,229.65,7.29,19803.67
2022-07-08,Store_08,134925,Apparel,0,None,0.0,87.4,2.59,230.03,7.11,19845.22
2022-07-15,Store_08,134925,Apparel,0,None,0.0,82.0,2.61,230.19,7.31,20134.4
2022-07-22,Store_08,134925,Apparel,0,None,0.0,87.5,2.64,229.85,7.41,22069.84
2022-07-29,Store_08,134925,Apparel,0,None,0.0,83.4,2.65,230.92,7.29,19481.47
2022-08-05,Store_08,134925,Apparel,0,None,0.0,82.1,2.57,231.09,7.02,19427.54
2022-08-12,Store_08,134925,Apparel,0,None,0.18,83.7,2.56,231.16,7.11,32216.88
2022-08-19,Store_08,134925,Apparel,0,None,0.0,81.6,2.72,231.23,7.26,24722.33
2022-08-26,Store_08,134925,Apparel,0,None,0.15,80.5,2.69,230.83,7.05,29127.9
2022-09-02,Store_08,134925,Apparel,1,Labor_Day,0.07,79.9,2.65,231.52,7.15,35516.15
2022-09-09,Store_08,134925,Apparel,1,Labor_Day,0.0,76.8,2.78,231.75,7.17,30573.32
2022-09-16,Store_08,134925,Apparel,0,None,0.0,77.5,2.73,231.71,6.98,18351.46
2022-09-23,Store_08,134925,Apparel,0,None,0.06,70.5,2.81,232.23,7.05,20278.12
2022-09-30,Store_08,134925,Apparel,0,None,0.0,65.7,2.78,232.7,6.72,17401.07
2022-10-07,Store_08,134925,Apparel,0,None,0.0,63.7,2.91,233.64,6.92,16180.4
2022-10-14,Store_08,134925,Apparel,0,None,0.23,61.3,2.92,232.97,6.98,25024.87
2022-10-21,Store_08,134925,Apparel,0,None,0.0,59.2,2.85,233.21,6.87,17388.57
2022-10-28,Store_08,134925,Apparel,0,None,0.0,54.9,2.94,233.23,7.14,14367.43
2022-11-04,Store_08,134925,Apparel,0,None,0.0,55.4,2.95,232.5,6.82,15291.68
2022-11-11,Store_08,134925,Apparel,0,None,0.0,50.4,3.02,233.64,6.9,16515.86
2022-11-18,Store_08,134925,Apparel,0,None,0.0,53.1,2.94,233.88,6.94,14700.35
2022-11-25,Store_08,134925,Apparel,1,Thanksgiving_BlackFriday,0.23,42.9,3.06,235.27,7.06,43076.56
2022-12-02,Store_08,134925,Apparel,0,None,0.0,45.5,3.11,234.13,6.75,15084.18
2022-12-09,Store_08,134925,Apparel,0,None,0.0,43.6,3.0,234.57,7.0,15566.26
2022-12-16,Store_08,134925,Apparel,0,None,0.0,36.6,3.07,234.6,6.87,15101.2
2022-12-23,Store_08,134925,Apparel,1,Christmas_Holiday,0.0,41.9,3.06,234.22,6.75,29416.79
2022-12-30,Store_08,134925,Apparel,1,Christmas_Holiday,0.29,38.8,3.19,235.57,6.88,44370.97
2023-01-06,Store_08,134925,Apparel,0,None,0.0,41.2,3.27,235.57,6.84,15888.41
2023-01-13,Store_08,134925,Apparel,0,None,0.0,33.9,3.35,235.78,6.74,15784.13
2023-01-20,Store_08,134925,Apparel,0,None,0.0,33.5,3.31,235.12,6.79,15384.74
2023-01-27,Store_08,134925,Apparel,0,None,0.0,36.6,3.43,236.47,6.73,16542.42
2023-02-03,Store_08,134925,Apparel,0,None,0.0,38.5,3.31,235.26,6.76,16809.99
2023-02-10,Store_08,134925,Apparel,1,Super_Bowl,0.0,33.9,3.33,236.45,6.8,21607.54
2023-02-17,Store_08,134925,Apparel,0,None,0.0,35.5,3.44,237.44,6.88,17544.9
2023-02-24,Store_08,134925,Apparel,0,None,0.11,39.1,3.5,236.04,6.58,22189.41
2023-03-03,Store_08,134925,Apparel,0,None,0.0,43.7,3.51,236.45,6.9,19452.12
2023-03-10,Store_08,134925,Apparel,0,None,0.0,38.3,3.44,236.97,6.48,18389.38
2023-03-17,Store_08,134925,Apparel,0,None,0.0,46.8,3.57,236.86,6.64,18042.33
2023-03-24,Store_08,134925,Apparel,0,None,0.1,44.0,3.53,236.53,6.7,23219.24
2023-03-31,Store_08,134925,Apparel,1,Easter,0.15,57.6,3.66,237.53,6.65,34228.58
2023-04-07,Store_08,134925,Apparel,1,Easter,0.0,57.1,3.67,237.16,6.55,28169.01
2023-04-14,Store_08,134925,Apparel,1,Easter,0.0,53.4,3.63,238.12,6.57,28905.25
2023-04-21,Store_08,134925,Apparel,0,None,0.0,57.1,3.67,237.62,6.53,20661.22
2023-04-28,Store_08,134925,Apparel,0,None,0.0,58.2,3.66,239.04,6.5,21065.33
2023-05-05,Store_08,134925,Apparel,0,None,0.0,65.8,3.73,238.07,6.63,20200.9
2023-05-12,Store_08,134925,Apparel,0,None,0.0,64.4,3.79,238.49,6.56,20093.94
2023-05-19,Store_08,134925,Apparel,0,None,0.0,71.7,3.71,239.25,6.44,20673.64
2023-05-26,Store_08,134925,Apparel,0,None,0.0,78.9,3.8,238.42,6.59,21089.49
2023-06-02,Store_08,134925,Apparel,0,None,0.0,73.9,3.76,239.34,6.51,20906.08
2023-06-09,Store_08,134925,Apparel,0,None,0.0,80.9,3.75,240.08,6.55,20300.43
2023-06-16,Store_08,134925,Apparel,0,None,0.18,84.4,3.79,238.81,6.51,29102.38
2023-06-23,Store_08,134925,Apparel,0,None,0.0,81.9,3.75,239.9,6.35,19557.02
2023-06-30,Store_08,134925,Apparel,0,None,0.0,84.5,3.77,240.13,6.36,21527.37
2023-07-07,Store_08,134925,Apparel,0,None,0.0,84.3,3.74,240.58,6.48,20415.21
2023-07-14,Store_08,134925,Apparel,0,None,0.21,89.9,3.89,239.77,6.45,28814.89
2023-07-21,Store_08,134925,Apparel,0,None,0.0,85.9,3.79,239.92,6.37,18762.17
2023-07-28,Store_08,134925,Apparel,0,None,0.0,78.5,3.75,241.03,6.36,20682.83
2023-08-04,Store_08,134925,Apparel,0,None,0.0,86.3,3.78,241.11,6.46,19819.6
2023-08-11,Store_08,134925,Apparel,0,None,0.0,81.6,3.76,241.28,6.26,26372.16
2023-08-18,Store_08,134925,Apparel,0,None,0.0,79.9,3.74,241.52,6.36,23873.56
2023-08-25,Store_08,134925,Apparel,0,None,0.0,77.0,3.76,241.2,6.27,23547.29
2023-09-01,Store_08,134925,Apparel,1,Labor_Day,0.0,80.1,3.75,241.85,6.25,29738.14
2023-09-08,Store_08,134925,Apparel,1,Labor_Day,0.09,77.4,3.67,242.07,6.37,36631.04
2023-09-15,Store_08,134925,Apparel,0,None,0.0,74.1,3.64,241.76,6.32,17742.87
2023-09-22,Store_08,134925,Apparel,0,None,0.0,72.6,3.64,243.24,6.31,18167.03
2023-09-29,Store_08,134925,Apparel,0,None,0.16,67.9,3.51,242.74,6.34,23680.23
2023-10-06,Store_08,134925,Apparel,0,None,0.0,73.8,3.52,242.1,6.19,16718.89
2023-10-13,Store_08,134925,Apparel,0,None,0.0,59.1,3.64,243.21,6.24,15212.37
2023-10-20,Store_08,134925,Apparel,0,None,0.24,62.1,3.62,242.59,6.13,25021.51
2023-10-27,Store_08,134925,Apparel,0,None,0.0,57.9,3.5,243.66,6.18,15320.01
2023-11-03,Store_08,134925,Apparel,0,None,0.21,54.3,3.51,244.04,6.12,24668.31
2023-11-10,Store_08,134925,Apparel,0,None,0.0,51.0,3.46,243.24,6.12,15974.06
2023-11-17,Store_08,134925,Apparel,0,None,0.0,49.3,3.57,244.33,6.16,15707.28
2023-11-24,Store_08,134925,Apparel,1,Thanksgiving_BlackFriday,0.29,40.3,3.43,244.24,6.0,45474.29
2023-12-01,Store_08,134925,Apparel,0,None,0.0,41.4,3.34,244.64,6.27,15651.25
2023-12-08,Store_08,134925,Apparel,0,None,0.23,39.4,3.26,245.37,5.95,22099.8
2023-12-15,Store_08,134925,Apparel,0,None,0.0,37.9,3.19,244.49,5.91,16636.67
2023-12-22,Store_08,134925,Apparel,1,Christmas_Holiday,0.0,37.7,3.25,244.43,6.13,29763.29
2023-12-29,Store_08,134925,Apparel,1,Christmas_Holiday,0.0,35.6,3.16,244.56,6.08,28834.28
2021-01-01,Store_08,134925,Electronics,0,None,0.21,34.0,3.23,214.14,8.42,28449.79
2021-01-08,Store_08,134925,Electronics,0,None,0.0,39.6,3.27,214.91,8.48,18484.5
2021-01-15,Store_08,134925,Electronics,0,None,0.0,31.5,3.27,214.88,8.5,19564.13
2021-01-22,Store_08,134925,Electronics,0,None,0.0,39.6,3.26,215.73,8.48,19600.42
2021-01-29,Store_08,134925,Electronics,0,None,0.0,32.1,3.35,215.32,8.52,18767.4
2021-02-05,Store_08,134925,Electronics,1,Super_Bowl,0.0,31.3,3.34,215.26,8.42,29536.92
2021-02-12,Store_08,134925,Electronics,1,Super_Bowl,0.0,38.7,3.46,216.89,8.55,28199.3
2021-02-19,Store_08,134925,Electronics,0,None,0.0,34.3,3.44,216.23,8.36,19924.84
2021-02-26,Store_08,134925,Electronics,0,None,0.0,44.5,3.44,216.57,8.64,19489.91
2021-03-05,Store_08,134925,Electronics,0,None,0.0,47.3,3.49,216.02,8.42,20817.56
2021-03-12,Store_08,134925,Electronics,0,None,0.0,47.4,3.56,216.65,8.25,21403.93
2021-03-19,Store_08,134925,Electronics,0,None,0.0,51.1,3.54,217.17,8.22,21311.0
2021-03-26,Store_08,134925,Electronics,1,Easter,0.3,45.9,3.56,216.73,8.36,62388.48
2021-04-02,Store_08,134925,Electronics,1,Easter,0.13,52.7,3.64,217.69,8.27,47006.63
2021-04-09,Store_08,134925,Electronics,1,Easter,0.0,50.9,3.66,217.39,8.35,38176.28
2021-04-16,Store_08,134925,Electronics,0,None,0.0,58.5,3.65,217.74,8.31,22936.47
2021-04-23,Store_08,134925,Electronics,0,None,0.0,59.5,3.67,217.78,8.24,22001.18
2021-04-30,Store_08,134925,Electronics,0,None,0.0,66.6,3.73,219.2,8.14,23563.48
2021-05-07,Store_08,134925,Electronics,0,None,0.0,66.0,3.66,218.45,8.06,23670.77
2021-05-14,Store_08,134925,Electronics,0,None,0.28,64.3,3.68,218.12,8.15,40759.8
2021-05-21,Store_08,134925,Electronics,0,None,0.0,74.1,3.73,219.26,8.27,24858.07
2021-05-28,Store_08,134925,Electronics,0,None,0.0,72.0,3.76,218.43,8.18,24116.85
2021-06-04,Store_08,134925,Electronics,0,None,0.0,72.2,3.8,219.34,8.02,22626.95
2021-06-11,Store_08,134925,Electronics,0,None,0.0,78.8,3.86,218.44,8.15,24619.04
2021-06-18,Store_08,134925,Electronics,0,None,0.0,77.8,3.84,218.95,8.15,24675.48
2021-06-25,Store_08,134925,Electronics,0,None,0.0,81.6,3.79,219.91,8.01,26262.62
2021-07-02,Store_08,134925,Electronics,0,None,0.0,83.6,3.8,220.37,8.1,23616.27
2021-07-09,Store_08,134925,Electronics,0,None,0.0,84.8,3.75,220.28,8.07,23656.48
2021-07-16,Store_08,134925,Electronics,0,None,0.0,86.5,3.79,220.33,7.94,23076.05
2021-07-23,Store_08,134925,Electronics,0,None,0.0,86.2,3.78,220.43,8.07,23284.67
2021-07-30,Store_08,134925,Electronics,0,None,0.0,81.8,3.8,220.03,8.08,22429.62
2021-08-06,Store_08,134925,Electronics,0,None,0.17,90.0,3.73,220.6,8.11,33644.74
2021-08-13,Store_08,134925,Electronics,0,None,0.0,83.5,3.79,220.92,8.09,21861.12
2021-08-20,Store_08,134925,Electronics,0,None,0.0,81.1,3.82,221.87,7.83,22164.11
2021-08-27,Store_08,134925,Electronics,0,None,0.0,81.6,3.73,221.71,7.86,22541.53
2021-09-03,Store_08,134925,Electronics,1,Labor_Day,0.24,80.1,3.73,220.85,7.99,52395.94
2021-09-10,Store_08,134925,Electronics,1,Labor_Day,0.0,76.4,3.73,222.09,7.97,33045.52
2021-09-17,Store_08,134925,Electronics,0,None,0.0,69.1,3.65,221.92,7.96,18822.22
2021-09-24,Store_08,134925,Electronics,0,None,0.0,71.2,3.66,221.97,8.28,21170.29
2021-10-01,Store_08,134925,Electronics,0,None,0.0,70.9,3.62,222.81,7.93,20177.04
2021-10-08,Store_08,134925,Electronics,0,None,0.0,64.9,3.6,223.21,7.97,20264.17
2021-10-15,Store_08,134925,Electronics,0,None,0.0,62.5,3.53,223.35,7.94,18892.21
2021-10-22,Store_08,134925,Electronics,0,None,0.0,58.8,3.54,222.66,7.89,19221.46
2021-10-29,Store_08,134925,Electronics,0,None,0.0,57.8,3.54,223.11,7.78,18551.3
2021-11-05,Store_08,134925,Electronics,0,None,0.0,56.1,3.55,223.63,7.87,18587.75
2021-11-12,Store_08,134925,Electronics,0,None,0.0,49.9,3.49,224.14,7.7,18982.69
2021-11-19,Store_08,134925,Electronics,0,None,0.0,42.1,3.52,223.61,7.74,17636.51
2021-11-26,Store_08,134925,Electronics,1,Thanksgiving_BlackFriday,0.0,43.5,3.34,223.95,7.7,37957.65
2021-12-03,Store_08,134925,Electronics,0,None,0.15,40.9,3.39,223.68,7.74,25907.99
2021-12-10,Store_08,134925,Electronics,0,None,0.0,46.7,3.32,223.82,7.95,18786.44
2021-12-17,Store_08,134925,Electronics,0,None,0.0,36.5,3.38,225.02,7.51,17432.08
2021-12-24,Store_08,134925,Electronics,1,Christmas_Holiday,0.17,37.1,3.2,225.49,7.75,55240.47
2021-12-31,Store_08,134925,Electronics,1,Christmas_Holiday,0.0,33.0,3.16,224.96,7.51,39564.53
2022-01-07,Store_08,134925,Electronics,0,None,0.05,34.4,3.13,225.69,7.6,21469.04
2022-01-14,Store_08,134925,Electronics,0,None,0.22,37.6,3.02,225.57,7.74,28503.89
2022-01-21,Store_08,134925,Electronics,0,None,0.0,42.1,3.07,225.25,7.63,19093.18
2022-01-28,Store_08,134925,Electronics,0,None,0.0,36.6,3.02,225.95,7.49,20491.18
2022-02-04,Store_08,134925,Electronics,0,None,0.0,33.6,3.03,226.73,7.52,20217.63
2022-02-11,Store_08,134925,Electronics,1,Super_Bowl,0.0,38.0,3.0,226.14,7.64,32506.31
2022-02-18,Store_08,134925,Electronics,0,None,0.0,40.3,3.05,227.13,7.48,20893.1
2022-02-25,Store_08,134925,Electronics,0,None,0.0,40.0,2.97,225.23,7.56,20814.24
2022-03-04,Store_08,134925,Electronics,0,None,0.19,41.3,2.86,227.14,7.53,29105.83
2022-03-11,Store_08,134925,Electronics,0,None,0.0,37.0,2.81,226.97,7.44,21574.5
2022-03-18,Store_08,134925,Electronics,0,None,0.0,47.8,2.85,226.97,7.7,22164.61
2022-03-25,Store_08,134925,Electronics,1,Easter,0.24,51.2,2.74,227.35,7.54,52548.63
2022-04-01,Store_08,134925,Electronics,1,Easter,0.12,54.8,2.87,226.51,7.26,44754.87
2022-04-08,Store_08,134925,Electronics,1,Easter,0.21,51.9,2.81,227.58,7.46,54162.8
2022-04-15,Store_08,134925,Electronics,1,Easter,0.0,57.7,2.7,228.06,7.36,37410.95
2022-04-22,Store_08,134925,Electronics,0,None,0.0,62.6,2.62,228.82,7.5,24797.76
2022-04-29,Store_08,134925,Electronics,0,None,0.0,61.6,2.75,228.01,7.31,23992.34
2022-05-06,Store_08,134925,Electronics,0,None,0.0,65.9,2.66,228.06,7.37,24537.98
2022-05-13,Store_08,134925,Electronics,0,None,0.0,73.1,2.71,228.4,7.41,24746.91
2022-05-20,Store_08,134925,Electronics,0,None,0.0,74.2,2.56,229.3,7.43,23814.2
2022-05-27,Store_08,134925,Electronics,0,None,0.0,70.9,2.6,229.2,7.21,23719.12
2022-06-03,Store_08,134925,Electronics,0,None,0.17,76.0,2.62,228.97,7.28,38172.71
2022-06-10,Store_08,134925,Electronics,0,None,0.0,77.3,2.61,229.68,7.25,25063.26
2022-06-17,Store_08,134925,Electronics,0,None,0.0,77.1,2.58,229.66,7.22,25499.83
2022-06-24,Store_08,134925,Electronics,0,None,0.0,79.5,2.63,230.29,7.44,24305.65
2022-07-01,Store_08,134925,Electronics,0,None,0.0,84.7,2.55,229.65,7.29,25865.95
2022-07-08,Store_08,134925,Electronics,0,None,0.0,85.4,2.59,230.03,7.11,25490.89
2022-07-15,Store_08,134925,Electronics,0,None,0.0,87.0,2.61,230.19,7.31,25985.71
2022-07-22,Store_08,134925,Electronics,0,None,0.23,81.6,2.64,229.85,7.41,36536.07
2022-07-29,Store_08,134925,Electronics,0,None,0.0,85.7,2.65,230.92,7.29,24248.06
2022-08-05,Store_08,134925,Electronics,0,None,0.0,87.1,2.57,231.09,7.02,23325.2
2022-08-12,Store_08,134925,Electronics,0,None,0.0,84.9,2.56,231.16,7.11,22946.46
2022-08-19,Store_08,134925,Electronics,0,None,0.0,78.2,2.72,231.23,7.26,23661.29
2022-08-26,Store_08,134925,Electronics,0,None,0.0,76.0,2.69,230.83,7.05,23147.64
2022-09-02,Store_08,134925,Electronics,1,Labor_Day,0.09,82.3,2.65,231.52,7.15,40158.98
2022-09-09,Store_08,134925,Electronics,1,Labor_Day,0.13,82.9,2.78,231.75,7.17,42851.48
2022-09-16,Store_08,134925,Electronics,0,None,0.0,73.2,2.73,231.71,6.98,21743.08
2022-09-23,Store_08,134925,Electronics,0,None,0.0,76.1,2.81,232.23,7.05,20839.1
2022-09-30,Store_08,134925,Electronics,0,None,0.0,65.7,2.78,232.7,6.72,21596.15
2022-10-07,Store_08,134925,Electronics,0,None,0.0,69.2,2.91,233.64,6.92,19678.97
2022-10-14,Store_08,134925,Electronics,0,None,0.0,63.8,2.92,232.97,6.98,20788.81
2022-10-21,Store_08,134925,Electronics,0,None,0.0,63.4,2.85,233.21,6.87,20024.35
2022-10-28,Store_08,134925,Electronics,0,None,0.23,61.0,2.94,233.23,7.14,31159.15
2022-11-04,Store_08,134925,Electronics,0,None,0.21,56.2,2.95,232.5,6.82,29863.46
2022-11-11,Store_08,134925,Electronics,0,None,0.0,48.8,3.02,233.64,6.9,18012.29
2022-11-18,Store_08,134925,Electronics,0,None,0.21,51.5,2.94,233.88,6.94,28514.9
2022-11-25,Store_08,134925,Electronics,1,Thanksgiving_BlackFriday,0.0,43.5,3.06,235.27,7.06,43752.3
2022-12-02,Store_08,134925,Electronics,0,None,0.0,41.7,3.11,234.13,6.75,18632.89
2022-12-09,Store_08,134925,Electronics,0,None,0.15,41.9,3.0,234.57,7.0,26302.68
2022-12-16,Store_08,134925,Electronics,0,None,0.0,37.5,3.07,234.6,6.87,19197.92
2022-12-23,Store_08,134925,Electronics,1,Christmas_Holiday,0.0,42.7,3.06,234.22,6.75,45539.89
2022-12-30,Store_08,134925,Electronics,1,Christmas_Holiday,0.0,35.0,3.19,235.57,6.88,42252.52
2023-01-06,Store_08,134925,Electronics,0,None,0.0,34.5,3.27,235.57,6.84,18557.26
2023-01-13,Store_08,134925,Electronics,0,None,0.0,34.5,3.35,235.78,6.74,19702.68
2023-01-20,Store_08,134925,Electronics,0,None,0.0,41.3,3.31,235.12,6.79,20108.95
2023-01-27,Store_08,134925,Electronics,0,None,0.0,37.0,3.43,236.47,6.73,20506.51
2023-02-03,Store_08,134925,Electronics,0,None,0.15,34.6,3.31,235.26,6.76,28950.49
2023-02-10,Store_08,134925,Electronics,1,Super_Bowl,0.21,31.4,3.33,236.45,6.8,50365.98
2023-02-17,Store_08,134925,Electronics,0,None,0.0,36.8,3.44,237.44,6.88,20759.77
2023-02-24,Store_08,134925,Electronics,0,None,0.0,36.1,3.5,236.04,6.58,22325.74
2023-03-03,Store_08,134925,Electronics,0,None,0.0,34.4,3.51,236.45,6.9,20938.15
2023-03-10,Store_08,134925,Electronics,0,None,0.0,40.5,3.44,236.97,6.48,21879.02
2023-03-17,Store_08,134925,Electronics,0,None,0.13,43.0,3.57,236.86,6.64,30279.91
2023-03-24,Store_08,134925,Electronics,0,None,0.0,48.2,3.53,236.53,6.7,22211.18
2023-03-31,Store_08,134925,Electronics,1,Easter,0.18,52.6,3.66,237.53,6.65,55572.07
2023-04-07,Store_08,134925,Electronics,1,Easter,0.0,56.1,3.67,237.16,6.55,36164.06
2023-04-14,Store_08,134925,Electronics,1,Easter,0.0,59.5,3.63,238.12,6.57,38800.66
2023-04-21,Store_08,134925,Electronics,0,None,0.0,62.7,3.67,237.62,6.53,24877.28
2023-04-28,Store_08,134925,Electronics,0,None,0.0,62.5,3.66,239.04,6.5,24897.02
2023-05-05,Store_08,134925,Electronics,0,None,0.0,64.1,3.73,238.07,6.63,25661.04
2023-05-12,Store_08,134925,Electronics,0,None,0.08,66.5,3.79,238.49,6.56,29591.77
2023-05-19,Store_08,134925,Electronics,0,None,0.0,70.9,3.71,239.25,6.44,26068.47
2023-05-26,Store_08,134925,Electronics,0,None,0.0,75.9,3.8,238.42,6.59,24395.92
2023-06-02,Store_08,134925,Electronics,0,None,0.0,76.9,3.76,239.34,6.51,27650.49
2023-06-09,Store_08,134925,Electronics,0,None,0.12,79.1,3.75,240.08,6.55,33172.69
2023-06-16,Store_08,134925,Electronics,0,None,0.0,82.8,3.79,238.81,6.51,25873.97
2023-06-23,Store_08,134925,Electronics,0,None,0.0,82.9,3.75,239.9,6.35,25265.89
2023-06-30,Store_08,134925,Electronics,0,None,0.0,84.7,3.77,240.13,6.36,25324.03
2023-07-07,Store_08,134925,Electronics,0,None,0.0,88.6,3.74,240.58,6.48,26810.43
2023-07-14,Store_08,134925,Electronics,0,None,0.12,87.3,3.89,239.77,6.45,31840.71
2023-07-21,Store_08,134925,Electronics,0,None,0.0,81.1,3.79,239.92,6.37,25991.4
2023-07-28,Store_08,134925,Electronics,0,None,0.09,88.6,3.75,241.03,6.36,29209.59
2023-08-04,Store_08,134925,Electronics,0,None,0.15,81.6,3.78,241.11,6.46,33380.39
2023-08-11,Store_08,134925,Electronics,0,None,0.0,82.8,3.76,241.28,6.26,23269.51
2023-08-18,Store_08,134925,Electronics,0,None,0.0,82.6,3.74,241.52,6.36,24480.61
2023-08-25,Store_08,134925,Electronics,0,None,0.0,82.0,3.76,241.2,6.27,23087.82
2023-09-01,Store_08,134925,Electronics,1,Labor_Day,0.0,72.7,3.75,241.85,6.25,36262.51
2023-09-08,Store_08,134925,Electronics,1,Labor_Day,0.0,76.1,3.67,242.07,6.37,35341.08
2023-09-15,Store_08,134925,Electronics,0,None,0.0,69.8,3.64,241.76,6.32,21773.12
2023-09-22,Store_08,134925,Electronics,0,None,0.0,68.8,3.64,243.24,6.31,20457.01
2023-09-29,Store_08,134925,Electronics,0,None,0.18,69.9,3.51,242.74,6.34,28095.94
2023-10-06,Store_08,134925,Electronics,0,None,0.0,67.7,3.52,242.1,6.19,20346.9
2023-10-13,Store_08,134925,Electronics,0,None,0.0,63.2,3.64,243.21,6.24,20934.47
2023-10-20,Store_08,134925,Electronics,0,None,0.0,57.4,3.62,242.59,6.13,21412.82
2023-10-27,Store_08,134925,Electronics,0,None,0.0,55.4,3.5,243.66,6.18,20013.87
2023-11-03,Store_08,134925,Electronics,0,None,0.0,59.4,3.51,244.04,6.12,20184.37
2023-11-10,Store_08,134925,Electronics,0,None,0.0,55.3,3.46,243.24,6.12,20438.99
2023-11-17,Store_08,134925,Electronics,0,None,0.14,42.7,3.57,244.33,6.16,27064.58
2023-11-24,Store_08,134925,Electronics,1,Thanksgiving_BlackFriday,0.0,44.9,3.43,244.24,6.0,42777.73
2023-12-01,Store_08,134925,Electronics,0,None,0.0,42.3,3.34,244.64,6.27,20495.27
2023-12-08,Store_08,134925,Electronics,0,None,0.0,39.6,3.26,245.37,5.95,20660.65
2023-12-15,Store_08,134925,Electronics,0,None,0.0,38.0,3.19,244.49,5.91,18670.19
2023-12-22,Store_08,134925,Electronics,1,Christmas_Holiday,0.0,39.2,3.25,244.43,6.13,43299.46
2023-12-29,Store_08,134925,Electronics,1,Christmas_Holiday,0.08,38.2,3.16,244.56,6.08,53018.51
2021-01-01,Store_08,134925,Grocery,0,None,0.0,36.5,3.23,214.14,8.42,23591.37
2021-01-08,Store_08,134925,Grocery,0,None,0.0,38.4,3.27,214.91,8.48,21858.09
2021-01-15,Store_08,134925,Grocery,0,None,0.0,35.9,3.27,214.88,8.5,25185.76
2021-01-22,Store_08,134925,Grocery,0,None,0.0,33.5,3.26,215.73,8.48,22704.04
2021-01-29,Store_08,134925,Grocery,0,None,0.0,32.8,3.35,215.32,8.52,24483.43
2021-02-05,Store_08,134925,Grocery,1,Super_Bowl,0.25,39.7,3.34,215.26,8.42,37043.02
2021-02-12,Store_08,134925,Grocery,1,Super_Bowl,0.23,35.8,3.46,216.89,8.55,36931.76
2021-02-19,Store_08,134925,Grocery,0,None,0.0,38.4,3.44,216.23,8.36,25712.24
2021-02-26,Store_08,134925,Grocery,0,None,0.0,38.2,3.44,216.57,8.64,26013.15
2021-03-05,Store_08,134925,Grocery,0,None,0.0,40.2,3.49,216.02,8.42,24387.13
2021-03-12,Store_08,134925,Grocery,0,None,0.0,43.0,3.56,216.65,8.25,27916.44
2021-03-19,Store_08,134925,Grocery,0,None,0.0,48.1,3.54,217.17,8.22,26290.79
2021-03-26,Store_08,134925,Grocery,1,Easter,0.0,48.3,3.56,216.73,8.36,32814.41
2021-04-02,Store_08,134925,Grocery,1,Easter,0.22,53.1,3.64,217.69,8.27,44782.85
2021-04-09,Store_08,134925,Grocery,1,Easter,0.0,56.7,3.66,217.39,8.35,34634.96
2021-04-16,Store_08,134925,Grocery,0,None,0.0,57.6,3.65,217.74,8.31,29251.35
2021-04-23,Store_08,134925,Grocery,0,None,0.28,62.5,3.67,217.78,8.24,41153.48
2021-04-30,Store_08,134925,Grocery,0,None,0.0,66.2,3.73,219.2,8.14,29626.24
2021-05-07,Store_08,134925,Grocery,0,None,0.0,63.7,3.66,218.45,8.06,31487.59
2021-05-14,Store_08,134925,Grocery,0,None,0.0,70.4,3.68,218.12,8.15,32098.42
2021-05-21,Store_08,134925,Grocery,0,None,0.0,70.9,3.73,219.26,8.27,29179.96
2021-05-28,Store_08,134925,Grocery,0,None,0.0,76.6,3.76,218.43,8.18,31683.02
2021-06-04,Store_08,134925,Grocery,0,None,0.0,77.5,3.8,219.34,8.02,30421.92
2021-06-11,Store_08,134925,Grocery,0,None,0.0,77.7,3.86,218.44,8.15,32909.71
2021-06-18,Store_08,134925,Grocery,0,None,0.0,85.0,3.84,218.95,8.15,29258.65
2021-06-25,Store_08,134925,Grocery,0,None,0.0,76.1,3.79,219.91,8.01,29300.82
2021-07-02,Store_08,134925,Grocery,0,None,0.0,88.0,3.8,220.37,8.1,29039.43
2021-07-09,Store_08,134925,Grocery,0,None,0.0,82.2,3.75,220.28,8.07,31677.86
2021-07-16,Store_08,134925,Grocery,0,None,0.0,87.4,3.79,220.33,7.94,31668.8
2021-07-23,Store_08,134925,Grocery,0,None,0.17,83.1,3.78,220.43,8.07,36625.12
2021-07-30,Store_08,134925,Grocery,0,None,0.0,88.5,3.8,220.03,8.08,30284.91
2021-08-06,Store_08,134925,Grocery,0,None,0.0,85.0,3.73,220.6,8.11,29765.02
2021-08-13,Store_08,134925,Grocery,0,None,0.14,88.5,3.79,220.92,8.09,35291.9
2021-08-20,Store_08,134925,Grocery,0,None,0.0,83.0,3.82,221.87,7.83,27619.49
2021-08-27,Store_08,134925,Grocery,0,None,0.0,85.2,3.73,221.71,7.86,27037.62
2021-09-03,Store_08,134925,Grocery,1,Labor_Day,0.18,81.5,3.73,220.85,7.99,40558.14
2021-09-10,Store_08,134925,Grocery,1,Labor_Day,0.0,77.0,3.73,222.09,7.97,31144.89
2021-09-17,Store_08,134925,Grocery,0,None,0.0,72.4,3.65,221.92,7.96,26486.59
2021-09-24,Store_08,134925,Grocery,0,None,0.15,77.1,3.66,221.97,8.28,32406.29
2021-10-01,Store_08,134925,Grocery,0,None,0.0,70.7,3.62,222.81,7.93,24780.31
2021-10-08,Store_08,134925,Grocery,0,None,0.0,71.1,3.6,223.21,7.97,24718.53
2021-10-15,Store_08,134925,Grocery,0,None,0.27,62.4,3.53,223.35,7.94,32185.83
2021-10-22,Store_08,134925,Grocery,0,None,0.0,55.3,3.54,222.66,7.89,22798.17
2021-10-29,Store_08,134925,Grocery,0,None,0.0,58.2,3.54,223.11,7.78,23637.55
2021-11-05,Store_08,134925,Grocery,0,None,0.0,56.4,3.55,223.63,7.87,21386.33
2021-11-12,Store_08,134925,Grocery,0,None,0.0,48.9,3.49,224.14,7.7,24270.02
2021-11-19,Store_08,134925,Grocery,0,None,0.0,51.3,3.52,223.61,7.74,23443.68
2021-11-26,Store_08,134925,Grocery,1,Thanksgiving_BlackFriday,0.13,46.9,3.34,223.95,7.7,37538.96
2021-12-03,Store_08,134925,Grocery,0,None,0.27,44.6,3.39,223.68,7.74,29129.47
2021-12-10,Store_08,134925,Grocery,0,None,0.0,36.0,3.32,223.82,7.95,22362.43
2021-12-17,Store_08,134925,Grocery,0,None,0.0,42.2,3.38,225.02,7.51,23280.84
2021-12-24,Store_08,134925,Grocery,1,Christmas_Holiday,0.21,44.8,3.2,225.49,7.75,39959.66
2021-12-31,Store_08,134925,Grocery,1,Christmas_Holiday,0.0,36.3,3.16,224.96,7.51,33352.3
2022-01-07,Store_08,134925,Grocery,0,None,0.0,34.5,3.13,225.69,7.6,24662.61
2022-01-14,Store_08,134925,Grocery,0,None,0.0,33.9,3.02,225.57,7.74,25962.08
2022-01-21,Store_08,134925,Grocery,0,None,0.0,39.3,3.07,225.25,7.63,24325.8
2022-01-28,Store_08,134925,Grocery,0,None,0.0,35.9,3.02,225.95,7.49,24742.03
2022-02-04,Store_08,134925,Grocery,0,None,0.18,33.6,3.03,226.73,7.52,29556.48
2022-02-11,Store_08,134925,Grocery,1,Super_Bowl,0.28,38.1,3.0,226.14,7.64,42044.7
2022-02-18,Store_08,134925,Grocery,0,None,0.0,37.1,3.05,227.13,7.48,26379.35
2022-02-25,Store_08,134925,Grocery,0,None,0.0,39.3,2.97,225.23,7.56,26573.58
2022-03-04,Store_08,134925,Grocery,0,None,0.0,41.5,2.86,227.14,7.53,27209.68
2022-03-11,Store_08,134925,Grocery,0,None,0.0,45.1,2.81,226.97,7.44,25684.54
2022-03-18,Store_08,134925,Grocery,0,None,0.0,42.1,2.85,226.97,7.7,27078.17
2022-03-25,Store_08,134925,Grocery,1,Easter,0.21,46.4,2.74,227.35,7.54,41627.7
2022-04-01,Store_08,134925,Grocery,1,Easter,0.09,53.6,2.87,226.51,7.26,35452.08
2022-04-08,Store_08,134925,Grocery,1,Easter,0.0,51.2,2.81,227.58,7.46,33974.62
2022-04-15,Store_08,134925,Grocery,1,Easter,0.0,61.5,2.7,228.06,7.36,36907.26
2022-04-22,Store_08,134925,Grocery,0,None,0.0,57.8,2.62,228.82,7.5,32803.21
2022-04-29,Store_08,134925,Grocery,0,None,0.0,62.6,2.75,228.01,7.31,30781.52
2022-05-06,Store_08,134925,Grocery,0,None,0.0,62.8,2.66,228.06,7.37,30544.58
2022-05-13,Store_08,134925,Grocery,0,None,0.18,64.6,2.71,228.4,7.41,38004.4
2022-05-20,Store_08,134925,Grocery,0,None,0.0,65.8,2.56,229.3,7.43,29847.26
2022-05-27,Store_08,134925,Grocery,0,None,0.27,77.9,2.6,229.2,7.21,38483.76
2022-06-03,Store_08,134925,Grocery,0,None,0.0,75.7,2.62,228.97,7.28,31442.05
2022-06-10,Store_08,134925,Grocery,0,None,0.0,81.4,2.61,229.68,7.25,32862.26
2022-06-17,Store_08,134925,Grocery,0,None,0.0,80.2,2.58,229.66,7.22,30916.15
2022-06-24,Store_08,134925,Grocery,0,None,0.0,80.4,2.63,230.29,7.44,30644.96
2022-07-01,Store_08,134925,Grocery,0,None,0.0,81.1,2.55,229.65,7.29,31260.58
2022-07-08,Store_08,134925,Grocery,0,None,0.0,81.6,2.59,230.03,7.11,30961.99
2022-07-15,Store_08,134925,Grocery,0,None,0.08,84.3,2.61,230.19,7.31,34753.05
2022-07-22,Store_08,134925,Grocery,0,None,0.15,88.0,2.64,229.85,7.41,37209.68
2022-07-29,Store_08,134925,Grocery,0,None,0.0,79.9,2.65,230.92,7.29,28057.74
2022-08-05,Store_08,134925,Grocery,0,None,0.24,83.7,2.57,231.09,7.02,40047.49
2022-08-12,Store_08,134925,Grocery,0,None,0.21,80.8,2.56,231.16,7.11,38921.21
2022-08-19,Store_08,134925,Grocery,0,None,0.0,80.1,2.72,231.23,7.26,29676.92
2022-08-26,Store_08,134925,Grocery,0,None,0.15,73.9,2.69,230.83,7.05,32366.59
2022-09-02,Store_08,134925,Grocery,1,Labor_Day,0.0,77.2,2.65,231.52,7.15,33153.13
2022-09-09,Store_08,134925,Grocery,1,Labor_Day,0.0,73.6,2.78,231.75,7.17,32635.35
2022-09-16,Store_08,134925,Grocery,0,None,0.0,72.9,2.73,231.71,6.98,27443.5
2022-09-23,Store_08,134925,Grocery,0,None,0.0,72.9,2.81,232.23,7.05,26885.87
2022-09-30,Store_08,134925,Grocery,0,None,0.0,66.5,2.78,232.7,6.72,27850.81
2022-10-07,Store_08,134925,Grocery,0,None,0.06,68.7,2.91,233.64,6.92,27055.61
2022-10-14,Store_08,134925,Grocery,0,None,0.24,66.9,2.92,232.97,6.98,33012.62
2022-10-21,Store_08,134925,Grocery,0,None,0.05,63.3,2.85,233.21,6.87,26932.21
2022-10-28,Store_08,134925,Grocery,0,None,0.0,62.5,2.94,233.23,7.14,24328.45
2022-11-04,Store_08,134925,Grocery,0,None,0.28,57.9,2.95,232.5,6.82,35304.79
2022-11-11,Store_08,134925,Grocery,0,None,0.0,53.7,3.02,233.64,6.9,24145.1
2022-11-18,Store_08,134925,Grocery,0,None,0.0,50.5,2.94,233.88,6.94,25108.74
2022-11-25,Store_08,134925,Grocery,1,Thanksgiving_BlackFriday,0.0,39.6,3.06,235.27,7.06,33950.08
2022-12-02,Store_08,134925,Grocery,0,None,0.0,43.2,3.11,234.13,6.75,24106.48
2022-12-09,Store_08,134925,Grocery,0,None,0.0,43.7,3.0,234.57,7.0,22706.26
2022-12-16,Store_08,134925,Grocery,0,None,0.0,38.6,3.07,234.6,6.87,22560.6
2022-12-23,Store_08,134925,Grocery,1,Christmas_Holiday,0.24,37.8,3.06,234.22,6.75,38689.67
2022-12-30,Store_08,134925,Grocery,1,Christmas_Holiday,0.25,38.6,3.19,235.57,6.88,47292.25
2023-01-06,Store_08,134925,Grocery,0,None,0.0,35.5,3.27,235.57,6.84,25819.27
2023-01-13,Store_08,134925,Grocery,0,None,0.29,33.9,3.35,235.78,6.74,32659.67
2023-01-20,Store_08,134925,Grocery,0,None,0.0,40.8,3.31,235.12,6.79,25470.61
2023-01-27,Store_08,134925,Grocery,0,None,0.0,32.0,3.43,236.47,6.73,26603.65
2023-02-03,Store_08,134925,Grocery,0,None,0.0,32.9,3.31,235.26,6.76,25014.7
2023-02-10,Store_08,134925,Grocery,1,Super_Bowl,0.0,38.4,3.33,236.45,6.8,32138.06
2023-02-17,Store_08,134925,Grocery,0,None,0.0,43.5,3.44,237.44,6.88,27174.2
2023-02-24,Store_08,134925,Grocery,0,None,0.28,46.7,3.5,236.04,6.58,36309.37
2023-03-03,Store_08,134925,Grocery,0,None,0.0,42.5,3.51,236.45,6.9,27796.43
2023-03-10,Store_08,134925,Grocery,0,None,0.0,46.1,3.44,236.97,6.48,31008.29
2023-03-17,Store_08,134925,Grocery,0,None,0.0,44.2,3.57,236.86,6.64,27160.35
2023-03-24,Store_08,134925,Grocery,0,None,0.0,47.0,3.53,236.53,6.7,29092.05
2023-03-31,Store_08,134925,Grocery,1,Easter,0.08,52.0,3.66,237.53,6.65,40421.79
2023-04-07,Store_08,134925,Grocery,1,Easter,0.0,55.3,3.67,237.16,6.55,36578.61
2023-04-14,Store_08,134925,Grocery,1,Easter,0.0,60.4,3.63,238.12,6.57,34815.17
2023-04-21,Store_08,134925,Grocery,0,None,0.0,60.6,3.67,237.62,6.53,30790.54
2023-04-28,Store_08,134925,Grocery,0,None,0.0,63.2,3.66,239.04,6.5,33269.24
2023-05-05,Store_08,134925,Grocery,0,None,0.0,65.9,3.73,238.07,6.63,32855.81
2023-05-12,Store_08,134925,Grocery,0,None,0.0,67.8,3.79,238.49,6.56,29502.28
2023-05-19,Store_08,134925,Grocery,0,None,0.29,66.9,3.71,239.25,6.44,42966.24
2023-05-26,Store_08,134925,Grocery,0,None,0.0,72.5,3.8,238.42,6.59,28170.57
2023-06-02,Store_08,134925,Grocery,0,None,0.17,80.9,3.76,239.34,6.51,41085.62
2023-06-09,Store_08,134925,Grocery,0,None,0.29,78.1,3.75,240.08,6.55,42570.16
2023-06-16,Store_08,134925,Grocery,0,None,0.18,81.7,3.79,238.81,6.51,38789.6
2023-06-23,Store_08,134925,Grocery,0,None,0.0,79.1,3.75,239.9,6.35,33761.47
2023-06-30,Store_08,134925,Grocery,0,None,0.18,89.4,3.77,240.13,6.36,40019.95
2023-07-07,Store_08,134925,Grocery,0,None,0.0,87.1,3.74,240.58,6.48,33628.28
2023-07-14,Store_08,134925,Grocery,0,None,0.0,90.6,3.89,239.77,6.45,31262.35
2023-07-21,Store_08,134925,Grocery,0,None,0.06,85.8,3.79,239.92,6.37,36273.64
2023-07-28,Store_08,134925,Grocery,0,None,0.0,89.3,3.75,241.03,6.36,31891.74
2023-08-04,Store_08,134925,Grocery,0,None,0.0,78.5,3.78,241.11,6.46,31963.01
2023-08-11,Store_08,134925,Grocery,0,None,0.0,82.3,3.76,241.28,6.26,28810.84
2023-08-18,Store_08,134925,Grocery,0,None,0.0,81.4,3.74,241.52,6.36,29925.41
2023-08-25,Store_08,134925,Grocery,0,None,0.22,81.5,3.76,241.2,6.27,36587.92
2023-09-01,Store_08,134925,Grocery,1,Labor_Day,0.26,73.8,3.75,241.85,6.25,45116.97
2023-09-08,Store_08,134925,Grocery,1,Labor_Day,0.28,80.8,3.67,242.07,6.37,44643.68
2023-09-15,Store_08,134925,Grocery,0,None,0.0,74.4,3.64,241.76,6.32,28646.49
2023-09-22,Store_08,134925,Grocery,0,None,0.0,73.0,3.64,243.24,6.31,28977.86
2023-09-29,Store_08,134925,Grocery,0,None,0.0,64.9,3.51,242.74,6.34,27696.44
2023-10-06,Store_08,134925,Grocery,0,None,0.0,67.1,3.52,242.1,6.19,26045.52
2023-10-13,Store_08,134925,Grocery,0,None,0.0,65.9,3.64,243.21,6.24,28122.99
2023-10-20,Store_08,134925,Grocery,0,None,0.22,57.9,3.62,242.59,6.13,34283.02
2023-10-27,Store_08,134925,Grocery,0,None,0.22,55.6,3.5,243.66,6.18,32793.25
2023-11-03,Store_08,134925,Grocery,0,None,0.0,54.5,3.51,244.04,6.12,23911.47
2023-11-10,Store_08,134925,Grocery,0,None,0.0,54.1,3.46,243.24,6.12,24371.3
2023-11-17,Store_08,134925,Grocery,0,None,0.0,53.0,3.57,244.33,6.16,24504.78
2023-11-24,Store_08,134925,Grocery,1,Thanksgiving_BlackFriday,0.11,46.8,3.43,244.24,6.0,37300.58
2023-12-01,Store_08,134925,Grocery,0,None,0.0,46.0,3.34,244.64,6.27,25476.12
2023-12-08,Store_08,134925,Grocery,0,None,0.13,43.3,3.26,245.37,5.95,25806.12
2023-12-15,Store_08,134925,Grocery,0,None,0.0,37.0,3.19,244.49,5.91,24306.58
2023-12-22,Store_08,134925,Grocery,1,Christmas_Holiday,0.25,41.6,3.25,244.43,6.13,46847.16
2023-12-29,Store_08,134925,Grocery,1,Christmas_Holiday,0.12,34.5,3.16,244.56,6.08,40826.93
2021-01-01,Store_08,134925,Home_Garden,0,None,0.0,35.2,3.23,214.14,8.42,12517.49
2021-01-08,Store_08,134925,Home_Garden,0,None,0.0,35.7,3.27,214.91,8.48,13357.41
2021-01-15,Store_08,134925,Home_Garden,0,None,0.0,36.6,3.27,214.88,8.5,12232.19
2021-01-22,Store_08,134925,Home_Garden,0,None,0.0,37.1,3.26,215.73,8.48,12868.41
2021-01-29,Store_08,134925,Home_Garden,0,None,0.11,32.9,3.35,215.32,8.52,15059.58
2021-02-05,Store_08,134925,Home_Garden,1,Super_Bowl,0.0,37.9,3.34,215.26,8.42,14183.76
2021-02-12,Store_08,134925,Home_Garden,1,Super_Bowl,0.15,36.1,3.46,216.89,8.55,18289.59
2021-02-19,Store_08,134925,Home_Garden,0,None,0.0,39.9,3.44,216.23,8.36,13957.41
2021-02-26,Store_08,134925,Home_Garden,0,None,0.0,41.7,3.44,216.57,8.64,14501.71
2021-03-05,Store_08,134925,Home_Garden,0,None,0.0,40.2,3.49,216.02,8.42,13543.91
2021-03-12,Store_08,134925,Home_Garden,0,None,0.0,40.2,3.56,216.65,8.25,14169.73
2021-03-19,Store_08,134925,Home_Garden,0,None,0.27,44.8,3.54,217.17,8.22,21226.51
2021-03-26,Store_08,134925,Home_Garden,1,Easter,0.0,50.5,3.56,216.73,8.36,16026.88
2021-04-02,Store_08,134925,Home_Garden,1,Easter,0.13,51.2,3.64,217.69,8.27,20344.32
2021-04-09,Store_08,134925,Home_Garden,1,Easter,0.11,53.4,3.66,217.39,8.35,19548.62
2021-04-16,Store_08,134925,Home_Garden,0,None,0.0,54.7,3.65,217.74,8.31,20321.8
2021-04-23,Store_08,134925,Home_Garden,0,None,0.0,63.0,3.67,217.78,8.24,19884.54
2021-04-30,Store_08,134925,Home_Garden,0,None,0.0,61.3,3.73,219.2,8.14,19634.85
2021-05-07,Store_08,134925,Home_Garden,0,None,0.0,69.9,3.66,218.45,8.06,21792.06
2021-05-14,Store_08,134925,Home_Garden,0,None,0.0,65.8,3.68,218.12,8.15,23144.69
2021-05-21,Store_08,134925,Home_Garden,0,None,0.0,66.6,3.73,219.26,8.27,21915.8
2021-05-28,Store_08,134925,Home_Garden,0,None,0.0,72.7,3.76,218.43,8.18,20958.99
2021-06-04,Store_08,134925,Home_Garden,0,None,0.18,82.5,3.8,219.34,8.02,27600.73
2021-06-11,Store_08,134925,Home_Garden,0,None,0.0,75.1,3.86,218.44,8.15,20773.9
2021-06-18,Store_08,134925,Home_Garden,0,None,0.0,82.4,3.84,218.95,8.15,20968.94
2021-06-25,Store_08,134925,Home_Garden,0,None,0.0,76.4,3.79,219.91,8.01,20182.72
2021-07-02,Store_08,134925,Home_Garden,0,None,0.0,86.3,3.8,220.37,8.1,22060.81
2021-07-09,Store_08,134925,Home_Garden,0,None,0.0,79.3,3.75,220.28,8.07,21754.06
2021-07-16,Store_08,134925,Home_Garden,0,None,0.13,89.7,3.79,220.33,7.94,25127.22
2021-07-23,Store_08,134925,Home_Garden,0,None,0.0,81.0,3.78,220.43,8.07,17000.93
2021-07-30,Store_08,134925,Home_Garden,0,None,0.29,84.9,3.8,220.03,8.08,22108.92
2021-08-06,Store_08,134925,Home_Garden,0,None,0.0,81.2,3.73,220.6,8.11,15266.7
2021-08-13,Store_08,134925,Home_Garden,0,None,0.0,87.0,3.79,220.92,8.09,15524.35
2021-08-20,Store_08,134925,Home_Garden,0,None,0.26,83.4,3.82,221.87,7.83,22185.98
2021-08-27,Store_08,134925,Home_Garden,0,None,0.0,84.0,3.73,221.71,7.86,14827.26
2021-09-03,Store_08,134925,Home_Garden,1,Labor_Day,0.17,79.8,3.73,220.85,7.99,20758.22
2021-09-10,Store_08,134925,Home_Garden,1,Labor_Day,0.0,76.2,3.73,222.09,7.97,16664.13
2021-09-17,Store_08,134925,Home_Garden,0,None,0.0,70.8,3.65,221.92,7.96,14581.6
2021-09-24,Store_08,134925,Home_Garden,0,None,0.26,71.1,3.66,221.97,8.28,19353.44
2021-10-01,Store_08,134925,Home_Garden,0,None,0.0,71.7,3.62,222.81,7.93,14090.93
2021-10-08,Store_08,134925,Home_Garden,0,None,0.0,64.2,3.6,223.21,7.97,13839.14
2021-10-15,Store_08,134925,Home_Garden,0,None,0.17,57.9,3.53,223.35,7.94,17375.48
2021-10-22,Store_08,134925,Home_Garden,0,None,0.25,64.0,3.54,222.66,7.89,17697.45
2021-10-29,Store_08,134925,Home_Garden,0,None,0.0,55.8,3.54,223.11,7.78,12611.1
2021-11-05,Store_08,134925,Home_Garden,0,None,0.0,52.8,3.55,223.63,7.87,12763.41
2021-11-12,Store_08,134925,Home_Garden,0,None,0.0,52.5,3.49,224.14,7.7,12690.45
2021-11-19,Store_08,134925,Home_Garden,0,None,0.0,53.4,3.52,223.61,7.74,12788.57
2021-11-26,Store_08,134925,Home_Garden,1,Thanksgiving_BlackFriday,0.0,49.2,3.34,223.95,7.7,15223.36
2021-12-03,Store_08,134925,Home_Garden,0,None,0.0,48.1,3.39,223.68,7.74,11797.98
2021-12-10,Store_08,134925,Home_Garden,0,None,0.0,40.2,3.32,223.82,7.95,12757.01
2021-12-17,Store_08,134925,Home_Garden,0,None,0.0,38.1,3.38,225.02,7.51,11605.54
2021-12-24,Store_08,134925,Home_Garden,1,Christmas_Holiday,0.2,41.1,3.2,225.49,7.75,20801.87
2021-12-31,Store_08,134925,Home_Garden,1,Christmas_Holiday,0.0,42.1,3.16,224.96,7.51,16512.08
2022-01-07,Store_08,134925,Home_Garden,0,None,0.18,34.5,3.13,225.69,7.6,18464.79
2022-01-14,Store_08,134925,Home_Garden,0,None,0.0,37.2,3.02,225.57,7.74,12836.22
2022-01-21,Store_08,134925,Home_Garden,0,None,0.0,32.6,3.07,225.25,7.63,13272.26
2022-01-28,Store_08,134925,Home_Garden,0,None,0.0,31.3,3.02,225.95,7.49,13767.02
2022-02-04,Store_08,134925,Home_Garden,0,None,0.0,32.8,3.03,226.73,7.52,13547.19
2022-02-11,Store_08,134925,Home_Garden,1,Super_Bowl,0.0,35.8,3.0,226.14,7.64,14040.24
2022-02-18,Store_08,134925,Home_Garden,0,None,0.0,38.7,3.05,227.13,7.48,13842.56
2022-02-25,Store_08,134925,Home_Garden,0,None,0.0,38.7,2.97,225.23,7.56,14168.3
2022-03-04,Store_08,134925,Home_Garden,0,None,0.25,39.8,2.86,227.14,7.53,20560.58
2022-03-11,Store_08,134925,Home_Garden,0,None,0.0,43.2,2.81,226.97,7.44,13893.63
2022-03-18,Store_08,134925,Home_Garden,0,None,0.0,43.8,2.85,226.97,7.7,14914.31
2022-03-25,Store_08,134925,Home_Garden,1,Easter,0.24,48.1,2.74,227.35,7.54,25275.62
2022-04-01,Store_08,134925,Home_Garden,1,Easter,0.0,51.9,2.87,226.51,7.26,17304.75
2022-04-08,Store_08,134925,Home_Garden,1,Easter,0.18,58.4,2.81,227.58,7.46,25165.58
2022-04-15,Store_08,134925,Home_Garden,1,Easter,0.21,57.1,2.7,228.06,7.36,34719.32
2022-04-22,Store_08,134925,Home_Garden,0,None,0.0,57.6,2.62,228.82,7.5,20305.54
2022-04-29,Store_08,134925,Home_Garden,0,None,0.0,62.1,2.75,228.01,7.31,20366.55
2022-05-06,Store_08,134925,Home_Garden,0,None,0.22,65.8,2.66,228.06,7.37,27641.01
2022-05-13,Store_08,134925,Home_Garden,0,None,0.0,69.7,2.71,228.4,7.41,22725.45
2022-05-20,Store_08,134925,Home_Garden,0,None,0.0,69.9,2.56,229.3,7.43,22134.56
2022-05-27,Store_08,134925,Home_Garden,0,None,0.0,74.4,2.6,229.2,7.21,22016.02
2022-06-03,Store_08,134925,Home_Garden,0,None,0.0,74.8,2.62,228.97,7.28,21275.3
2022-06-10,Store_08,134925,Home_Garden,0,None,0.0,80.4,2.61,229.68,7.25,22885.11
2022-06-17,Store_08,134925,Home_Garden,0,None,0.0,76.2,2.58,229.66,7.22,21358.16
2022-06-24,Store_08,134925,Home_Garden,0,None,0.0,80.2,2.63,230.29,7.44,20480.28
2022-07-01,Store_08,134925,Home_Garden,0,None,0.0,80.0,2.55,229.65,7.29,23381.06
2022-07-08,Store_08,134925,Home_Garden,0,None,0.0,87.4,2.59,230.03,7.11,21968.45
2022-07-15,Store_08,134925,Home_Garden,0,None,0.0,85.8,2.61,230.19,7.31,20191.72
2022-07-22,Store_08,134925,Home_Garden,0,None,0.16,83.4,2.64,229.85,7.41,21685.72
2022-07-29,Store_08,134925,Home_Garden,0,None,0.0,85.4,2.65,230.92,7.29,16682.08
2022-08-05,Store_08,134925,Home_Garden,0,None,0.0,82.3,2.57,231.09,7.02,15804.94
2022-08-12,Store_08,134925,Home_Garden,0,None,0.0,79.8,2.56,231.16,7.11,16068.07
2022-08-19,Store_08,134925,Home_Garden,0,None,0.0,85.0,2.72,231.23,7.26,16015.94
2022-08-26,Store_08,134925,Home_Garden,0,None,0.1,80.7,2.69,230.83,7.05,17699.18
2022-09-02,Store_08,134925,Home_Garden,1,Labor_Day,0.06,77.9,2.65,231.52,7.15,18027.17
2022-09-09,Store_08,134925,Home_Garden,1,Labor_Day,0.17,77.2,2.78,231.75,7.17,21073.43
2022-09-16,Store_08,134925,Home_Garden,0,None,0.0,75.8,2.73,231.71,6.98,14579.51
2022-09-23,Store_08,134925,Home_Garden,0,None,0.0,71.9,2.81,232.23,7.05,13609.59
2022-09-30,Store_08,134925,Home_Garden,0,None,0.0,67.5,2.78,232.7,6.72,13116.84
2022-10-07,Store_08,134925,Home_Garden,0,None,0.13,64.6,2.91,233.64,6.92,16299.81
2022-10-14,Store_08,134925,Home_Garden,0,None,0.29,63.1,2.92,232.97,6.98,19499.13
2022-10-21,Store_08,134925,Home_Garden,0,None,0.0,60.2,2.85,233.21,6.87,13389.98
2022-10-28,Store_08,134925,Home_Garden,0,None,0.0,56.8,2.94,233.23,7.14,13856.87
2022-11-04,Store_08,134925,Home_Garden,0,None,0.23,56.5,2.95,232.5,6.82,17671.66
2022-11-11,Store_08,134925,Home_Garden,0,None,0.0,48.5,3.02,233.64,6.9,13140.16
2022-11-18,Store_08,134925,Home_Garden,0,None,0.17,48.4,2.94,233.88,6.94,16454.86
2022-11-25,Store_08,134925,Home_Garden,1,Thanksgiving_BlackFriday,0.11,44.1,3.06,235.27,7.06,17664.35
2022-12-02,Store_08,134925,Home_Garden,0,None,0.0,44.9,3.11,234.13,6.75,12768.68
2022-12-09,Store_08,134925,Home_Garden,0,None,0.08,41.1,3.0,234.57,7.0,13816.05
2022-12-16,Store_08,134925,Home_Garden,0,None,0.0,42.7,3.07,234.6,6.87,12539.6
2022-12-23,Store_08,134925,Home_Garden,1,Christmas_Holiday,0.0,33.6,3.06,234.22,6.75,16193.15
2022-12-30,Store_08,134925,Home_Garden,1,Christmas_Holiday,0.0,38.9,3.19,235.57,6.88,15728.68
2023-01-06,Store_08,134925,Home_Garden,0,None,0.0,33.3,3.27,235.57,6.84,13049.77
2023-01-13,Store_08,134925,Home_Garden,0,None,0.0,35.6,3.35,235.78,6.74,14188.46
2023-01-20,Store_08,134925,Home_Garden,0,None,0.0,32.9,3.31,235.12,6.79,14342.78
2023-01-27,Store_08,134925,Home_Garden,0,None,0.0,37.4,3.43,236.47,6.73,14107.79
2023-02-03,Store_08,134925,Home_Garden,0,None,0.0,35.6,3.31,235.26,6.76,13656.31
2023-02-10,Store_08,134925,Home_Garden,1,Super_Bowl,0.0,34.7,3.33,236.45,6.8,15965.94
2023-02-17,Store_08,134925,Home_Garden,0,None,0.0,39.5,3.44,237.44,6.88,15302.87
2023-02-24,Store_08,134925,Home_Garden,0,None,0.0,43.9,3.5,236.04,6.58,15038.36
2023-03-03,Store_08,134925,Home_Garden,0,None,0.0,38.2,3.51,236.45,6.9,15087.48
2023-03-10,Store_08,134925,Home_Garden,0,None,0.0,42.3,3.44,236.97,6.48,15519.12
2023-03-17,Store_08,134925,Home_Garden,0,None,0.23,45.5,3.57,236.86,6.64,21261.74
2023-03-24,Store_08,134925,Home_Garden,0,None,0.0,46.7,3.53,236.53,6.7,16785.68
2023-03-31,Store_08,134925,Home_Garden,1,Easter,0.0,52.5,3.66,237.53,6.65,18555.42
2023-04-07,Store_08,134925,Home_Garden,1,Easter,0.0,54.6,3.67,237.16,6.55,17842.51
2023-04-14,Store_08,134925,Home_Garden,1,Easter,0.23,55.6,3.63,238.12,6.57,34068.01
2023-04-21,Store_08,134925,Home_Garden,0,None,0.0,57.3,3.67,237.62,6.53,22533.03
2023-04-28,Store_08,134925,Home_Garden,0,None,0.0,59.5,3.66,239.04,6.5,23196.54
2023-05-05,Store_08,134925,Home_Garden,0,None,0.28,60.6,3.73,238.07,6.63,33104.99
2023-05-12,Store_08,134925,Home_Garden,0,None,0.27,67.7,3.79,238.49,6.56,33541.73
2023-05-19,Store_08,134925,Home_Garden,0,None,0.0,78.8,3.71,239.25,6.44,22285.43
2023-05-26,Store_08,134925,Home_Garden,0,None,0.0,67.2,3.8,238.42,6.59,23090.46
2023-06-02,Store_08,134925,Home_Garden,0,None,0.0,78.6,3.76,239.34,6.51,23056.92
2023-06-09,Store_08,134925,Home_Garden,0,None,0.0,82.1,3.75,240.08,6.55,22288.61
2023-06-16,Store_08,134925,Home_Garden,0,None,0.14,86.7,3.79,238.81,6.51,29275.64
2023-06-23,Store_08,134925,Home_Garden,0,None,0.0,83.6,3.75,239.9,6.35,24534.54
2023-06-30,Store_08,134925,Home_Garden,0,None,0.0,85.1,3.77,240.13,6.36,24587.69
2023-07-07,Store_08,134925,Home_Garden,0,None,0.0,82.0,3.74,240.58,6.48,22336.01
2023-07-14,Store_08,134925,Home_Garden,0,None,0.0,86.0,3.89,239.77,6.45,22431.69
2023-07-21,Store_08,134925,Home_Garden,0,None,0.0,90.1,3.79,239.92,6.37,17168.68
2023-07-28,Store_08,134925,Home_Garden,0,None,0.19,82.0,3.75,241.03,6.36,23090.7
2023-08-04,Store_08,134925,Home_Garden,0,None,0.0,84.7,3.78,241.11,6.46,16968.29
2023-08-11,Store_08,134925,Home_Garden,0,None,0.0,82.5,3.76,241.28,6.26,15662.69
2023-08-18,Store_08,134925,Home_Garden,0,None,0.0,83.2,3.74,241.52,6.36,16064.57
2023-08-25,Store_08,134925,Home_Garden,0,None,0.0,81.6,3.76,241.2,6.27,15096.82
2023-09-01,Store_08,134925,Home_Garden,1,Labor_Day,0.0,78.6,3.75,241.85,6.25,16584.49
2023-09-08,Store_08,134925,Home_Garden,1,Labor_Day,0.1,79.6,3.67,242.07,6.37,18970.07
2023-09-15,Store_08,134925,Home_Garden,0,None,0.15,73.2,3.64,241.76,6.32,19031.9
2023-09-22,Store_08,134925,Home_Garden,0,None,0.0,71.2,3.64,243.24,6.31,13774.73
2023-09-29,Store_08,134925,Home_Garden,0,None,0.0,61.6,3.51,242.74,6.34,14195.02
2023-10-06,Store_08,134925,Home_Garden,0,None,0.0,61.9,3.52,242.1,6.19,15186.37
2023-10-13,Store_08,134925,Home_Garden,0,None,0.0,63.5,3.64,243.21,6.24,14373.84
2023-10-20,Store_08,134925,Home_Garden,0,None,0.0,65.0,3.62,242.59,6.13,14272.05
2023-10-27,Store_08,134925,Home_Garden,0,None,0.0,56.3,3.5,243.66,6.18,14387.77
2023-11-03,Store_08,134925,Home_Garden,0,None,0.29,57.8,3.51,244.04,6.12,20009.46
2023-11-10,Store_08,134925,Home_Garden,0,None,0.0,48.3,3.46,243.24,6.12,14348.74
2023-11-17,Store_08,134925,Home_Garden,0,None,0.0,44.6,3.57,244.33,6.16,13346.8
2023-11-24,Store_08,134925,Home_Garden,1,Thanksgiving_BlackFriday,0.1,45.7,3.43,244.24,6.0,19619.78
2023-12-01,Store_08,134925,Home_Garden,0,None,0.0,43.5,3.34,244.64,6.27,12948.72
2023-12-08,Store_08,134925,Home_Garden,0,None,0.0,37.9,3.26,245.37,5.95,12398.97
2023-12-15,Store_08,134925,Home_Garden,0,None,0.0,39.0,3.19,244.49,5.91,12738.39
2023-12-22,Store_08,134925,Home_Garden,1,Christmas_Holiday,0.0,37.3,3.25,244.43,6.13,16786.09
2023-12-29,Store_08,134925,Home_Garden,1,Christmas_Holiday,0.19,34.7,3.16,244.56,6.08,21018.31
2021-01-01,Store_08,134925,Pharmacy,0,None,0.0,30.3,3.23,214.14,8.42,10102.86
2021-01-08,Store_08,134925,Pharmacy,0,None,0.0,32.5,3.27,214.91,8.48,10382.67
2021-01-15,Store_08,134925,Pharmacy,0,None,0.0,32.4,3.27,214.88,8.5,10887.62
2021-01-22,Store_08,134925,Pharmacy,0,None,0.0,34.2,3.26,215.73,8.48,10216.27
2021-01-29,Store_08,134925,Pharmacy,0,None,0.0,36.0,3.35,215.32,8.52,10333.67
2021-02-05,Store_08,134925,Pharmacy,1,Super_Bowl,0.07,35.6,3.34,215.26,8.42,12309.52
2021-02-12,Store_08,134925,Pharmacy,1,Super_Bowl,0.22,37.3,3.46,216.89,8.55,11522.58
2021-02-19,Store_08,134925,Pharmacy,0,None,0.0,36.5,3.44,216.23,8.36,10191.35
2021-02-26,Store_08,134925,Pharmacy,0,None,0.0,35.8,3.44,216.57,8.64,11320.02
2021-03-05,Store_08,134925,Pharmacy,0,None,0.0,47.3,3.49,216.02,8.42,11137.79
2021-03-12,Store_08,134925,Pharmacy,0,None,0.0,40.1,3.56,216.65,8.25,11626.59
2021-03-19,Store_08,134925,Pharmacy,0,None,0.22,47.7,3.54,217.17,8.22,13183.86
2021-03-26,Store_08,134925,Pharmacy,1,Easter,0.24,45.1,3.56,216.73,8.36,15357.69
2021-04-02,Store_08,134925,Pharmacy,1,Easter,0.0,55.9,3.64,217.69,8.27,12464.45
2021-04-09,Store_08,134925,Pharmacy,1,Easter,0.0,49.4,3.66,217.39,8.35,13442.18
2021-04-16,Store_08,134925,Pharmacy,0,None,0.0,58.7,3.65,217.74,8.31,12286.29
2021-04-23,Store_08,134925,Pharmacy,0,None,0.0,64.5,3.67,217.78,8.24,12938.62
2021-04-30,Store_08,134925,Pharmacy,0,None,0.22,62.8,3.73,219.2,8.14,14138.14
2021-05-07,Store_08,134925,Pharmacy,0,None,0.25,66.8,3.66,218.45,8.06,15082.57
2021-05-14,Store_08,134925,Pharmacy,0,None,0.0,67.7,3.68,218.12,8.15,12494.05
2021-05-21,Store_08,134925,Pharmacy,0,None,0.0,74.2,3.73,219.26,8.27,13714.9
2021-05-28,Store_08,134925,Pharmacy,0,None,0.0,74.6,3.76,218.43,8.18,12897.56
2021-06-04,Store_08,134925,Pharmacy,0,None,0.0,78.2,3.8,219.34,8.02,13796.74
2021-06-11,Store_08,134925,Pharmacy,0,None,0.0,79.5,3.86,218.44,8.15,13287.72
2021-06-18,Store_08,134925,Pharmacy,0,None,0.0,81.6,3.84,218.95,8.15,12635.97
2021-06-25,Store_08,134925,Pharmacy,0,None,0.0,84.4,3.79,219.91,8.01,14241.45
2021-07-02,Store_08,134925,Pharmacy,0,None,0.0,76.5,3.8,220.37,8.1,13408.18
2021-07-09,Store_08,134925,Pharmacy,0,None,0.0,87.9,3.75,220.28,8.07,13284.31
2021-07-16,Store_08,134925,Pharmacy,0,None,0.0,87.4,3.79,220.33,7.94,12736.78
2021-07-23,Store_08,134925,Pharmacy,0,None,0.08,83.4,3.78,220.43,8.07,12913.23
2021-07-30,Store_08,134925,Pharmacy,0,None,0.0,84.2,3.8,220.03,8.08,12977.23
2021-08-06,Store_08,134925,Pharmacy,0,None,0.0,82.6,3.73,220.6,8.11,12419.15
2021-08-13,Store_08,134925,Pharmacy,0,None,0.0,84.4,3.79,220.92,8.09,11881.65
2021-08-20,Store_08,134925,Pharmacy,0,None,0.0,85.2,3.82,221.87,7.83,12779.96
2021-08-27,Store_08,134925,Pharmacy,0,None,0.0,81.1,3.73,221.71,7.86,13235.98
2021-09-03,Store_08,134925,Pharmacy,1,Labor_Day,0.0,79.8,3.73,220.85,7.99,12292.19
2021-09-10,Store_08,134925,Pharmacy,1,Labor_Day,0.0,76.3,3.73,222.09,7.97,12403.63
2021-09-17,Store_08,134925,Pharmacy,0,None,0.0,76.3,3.65,221.92,7.96,10942.42
2021-09-24,Store_08,134925,Pharmacy,0,None,0.0,69.8,3.66,221.97,8.28,10670.97
2021-10-01,Store_08,134925,Pharmacy,0,None,0.0,70.9,3.62,222.81,7.93,10341.17
2021-10-08,Store_08,134925,Pharmacy,0,None,0.0,65.4,3.6,223.21,7.97,10454.74
2021-10-15,Store_08,134925,Pharmacy,0,None,0.0,62.2,3.53,223.35,7.94,10264.68
2021-10-22,Store_08,134925,Pharmacy,0,None,0.0,60.3,3.54,222.66,7.89,10539.08
2021-10-29,Store_08,134925,Pharmacy,0,None,0.0,55.4,3.54,223.11,7.78,10572.24
2021-11-05,Store_08,134925,Pharmacy,0,None,0.0,52.1,3.55,223.63,7.87,9928.96
2021-11-12,Store_08,134925,Pharmacy,0,None,0.0,47.7,3.49,224.14,7.7,9983.34
2021-11-19,Store_08,134925,Pharmacy,0,None,0.0,47.5,3.52,223.61,7.74,10207.11
2021-11-26,Store_08,134925,Pharmacy,1,Thanksgiving_BlackFriday,0.0,50.1,3.34,223.95,7.7,11458.89
2021-12-03,Store_08,134925,Pharmacy,0,None,0.0,40.8,3.39,223.68,7.74,9854.28
2021-12-10,Store_08,134925,Pharmacy,0,None,0.0,39.3,3.32,223.82,7.95,10106.49
2021-12-17,Store_08,134925,Pharmacy,0,None,0.0,38.5,3.38,225.02,7.51,10428.4
2021-12-24,Store_08,134925,Pharmacy,1,Christmas_Holiday,0.0,36.5,3.2,225.49,7.75,11843.64
2021-12-31,Store_08,134925,Pharmacy,1,Christmas_Holiday,0.14,36.1,3.16,224.96,7.51,12042.1
2022-01-07,Store_08,134925,Pharmacy,0,None,0.0,34.7,3.13,225.69,7.6,10331.53
2022-01-14,Store_08,134925,Pharmacy,0,None,0.06,36.4,3.02,225.57,7.74,10737.05
2022-01-21,Store_08,134925,Pharmacy,0,None,0.0,33.9,3.07,225.25,7.63,11139.35
2022-01-28,Store_08,134925,Pharmacy,0,None,0.0,38.2,3.02,225.95,7.49,10827.88
2022-02-04,Store_08,134925,Pharmacy,0,None,0.0,37.9,3.03,226.73,7.52,10967.38
2022-02-11,Store_08,134925,Pharmacy,1,Super_Bowl,0.21,39.8,3.0,226.14,7.64,12801.81
2022-02-18,Store_08,134925,Pharmacy,0,None,0.0,35.5,3.05,227.13,7.48,11205.21
2022-02-25,Store_08,134925,Pharmacy,0,None,0.0,34.9,2.97,225.23,7.56,11204.71
2022-03-04,Store_08,134925,Pharmacy,0,None,0.0,44.7,2.86,227.14,7.53,11175.26
2022-03-11,Store_08,134925,Pharmacy,0,None,0.09,45.4,2.81,226.97,7.44,12655.76
2022-03-18,Store_08,134925,Pharmacy,0,None,0.0,47.4,2.85,226.97,7.7,13086.69
2022-03-25,Store_08,134925,Pharmacy,1,Easter,0.11,47.0,2.74,227.35,7.54,15028.24
2022-04-01,Store_08,134925,Pharmacy,1,Easter,0.24,48.2,2.87,226.51,7.26,16113.42
2022-04-08,Store_08,134925,Pharmacy,1,Easter,0.22,52.6,2.81,227.58,7.46,16045.29
2022-04-15,Store_08,134925,Pharmacy,1,Easter,0.22,55.0,2.7,228.06,7.36,14845.12
2022-04-22,Store_08,134925,Pharmacy,0,None,0.0,62.9,2.62,228.82,7.5,13683.63
2022-04-29,Store_08,134925,Pharmacy,0,None,0.0,62.2,2.75,228.01,7.31,13739.0
2022-05-06,Store_08,134925,Pharmacy,0,None,0.0,66.7,2.66,228.06,7.37,13748.07
2022-05-13,Store_08,134925,Pharmacy,0,None,0.0,70.1,2.71,228.4,7.41,13382.75
2022-05-20,Store_08,134925,Pharmacy,0,None,0.0,70.9,2.56,229.3,7.43,14658.87
2022-05-27,Store_08,134925,Pharmacy,0,None,0.0,71.1,2.6,229.2,7.21,14096.08
2022-06-03,Store_08,134925,Pharmacy,0,None,0.06,75.3,2.62,228.97,7.28,13851.45
2022-06-10,Store_08,134925,Pharmacy,0,None,0.0,78.7,2.61,229.68,7.25,13517.97
2022-06-17,Store_08,134925,Pharmacy,0,None,0.0,81.7,2.58,229.66,7.22,13555.87
2022-06-24,Store_08,134925,Pharmacy,0,None,0.0,81.9,2.63,230.29,7.44,13433.44
2022-07-01,Store_08,134925,Pharmacy,0,None,0.0,86.9,2.55,229.65,7.29,13611.58
2022-07-08,Store_08,134925,Pharmacy,0,None,0.23,84.8,2.59,230.03,7.11,16836.35
2022-07-15,Store_08,134925,Pharmacy,0,None,0.0,84.9,2.61,230.19,7.31,13445.62
2022-07-22,Store_08,134925,Pharmacy,0,None,0.0,81.9,2.64,229.85,7.41,13763.73
2022-07-29,Store_08,134925,Pharmacy,0,None,0.0,85.0,2.65,230.92,7.29,12024.48
2022-08-05,Store_08,134925,Pharmacy,0,None,0.0,78.0,2.57,231.09,7.02,13219.01
2022-08-12,Store_08,134925,Pharmacy,0,None,0.0,83.5,2.56,231.16,7.11,12830.96
2022-08-19,Store_08,134925,Pharmacy,0,None,0.0,76.8,2.72,231.23,7.26,13057.83
2022-08-26,Store_08,134925,Pharmacy,0,None,0.06,86.0,2.69,230.83,7.05,12428.58
2022-09-02,Store_08,134925,Pharmacy,1,Labor_Day,0.25,73.1,2.65,231.52,7.15,15397.57
2022-09-09,Store_08,134925,Pharmacy,1,Labor_Day,0.06,75.8,2.78,231.75,7.17,12255.64
2022-09-16,Store_08,134925,Pharmacy,0,None,0.0,74.0,2.73,231.71,6.98,11649.15
2022-09-23,Store_08,134925,Pharmacy,0,None,0.0,71.2,2.81,232.23,7.05,11088.98
2022-09-30,Store_08,134925,Pharmacy,0,None,0.0,68.2,2.78,232.7,6.72,10632.23
2022-10-07,Store_08,134925,Pharmacy,0,None,0.0,66.0,2.91,233.64,6.92,11339.03
2022-10-14,Store_08,134925,Pharmacy,0,None,0.0,58.3,2.92,232.97,6.98,11074.33
2022-10-21,Store_08,134925,Pharmacy,0,None,0.21,62.3,2.85,233.21,6.87,12221.86
2022-10-28,Store_08,134925,Pharmacy,0,None,0.09,55.5,2.94,233.23,7.14,11751.19
2022-11-04,Store_08,134925,Pharmacy,0,None,0.3,60.1,2.95,232.5,6.82,12306.85
2022-11-11,Store_08,134925,Pharmacy,0,None,0.2,50.6,3.02,233.64,6.9,11868.09
2022-11-18,Store_08,134925,Pharmacy,0,None,0.0,49.4,2.94,233.88,6.94,9390.25
2022-11-25,Store_08,134925,Pharmacy,1,Thanksgiving_BlackFriday,0.0,40.6,3.06,235.27,7.06,11848.17
2022-12-02,Store_08,134925,Pharmacy,0,None,0.16,42.4,3.11,234.13,6.75,12436.73
2022-12-09,Store_08,134925,Pharmacy,0,None,0.0,42.0,3.0,234.57,7.0,9861.65
2022-12-16,Store_08,134925,Pharmacy,0,None,0.0,31.3,3.07,234.6,6.87,10408.15
2022-12-23,Store_08,134925,Pharmacy,1,Christmas_Holiday,0.0,40.4,3.06,234.22,6.75,10966.35
2022-12-30,Store_08,134925,Pharmacy,1,Christmas_Holiday,0.16,38.6,3.19,235.57,6.88,12545.41
2023-01-06,Store_08,134925,Pharmacy,0,None,0.0,37.3,3.27,235.57,6.84,10918.25
2023-01-13,Store_08,134925,Pharmacy,0,None,0.0,30.5,3.35,235.78,6.74,10901.7
2023-01-20,Store_08,134925,Pharmacy,0,None,0.22,32.9,3.31,235.12,6.79,13258.34
2023-01-27,Store_08,134925,Pharmacy,0,None,0.25,36.8,3.43,236.47,6.73,13536.12
2023-02-03,Store_08,134925,Pharmacy,0,None,0.0,39.3,3.31,235.26,6.76,11647.31
2023-02-10,Store_08,134925,Pharmacy,1,Super_Bowl,0.0,39.5,3.33,236.45,6.8,11819.32
2023-02-17,Store_08,134925,Pharmacy,0,None,0.19,42.1,3.44,237.44,6.88,12903.48
2023-02-24,Store_08,134925,Pharmacy,0,None,0.15,35.1,3.5,236.04,6.58,13267.33
2023-03-03,Store_08,134925,Pharmacy,0,None,0.17,45.4,3.51,236.45,6.9,13483.81
2023-03-10,Store_08,134925,Pharmacy,0,None,0.0,37.9,3.44,236.97,6.48,12697.19
2023-03-17,Store_08,134925,Pharmacy,0,None,0.0,47.1,3.57,236.86,6.64,12562.88
2023-03-24,Store_08,134925,Pharmacy,0,None,0.17,44.4,3.53,236.53,6.7,14359.51
2023-03-31,Store_08,134925,Pharmacy,1,Easter,0.0,48.1,3.66,237.53,6.65,13540.55
2023-04-07,Store_08,134925,Pharmacy,1,Easter,0.11,54.5,3.67,237.16,6.55,15071.49
2023-04-14,Store_08,134925,Pharmacy,1,Easter,0.0,55.4,3.63,238.12,6.57,13663.45
2023-04-21,Store_08,134925,Pharmacy,0,None,0.0,60.3,3.67,237.62,6.53,13678.01
2023-04-28,Store_08,134925,Pharmacy,0,None,0.0,63.3,3.66,239.04,6.5,13156.44
2023-05-05,Store_08,134925,Pharmacy,0,None,0.23,61.4,3.73,238.07,6.63,15574.12
2023-05-12,Store_08,134925,Pharmacy,0,None,0.07,70.8,3.79,238.49,6.56,14551.69
2023-05-19,Store_08,134925,Pharmacy,0,None,0.0,72.3,3.71,239.25,6.44,13643.66
2023-05-26,Store_08,134925,Pharmacy,0,None,0.0,69.4,3.8,238.42,6.59,13950.91
2023-06-02,Store_08,134925,Pharmacy,0,None,0.0,77.3,3.76,239.34,6.51,13431.1
2023-06-09,Store_08,134925,Pharmacy,0,None,0.22,78.9,3.75,240.08,6.55,16257.94
2023-06-16,Store_08,134925,Pharmacy,0,None,0.0,85.7,3.79,238.81,6.51,15342.85
2023-06-23,Store_08,134925,Pharmacy,0,None,0.0,84.1,3.75,239.9,6.35,13460.78
2023-06-30,Store_08,134925,Pharmacy,0,None,0.0,85.2,3.77,240.13,6.36,12988.88
2023-07-07,Store_08,134925,Pharmacy,0,None,0.0,78.2,3.74,240.58,6.48,13320.89
2023-07-14,Store_08,134925,Pharmacy,0,None,0.0,83.6,3.89,239.77,6.45,14178.81
2023-07-21,Store_08,134925,Pharmacy,0,None,0.0,82.4,3.79,239.92,6.37,13291.7
2023-07-28,Store_08,134925,Pharmacy,0,None,0.0,89.8,3.75,241.03,6.36,13511.68
2023-08-04,Store_08,134925,Pharmacy,0,None,0.0,87.7,3.78,241.11,6.46,14008.74
2023-08-11,Store_08,134925,Pharmacy,0,None,0.0,85.1,3.76,241.28,6.26,12721.57
2023-08-18,Store_08,134925,Pharmacy,0,None,0.0,78.2,3.74,241.52,6.36,12995.55
2023-08-25,Store_08,134925,Pharmacy,0,None,0.0,78.7,3.76,241.2,6.27,13176.59
2023-09-01,Store_08,134925,Pharmacy,1,Labor_Day,0.0,77.9,3.75,241.85,6.25,12258.59
2023-09-08,Store_08,134925,Pharmacy,1,Labor_Day,0.0,78.6,3.67,242.07,6.37,11933.0
2023-09-15,Store_08,134925,Pharmacy,0,None,0.19,70.9,3.64,241.76,6.32,14342.48
2023-09-22,Store_08,134925,Pharmacy,0,None,0.0,67.8,3.64,243.24,6.31,11542.12
2023-09-29,Store_08,134925,Pharmacy,0,None,0.0,68.6,3.51,242.74,6.34,11417.18
2023-10-06,Store_08,134925,Pharmacy,0,None,0.0,66.0,3.52,242.1,6.19,11578.11
2023-10-13,Store_08,134925,Pharmacy,0,None,0.0,64.4,3.64,243.21,6.24,11407.31
2023-10-20,Store_08,134925,Pharmacy,0,None,0.0,57.3,3.62,242.59,6.13,11468.36
2023-10-27,Store_08,134925,Pharmacy,0,None,0.0,57.5,3.5,243.66,6.18,11129.32
2023-11-03,Store_08,134925,Pharmacy,0,None,0.0,52.9,3.51,244.04,6.12,11960.86
2023-11-10,Store_08,134925,Pharmacy,0,None,0.0,54.1,3.46,243.24,6.12,10947.73
2023-11-17,Store_08,134925,Pharmacy,0,None,0.17,46.7,3.57,244.33,6.16,11520.74
2023-11-24,Store_08,134925,Pharmacy,1,Thanksgiving_BlackFriday,0.0,46.6,3.43,244.24,6.0,11429.68
2023-12-01,Store_08,134925,Pharmacy,0,None,0.0,45.7,3.34,244.64,6.27,10577.46
2023-12-08,Store_08,134925,Pharmacy,0,None,0.0,41.4,3.26,245.37,5.95,10303.78
2023-12-15,Store_08,134925,Pharmacy,0,None,0.0,39.0,3.19,244.49,5.91,10394.64
2023-12-22,Store_08,134925,Pharmacy,1,Christmas_Holiday,0.08,37.9,3.25,244.43,6.13,13459.84
2023-12-29,Store_08,134925,Pharmacy,1,Christmas_Holiday,0.05,34.5,3.16,244.56,6.08,11712.59
2021-01-01,Store_09,75311,Apparel,0,None,0.0,35.6,3.23,214.14,8.42,21349.73
2021-01-08,Store_09,75311,Apparel,0,None,0.0,36.3,3.27,214.91,8.48,21278.86
2021-01-15,Store_09,75311,Apparel,0,None,0.06,36.9,3.27,214.88,8.5,24425.25
2021-01-22,Store_09,75311,Apparel,0,None,0.13,36.6,3.26,215.73,8.48,27531.74
2021-01-29,Store_09,75311,Apparel,0,None,0.0,39.7,3.35,215.32,8.52,23583.88
2021-02-05,Store_09,75311,Apparel,1,Super_Bowl,0.0,35.1,3.34,215.26,8.42,29978.48
2021-02-12,Store_09,75311,Apparel,1,Super_Bowl,0.13,38.4,3.46,216.89,8.55,39013.79
2021-02-19,Store_09,75311,Apparel,0,None,0.0,41.4,3.44,216.23,8.36,21938.72
2021-02-26,Store_09,75311,Apparel,0,None,0.12,39.8,3.44,216.57,8.64,31061.51
2021-03-05,Store_09,75311,Apparel,0,None,0.0,43.6,3.49,216.02,8.42,23649.25
2021-03-12,Store_09,75311,Apparel,0,None,0.0,45.6,3.56,216.65,8.25,24091.15
2021-03-19,Store_09,75311,Apparel,0,None,0.0,42.7,3.54,217.17,8.22,25579.59
2021-03-26,Store_09,75311,Apparel,1,Easter,0.19,44.4,3.56,216.73,8.36,45483.28
2021-04-02,Store_09,75311,Apparel,1,Easter,0.11,50.2,3.64,217.69,8.27,42984.87
2021-04-09,Store_09,75311,Apparel,1,Easter,0.0,52.3,3.66,217.39,8.35,33678.31
2021-04-16,Store_09,75311,Apparel,0,None,0.0,52.2,3.65,217.74,8.31,25880.01
2021-04-23,Store_09,75311,Apparel,0,None,0.0,59.1,3.67,217.78,8.24,27863.54
2021-04-30,Store_09,75311,Apparel,0,None,0.0,68.1,3.73,219.2,8.14,26837.31
2021-05-07,Store_09,75311,Apparel,0,None,0.0,64.0,3.66,218.45,8.06,27776.82
2021-05-14,Store_09,75311,Apparel,0,None,0.0,69.9,3.68,218.12,8.15,27183.94
2021-05-21,Store_09,75311,Apparel,0,None,0.13,70.4,3.73,219.26,8.27,35803.03
2021-05-28,Store_09,75311,Apparel,0,None,0.0,74.3,3.76,218.43,8.18,27125.34
2021-06-04,Store_09,75311,Apparel,0,None,0.1,75.1,3.8,219.34,8.02,33691.77
2021-06-11,Store_09,75311,Apparel,0,None,0.0,79.1,3.86,218.44,8.15,29403.32
2021-06-18,Store_09,75311,Apparel,0,None,0.0,77.5,3.84,218.95,8.15,26510.97
2021-06-25,Store_09,75311,Apparel,0,None,0.0,79.5,3.79,219.91,8.01,27170.49
2021-07-02,Store_09,75311,Apparel,0,None,0.0,78.2,3.8,220.37,8.1,28281.69
2021-07-09,Store_09,75311,Apparel,0,None,0.0,81.4,3.75,220.28,8.07,28225.9
2021-07-16,Store_09,75311,Apparel,0,None,0.19,87.7,3.79,220.33,7.94,39207.06
2021-07-23,Store_09,75311,Apparel,0,None,0.0,89.0,3.78,220.43,8.07,25956.58
2021-07-30,Store_09,75311,Apparel,0,None,0.0,87.6,3.8,220.03,8.08,27320.48
2021-08-06,Store_09,75311,Apparel,0,None,0.0,82.8,3.73,220.6,8.11,27527.48
2021-08-13,Store_09,75311,Apparel,0,None,0.0,85.1,3.79,220.92,8.09,31091.13
2021-08-20,Store_09,75311,Apparel,0,None,0.0,83.5,3.82,221.87,7.83,33398.23
2021-08-27,Store_09,75311,Apparel,0,None,0.0,85.3,3.73,221.71,7.86,30136.73
2021-09-03,Store_09,75311,Apparel,1,Labor_Day,0.0,76.3,3.73,220.85,7.99,41224.3
2021-09-10,Store_09,75311,Apparel,1,Labor_Day,0.0,81.4,3.73,222.09,7.97,44805.43
2021-09-17,Store_09,75311,Apparel,0,None,0.0,71.4,3.65,221.92,7.96,24325.55
2021-09-24,Store_09,75311,Apparel,0,None,0.0,68.9,3.66,221.97,8.28,21572.5
2021-10-01,Store_09,75311,Apparel,0,None,0.25,67.1,3.62,222.81,7.93,33382.12
2021-10-08,Store_09,75311,Apparel,0,None,0.0,61.8,3.6,223.21,7.97,24255.23
2021-10-15,Store_09,75311,Apparel,0,None,0.0,63.0,3.53,223.35,7.94,23601.07
2021-10-22,Store_09,75311,Apparel,0,None,0.0,56.8,3.54,222.66,7.89,21322.39
2021-10-29,Store_09,75311,Apparel,0,None,0.0,56.1,3.54,223.11,7.78,22479.78
2021-11-05,Store_09,75311,Apparel,0,None,0.25,58.1,3.55,223.63,7.87,33884.43
2021-11-12,Store_09,75311,Apparel,0,None,0.0,51.8,3.49,224.14,7.7,21645.83
2021-11-19,Store_09,75311,Apparel,0,None,0.24,43.9,3.52,223.61,7.74,31063.0
2021-11-26,Store_09,75311,Apparel,1,Thanksgiving_BlackFriday,0.0,43.0,3.34,223.95,7.7,38922.57
2021-12-03,Store_09,75311,Apparel,0,None,0.0,42.6,3.39,223.68,7.74,19649.4
2021-12-10,Store_09,75311,Apparel,0,None,0.0,43.3,3.32,223.82,7.95,18906.48
2021-12-17,Store_09,75311,Apparel,0,None,0.0,43.2,3.38,225.02,7.51,20312.79
2021-12-24,Store_09,75311,Apparel,1,Christmas_Holiday,0.0,40.5,3.2,225.49,7.75,36799.66
2021-12-31,Store_09,75311,Apparel,1,Christmas_Holiday,0.25,33.8,3.16,224.96,7.51,56283.39
2022-01-07,Store_09,75311,Apparel,0,None,0.0,34.7,3.13,225.69,7.6,23091.94
2022-01-14,Store_09,75311,Apparel,0,None,0.0,33.1,3.02,225.57,7.74,21362.86
2022-01-21,Store_09,75311,Apparel,0,None,0.0,36.7,3.07,225.25,7.63,21753.68
2022-01-28,Store_09,75311,Apparel,0,None,0.0,28.0,3.02,225.95,7.49,23085.74
2022-02-04,Store_09,75311,Apparel,0,None,0.0,34.8,3.03,226.73,7.52,21568.64
2022-02-11,Store_09,75311,Apparel,1,Super_Bowl,0.0,38.0,3.0,226.14,7.64,30794.2
2022-02-18,Store_09,75311,Apparel,0,None,0.0,40.8,3.05,227.13,7.48,24258.08
2022-02-25,Store_09,75311,Apparel,0,None,0.0,44.7,2.97,225.23,7.56,23408.45
2022-03-04,Store_09,75311,Apparel,0,None,0.0,41.7,2.86,227.14,7.53,22132.13
2022-03-11,Store_09,75311,Apparel,0,None,0.0,39.7,2.81,226.97,7.44,25958.6
2022-03-18,Store_09,75311,Apparel,0,None,0.2,42.1,2.85,226.97,7.7,33805.78
2022-03-25,Store_09,75311,Apparel,1,Easter,0.0,50.7,2.74,227.35,7.54,34901.31
2022-04-01,Store_09,75311,Apparel,1,Easter,0.0,52.1,2.87,226.51,7.26,34251.51
2022-04-08,Store_09,75311,Apparel,1,Easter,0.0,51.1,2.81,227.58,7.46,33823.68
2022-04-15,Store_09,75311,Apparel,1,Easter,0.0,54.3,2.7,228.06,7.36,35985.85
2022-04-22,Store_09,75311,Apparel,0,None,0.0,57.8,2.62,228.82,7.5,25765.9
2022-04-29,Store_09,75311,Apparel,0,None,0.18,60.8,2.75,228.01,7.31,38975.88
2022-05-06,Store_09,75311,Apparel,0,None,0.0,66.9,2.66,228.06,7.37,29367.06
2022-05-13,Store_09,75311,Apparel,0,None,0.0,69.8,2.71,228.4,7.41,27645.29
2022-05-20,Store_09,75311,Apparel,0,None,0.1,69.2,2.56,229.3,7.43,34768.3
2022-05-27,Store_09,75311,Apparel,0,None,0.0,72.5,2.6,229.2,7.21,30560.11
2022-06-03,Store_09,75311,Apparel,0,None,0.0,72.6,2.62,228.97,7.28,28703.68
2022-06-10,Store_09,75311,Apparel,0,None,0.0,77.7,2.61,229.68,7.25,28994.67
2022-06-17,Store_09,75311,Apparel,0,None,0.0,72.1,2.58,229.66,7.22,26955.43
2022-06-24,Store_09,75311,Apparel,0,None,0.0,79.1,2.63,230.29,7.44,28232.32
2022-07-01,Store_09,75311,Apparel,0,None,0.0,85.1,2.55,229.65,7.29,27940.68
2022-07-08,Store_09,75311,Apparel,0,None,0.09,78.5,2.59,230.03,7.11,35840.7
2022-07-15,Store_09,75311,Apparel,0,None,0.0,83.5,2.61,230.19,7.31,28957.8
2022-07-22,Store_09,75311,Apparel,0,None,0.0,82.7,2.64,229.85,7.41,26702.8
2022-07-29,Store_09,75311,Apparel,0,None,0.0,82.9,2.65,230.92,7.29,26186.01
2022-08-05,Store_09,75311,Apparel,0,None,0.0,83.4,2.57,231.09,7.02,26930.17
2022-08-12,Store_09,75311,Apparel,0,None,0.0,86.9,2.56,231.16,7.11,31652.88
2022-08-19,Store_09,75311,Apparel,0,None,0.0,84.1,2.72,231.23,7.26,35630.58
2022-08-26,Store_09,75311,Apparel,0,None,0.0,81.2,2.69,230.83,7.05,28893.22
2022-09-02,Store_09,75311,Apparel,1,Labor_Day,0.0,75.0,2.65,231.52,7.15,45765.46
2022-09-09,Store_09,75311,Apparel,1,Labor_Day,0.0,69.6,2.78,231.75,7.17,45006.29
2022-09-16,Store_09,75311,Apparel,0,None,0.0,76.7,2.73,231.71,6.98,25626.38
2022-09-23,Store_09,75311,Apparel,0,None,0.3,77.2,2.81,232.23,7.05,39263.1
2022-09-30,Store_09,75311,Apparel,0,None,0.07,67.6,2.78,232.7,6.72,26856.77
2022-10-07,Store_09,75311,Apparel,0,None,0.0,70.1,2.91,233.64,6.92,22459.99
2022-10-14,Store_09,75311,Apparel,0,None,0.0,60.4,2.92,232.97,6.98,24027.82
2022-10-21,Store_09,75311,Apparel,0,None,0.0,61.3,2.85,233.21,6.87,22847.8
2022-10-28,Store_09,75311,Apparel,0,None,0.17,56.8,2.94,233.23,7.14,29174.16
2022-11-04,Store_09,75311,Apparel,0,None,0.0,53.4,2.95,232.5,6.82,23042.99
2022-11-11,Store_09,75311,Apparel,0,None,0.0,52.4,3.02,233.64,6.9,23143.48
2022-11-18,Store_09,75311,Apparel,0,None,0.0,50.8,2.94,233.88,6.94,21328.7
2022-11-25,Store_09,75311,Apparel,1,Thanksgiving_BlackFriday,0.0,43.8,3.06,235.27,7.06,39399.59
2022-12-02,Store_09,75311,Apparel,0,None,0.0,42.9,3.11,234.13,6.75,20198.63
2022-12-09,Store_09,75311,Apparel,0,None,0.0,40.4,3.0,234.57,7.0,21572.12
2022-12-16,Store_09,75311,Apparel,0,None,0.0,37.9,3.07,234.6,6.87,21126.65
2022-12-23,Store_09,75311,Apparel,1,Christmas_Holiday,0.0,35.9,3.06,234.22,6.75,37713.37
2022-12-30,Store_09,75311,Apparel,1,Christmas_Holiday,0.11,36.6,3.19,235.57,6.88,49213.11
2023-01-06,Store_09,75311,Apparel,0,None,0.0,34.4,3.27,235.57,6.84,21810.66
2023-01-13,Store_09,75311,Apparel,0,None,0.0,30.3,3.35,235.78,6.74,21521.77
2023-01-20,Store_09,75311,Apparel,0,None,0.0,39.3,3.31,235.12,6.79,22268.5
2023-01-27,Store_09,75311,Apparel,0,None,0.0,37.4,3.43,236.47,6.73,23340.75
2023-02-03,Store_09,75311,Apparel,0,None,0.0,38.2,3.31,235.26,6.76,23473.15
2023-02-10,Store_09,75311,Apparel,1,Super_Bowl,0.0,35.4,3.33,236.45,6.8,31446.85
2023-02-17,Store_09,75311,Apparel,0,None,0.0,31.0,3.44,237.44,6.88,22251.33
2023-02-24,Store_09,75311,Apparel,0,None,0.2,40.9,3.5,236.04,6.58,36057.37
2023-03-03,Store_09,75311,Apparel,0,None,0.0,43.6,3.51,236.45,6.9,25658.18
2023-03-10,Store_09,75311,Apparel,0,None,0.0,42.7,3.44,236.97,6.48,27457.45
2023-03-17,Store_09,75311,Apparel,0,None,0.0,43.6,3.57,236.86,6.64,27723.6
2023-03-24,Store_09,75311,Apparel,0,None,0.18,48.4,3.53,236.53,6.7,36065.02
2023-03-31,Store_09,75311,Apparel,1,Easter,0.0,47.7,3.66,237.53,6.65,37245.58
2023-04-07,Store_09,75311,Apparel,1,Easter,0.22,52.9,3.67,237.16,6.55,56091.22
2023-04-14,Store_09,75311,Apparel,1,Easter,0.0,55.0,3.63,238.12,6.57,39942.89
2023-04-21,Store_09,75311,Apparel,0,None,0.08,65.0,3.67,237.62,6.53,34379.65
2023-04-28,Store_09,75311,Apparel,0,None,0.0,63.5,3.66,239.04,6.5,28433.77
2023-05-05,Store_09,75311,Apparel,0,None,0.17,62.8,3.73,238.07,6.63,40743.26
2023-05-12,Store_09,75311,Apparel,0,None,0.0,70.9,3.79,238.49,6.56,29095.35
2023-05-19,Store_09,75311,Apparel,0,None,0.0,69.2,3.71,239.25,6.44,28701.07
2023-05-26,Store_09,75311,Apparel,0,None,0.0,70.9,3.8,238.42,6.59,30181.66
2023-06-02,Store_09,75311,Apparel,0,None,0.0,77.3,3.76,239.34,6.51,26253.61
2023-06-09,Store_09,75311,Apparel,0,None,0.0,82.7,3.75,240.08,6.55,30549.87
2023-06-16,Store_09,75311,Apparel,0,None,0.25,82.1,3.79,238.81,6.51,44722.87
2023-06-23,Store_09,75311,Apparel,0,None,0.22,82.0,3.75,239.9,6.35,45062.02
2023-06-30,Store_09,75311,Apparel,0,None,0.0,82.4,3.77,240.13,6.36,29172.9
2023-07-07,Store_09,75311,Apparel,0,None,0.0,80.3,3.74,240.58,6.48,29222.23
2023-07-14,Store_09,75311,Apparel,0,None,0.0,88.0,3.89,239.77,6.45,28638.07
2023-07-21,Store_09,75311,Apparel,0,None,0.0,89.2,3.79,239.92,6.37,29134.31
2023-07-28,Store_09,75311,Apparel,0,None,0.0,85.9,3.75,241.03,6.36,28215.18
2023-08-04,Store_09,75311,Apparel,0,None,0.0,86.1,3.78,241.11,6.46,30029.0
2023-08-11,Store_09,75311,Apparel,0,None,0.12,82.4,3.76,241.28,6.26,44629.74
2023-08-18,Store_09,75311,Apparel,0,None,0.0,78.8,3.74,241.52,6.36,33640.58
2023-08-25,Store_09,75311,Apparel,0,None,0.0,81.0,3.76,241.2,6.27,33279.29
2023-09-01,Store_09,75311,Apparel,1,Labor_Day,0.28,74.1,3.75,241.85,6.25,72585.33
2023-09-08,Store_09,75311,Apparel,1,Labor_Day,0.0,76.0,3.67,242.07,6.37,42172.55
2023-09-15,Store_09,75311,Apparel,0,None,0.0,75.0,3.64,241.76,6.32,26912.07
2023-09-22,Store_09,75311,Apparel,0,None,0.18,74.0,3.64,243.24,6.31,33355.45
2023-09-29,Store_09,75311,Apparel,0,None,0.0,69.2,3.51,242.74,6.34,24375.06
2023-10-06,Store_09,75311,Apparel,0,None,0.0,66.2,3.52,242.1,6.19,25278.29
2023-10-13,Store_09,75311,Apparel,0,None,0.0,63.8,3.64,243.21,6.24,22490.76
2023-10-20,Store_09,75311,Apparel,0,None,0.0,58.8,3.62,242.59,6.13,23683.27
2023-10-27,Store_09,75311,Apparel,0,None,0.0,54.0,3.5,243.66,6.18,23207.02
2023-11-03,Store_09,75311,Apparel,0,None,0.0,47.3,3.51,244.04,6.12,23151.32
2023-11-10,Store_09,75311,Apparel,0,None,0.0,51.5,3.46,243.24,6.12,22201.46
2023-11-17,Store_09,75311,Apparel,0,None,0.0,46.8,3.57,244.33,6.16,21795.54
2023-11-24,Store_09,75311,Apparel,1,Thanksgiving_BlackFriday,0.0,48.2,3.43,244.24,6.0,38841.96
2023-12-01,Store_09,75311,Apparel,0,None,0.0,43.0,3.34,244.64,6.27,21234.36
2023-12-08,Store_09,75311,Apparel,0,None,0.0,42.8,3.26,245.37,5.95,22490.85
2023-12-15,Store_09,75311,Apparel,0,None,0.0,40.4,3.19,244.49,5.91,23540.89
2023-12-22,Store_09,75311,Apparel,1,Christmas_Holiday,0.0,41.1,3.25,244.43,6.13,40631.33
2023-12-29,Store_09,75311,Apparel,1,Christmas_Holiday,0.05,39.0,3.16,244.56,6.08,45020.6
2021-01-01,Store_09,75311,Electronics,0,None,0.22,35.2,3.23,214.14,8.42,34697.79
2021-01-08,Store_09,75311,Electronics,0,None,0.0,39.3,3.27,214.91,8.48,25205.8
2021-01-15,Store_09,75311,Electronics,0,None,0.27,40.8,3.27,214.88,8.5,41488.93
2021-01-22,Store_09,75311,Electronics,0,None,0.0,34.6,3.26,215.73,8.48,24902.93
2021-01-29,Store_09,75311,Electronics,0,None,0.0,37.8,3.35,215.32,8.52,27926.32
2021-02-05,Store_09,75311,Electronics,1,Super_Bowl,0.29,39.7,3.34,215.26,8.42,72340.43
2021-02-12,Store_09,75311,Electronics,1,Super_Bowl,0.24,31.7,3.46,216.89,8.55,66119.71
2021-02-19,Store_09,75311,Electronics,0,None,0.0,41.8,3.44,216.23,8.36,29789.91
2021-02-26,Store_09,75311,Electronics,0,None,0.0,41.9,3.44,216.57,8.64,26564.76
2021-03-05,Store_09,75311,Electronics,0,None,0.0,45.5,3.49,216.02,8.42,27204.13
2021-03-12,Store_09,75311,Electronics,0,None,0.0,43.9,3.56,216.65,8.25,30839.36
2021-03-19,Store_09,75311,Electronics,0,None,0.1,44.9,3.54,217.17,8.22,35530.0
2021-03-26,Store_09,75311,Electronics,1,Easter,0.0,50.1,3.56,216.73,8.36,45679.01
2021-04-02,Store_09,75311,Electronics,1,Easter,0.0,50.4,3.64,217.69,8.27,50232.11
2021-04-09,Store_09,75311,Electronics,1,Easter,0.0,57.5,3.66,217.39,8.35,55815.79
2021-04-16,Store_09,75311,Electronics,0,None,0.0,57.1,3.65,217.74,8.31,33507.35
2021-04-23,Store_09,75311,Electronics,0,None,0.0,63.9,3.67,217.78,8.24,32013.9
2021-04-30,Store_09,75311,Electronics,0,None,0.0,61.5,3.73,219.2,8.14,33099.55
2021-05-07,Store_09,75311,Electronics,0,None,0.0,66.6,3.66,218.45,8.06,32633.82
2021-05-14,Store_09,75311,Electronics,0,None,0.0,68.0,3.68,218.12,8.15,33210.91
2021-05-21,Store_09,75311,Electronics,0,None,0.0,75.8,3.73,219.26,8.27,34696.25
2021-05-28,Store_09,75311,Electronics,0,None,0.0,78.5,3.76,218.43,8.18,33631.17
2021-06-04,Store_09,75311,Electronics,0,None,0.0,75.0,3.8,219.34,8.02,34065.24
2021-06-11,Store_09,75311,Electronics,0,None,0.0,72.5,3.86,218.44,8.15,31250.15
2021-06-18,Store_09,75311,Electronics,0,None,0.0,78.0,3.84,218.95,8.15,36273.53
2021-06-25,Store_09,75311,Electronics,0,None,0.0,85.5,3.79,219.91,8.01,33507.12
2021-07-02,Store_09,75311,Electronics,0,None,0.2,81.8,3.8,220.37,8.1,49808.09
2021-07-09,Store_09,75311,Electronics,0,None,0.0,84.5,3.75,220.28,8.07,34549.25
2021-07-16,Store_09,75311,Electronics,0,None,0.13,85.6,3.79,220.33,7.94,43327.62
2021-07-23,Store_09,75311,Electronics,0,None,0.0,82.5,3.78,220.43,8.07,33880.51
2021-07-30,Store_09,75311,Electronics,0,None,0.0,87.5,3.8,220.03,8.08,32387.52
2021-08-06,Store_09,75311,Electronics,0,None,0.26,87.3,3.73,220.6,8.11,51942.95
2021-08-13,Store_09,75311,Electronics,0,None,0.2,83.2,3.79,220.92,8.09,44136.4
2021-08-20,Store_09,75311,Electronics,0,None,0.0,84.1,3.82,221.87,7.83,32940.08
2021-08-27,Store_09,75311,Electronics,0,None,0.0,81.9,3.73,221.71,7.86,29622.66
2021-09-03,Store_09,75311,Electronics,1,Labor_Day,0.0,75.4,3.73,220.85,7.99,44610.03
2021-09-10,Store_09,75311,Electronics,1,Labor_Day,0.17,76.4,3.73,222.09,7.97,66142.49
2021-09-17,Store_09,75311,Electronics,0,None,0.0,75.8,3.65,221.92,7.96,26351.32
2021-09-24,Store_09,75311,Electronics,0,None,0.09,70.1,3.66,221.97,8.28,34477.4
2021-10-01,Store_09,75311,Electronics,0,None,0.0,73.2,3.62,222.81,7.93,27005.35
2021-10-08,Store_09,75311,Electronics,0,None,0.0,67.8,3.6,223.21,7.97,25258.13
2021-10-15,Store_09,75311,Electronics,0,None,0.0,58.4,3.53,223.35,7.94,26653.11
2021-10-22,Store_09,75311,Electronics,0,None,0.0,55.1,3.54,222.66,7.89,27658.38
2021-10-29,Store_09,75311,Electronics,0,None,0.0,57.0,3.54,223.11,7.78,26530.43
2021-11-05,Store_09,75311,Electronics,0,None,0.0,53.4,3.55,223.63,7.87,27477.11
2021-11-12,Store_09,75311,Electronics,0,None,0.27,50.4,3.49,224.14,7.7,43675.25
2021-11-19,Store_09,75311,Electronics,0,None,0.0,49.5,3.52,223.61,7.74,24538.48
2021-11-26,Store_09,75311,Electronics,1,Thanksgiving_BlackFriday,0.08,45.9,3.34,223.95,7.7,64071.92
2021-12-03,Store_09,75311,Electronics,0,None,0.0,46.1,3.39,223.68,7.74,24325.57
2021-12-10,Store_09,75311,Electronics,0,None,0.0,42.9,3.32,223.82,7.95,24443.76
2021-12-17,Store_09,75311,Electronics,0,None,0.0,29.8,3.38,225.02,7.51,26685.45
2021-12-24,Store_09,75311,Electronics,1,Christmas_Holiday,0.06,37.7,3.2,225.49,7.75,61447.8
2021-12-31,Store_09,75311,Electronics,1,Christmas_Holiday,0.13,35.5,3.16,224.96,7.51,77978.0
2022-01-07,Store_09,75311,Electronics,0,None,0.0,33.0,3.13,225.69,7.6,26427.89
2022-01-14,Store_09,75311,Electronics,0,None,0.0,33.7,3.02,225.57,7.74,27447.9
2022-01-21,Store_09,75311,Electronics,0,None,0.0,35.0,3.07,225.25,7.63,26288.03
2022-01-28,Store_09,75311,Electronics,0,None,0.0,33.3,3.02,225.95,7.49,30165.4
2022-02-04,Store_09,75311,Electronics,0,None,0.0,38.2,3.03,226.73,7.52,28208.92
2022-02-11,Store_09,75311,Electronics,1,Super_Bowl,0.18,40.8,3.0,226.14,7.64,60230.89
2022-02-18,Store_09,75311,Electronics,0,None,0.0,38.9,3.05,227.13,7.48,27613.74
2022-02-25,Store_09,75311,Electronics,0,None,0.09,35.4,2.97,225.23,7.56,35357.91
2022-03-04,Store_09,75311,Electronics,0,None,0.0,38.1,2.86,227.14,7.53,29633.6
2022-03-11,Store_09,75311,Electronics,0,None,0.0,39.4,2.81,226.97,7.44,29940.89
2022-03-18,Store_09,75311,Electronics,0,None,0.0,44.0,2.85,226.97,7.7,29848.18
2022-03-25,Store_09,75311,Electronics,1,Easter,0.09,49.0,2.74,227.35,7.54,60073.11
2022-04-01,Store_09,75311,Electronics,1,Easter,0.0,50.2,2.87,226.51,7.26,46818.8
2022-04-08,Store_09,75311,Electronics,1,Easter,0.0,57.4,2.81,227.58,7.46,48754.42
2022-04-15,Store_09,75311,Electronics,1,Easter,0.0,53.7,2.7,228.06,7.36,51943.07
2022-04-22,Store_09,75311,Electronics,0,None,0.0,56.9,2.62,228.82,7.5,33394.1
2022-04-29,Store_09,75311,Electronics,0,None,0.0,61.1,2.75,228.01,7.31,32875.14
2022-05-06,Store_09,75311,Electronics,0,None,0.0,66.4,2.66,228.06,7.37,34620.62
2022-05-13,Store_09,75311,Electronics,0,None,0.0,71.7,2.71,228.4,7.41,35409.51
2022-05-20,Store_09,75311,Electronics,0,None,0.27,70.0,2.56,229.3,7.43,55083.29
2022-05-27,Store_09,75311,Electronics,0,None,0.25,78.6,2.6,229.2,7.21,52467.21
2022-06-03,Store_09,75311,Electronics,0,None,0.0,80.2,2.62,228.97,7.28,34513.08
2022-06-10,Store_09,75311,Electronics,0,None,0.28,81.7,2.61,229.68,7.25,55201.51
2022-06-17,Store_09,75311,Electronics,0,None,0.0,77.0,2.58,229.66,7.22,34956.22
2022-06-24,Store_09,75311,Electronics,0,None,0.0,82.9,2.63,230.29,7.44,34658.39
2022-07-01,Store_09,75311,Electronics,0,None,0.0,87.0,2.55,229.65,7.29,36993.03
2022-07-08,Store_09,75311,Electronics,0,None,0.0,81.4,2.59,230.03,7.11,34203.83
2022-07-15,Store_09,75311,Electronics,0,None,0.0,81.4,2.61,230.19,7.31,34975.24
2022-07-22,Store_09,75311,Electronics,0,None,0.0,84.1,2.64,229.85,7.41,36050.1
2022-07-29,Store_09,75311,Electronics,0,None,0.0,81.3,2.65,230.92,7.29,35422.89
2022-08-05,Store_09,75311,Electronics,0,None,0.0,81.8,2.57,231.09,7.02,34008.14
2022-08-12,Store_09,75311,Electronics,0,None,0.0,81.7,2.56,231.16,7.11,37257.1
2022-08-19,Store_09,75311,Electronics,0,None,0.0,81.2,2.72,231.23,7.26,28847.38
2022-08-26,Store_09,75311,Electronics,0,None,0.0,81.5,2.69,230.83,7.05,32114.78
2022-09-02,Store_09,75311,Electronics,1,Labor_Day,0.0,75.4,2.65,231.52,7.15,49452.24
2022-09-09,Store_09,75311,Electronics,1,Labor_Day,0.12,77.6,2.78,231.75,7.17,60015.53
2022-09-16,Store_09,75311,Electronics,0,None,0.0,77.4,2.73,231.71,6.98,30623.11
2022-09-23,Store_09,75311,Electronics,0,None,0.0,69.8,2.81,232.23,7.05,29501.28
2022-09-30,Store_09,75311,Electronics,0,None,0.0,63.6,2.78,232.7,6.72,27286.89
2022-10-07,Store_09,75311,Electronics,0,None,0.0,66.6,2.91,233.64,6.92,27280.17
2022-10-14,Store_09,75311,Electronics,0,None,0.0,60.2,2.92,232.97,6.98,28609.42
2022-10-21,Store_09,75311,Electronics,0,None,0.15,60.6,2.85,233.21,6.87,40225.26
2022-10-28,Store_09,75311,Electronics,0,None,0.0,55.6,2.94,233.23,7.14,27342.34
2022-11-04,Store_09,75311,Electronics,0,None,0.0,57.6,2.95,232.5,6.82,26897.16
2022-11-11,Store_09,75311,Electronics,0,None,0.0,48.7,3.02,233.64,6.9,26244.86
2022-11-18,Store_09,75311,Electronics,0,None,0.0,48.6,2.94,233.88,6.94,25261.66
2022-11-25,Store_09,75311,Electronics,1,Thanksgiving_BlackFriday,0.0,43.3,3.06,235.27,7.06,56918.05
2022-12-02,Store_09,75311,Electronics,0,None,0.0,47.6,3.11,234.13,6.75,23657.95
2022-12-09,Store_09,75311,Electronics,0,None,0.0,43.6,3.0,234.57,7.0,25897.56
2022-12-16,Store_09,75311,Electronics,0,None,0.28,42.9,3.07,234.6,6.87,43009.55
2022-12-23,Store_09,75311,Electronics,1,Christmas_Holiday,0.25,36.3,3.06,234.22,6.75,93030.39
2022-12-30,Store_09,75311,Electronics,1,Christmas_Holiday,0.0,36.9,3.19,235.57,6.88,55683.9
2023-01-06,Store_09,75311,Electronics,0,None,0.0,37.5,3.27,235.57,6.84,27945.37
2023-01-13,Store_09,75311,Electronics,0,None,0.0,28.8,3.35,235.78,6.74,29434.18
2023-01-20,Store_09,75311,Electronics,0,None,0.0,37.2,3.31,235.12,6.79,28046.14
2023-01-27,Store_09,75311,Electronics,0,None,0.0,32.9,3.43,236.47,6.73,27349.14
2023-02-03,Store_09,75311,Electronics,0,None,0.15,32.3,3.31,235.26,6.76,42062.45
2023-02-10,Store_09,75311,Electronics,1,Super_Bowl,0.28,37.3,3.33,236.45,6.8,78853.78
2023-02-17,Store_09,75311,Electronics,0,None,0.09,37.0,3.44,237.44,6.88,34818.38
2023-02-24,Store_09,75311,Electronics,0,None,0.0,35.5,3.5,236.04,6.58,30775.28
2023-03-03,Store_09,75311,Electronics,0,None,0.0,40.7,3.51,236.45,6.9,29261.64
2023-03-10,Store_09,75311,Electronics,0,None,0.0,43.4,3.44,236.97,6.48,31215.72
2023-03-17,Store_09,75311,Electronics,0,None,0.0,44.6,3.57,236.86,6.64,33509.41
2023-03-24,Store_09,75311,Electronics,0,None,0.0,55.4,3.53,236.53,6.7,29894.81
2023-03-31,Store_09,75311,Electronics,1,Easter,0.0,55.1,3.66,237.53,6.65,50743.37
2023-04-07,Store_09,75311,Electronics,1,Easter,0.0,53.4,3.67,237.16,6.55,51690.88
2023-04-14,Store_09,75311,Electronics,1,Easter,0.19,54.7,3.63,238.12,6.57,74164.57
2023-04-21,Store_09,75311,Electronics,0,None,0.0,59.0,3.67,237.62,6.53,34645.59
2023-04-28,Store_09,75311,Electronics,0,None,0.0,68.3,3.66,239.04,6.5,36262.01
2023-05-05,Store_09,75311,Electronics,0,None,0.15,72.7,3.73,238.07,6.63,49039.01
2023-05-12,Store_09,75311,Electronics,0,None,0.0,68.7,3.79,238.49,6.56,36660.39
2023-05-19,Store_09,75311,Electronics,0,None,0.0,72.6,3.71,239.25,6.44,38495.55
2023-05-26,Store_09,75311,Electronics,0,None,0.0,73.3,3.8,238.42,6.59,35574.48
2023-06-02,Store_09,75311,Electronics,0,None,0.0,73.5,3.76,239.34,6.51,35208.61
2023-06-09,Store_09,75311,Electronics,0,None,0.0,75.0,3.75,240.08,6.55,37080.57
2023-06-16,Store_09,75311,Electronics,0,None,0.0,82.5,3.79,238.81,6.51,36100.04
2023-06-23,Store_09,75311,Electronics,0,None,0.0,85.0,3.75,239.9,6.35,36418.02
2023-06-30,Store_09,75311,Electronics,0,None,0.0,82.9,3.77,240.13,6.36,35976.72
2023-07-07,Store_09,75311,Electronics,0,None,0.0,86.1,3.74,240.58,6.48,34484.51
2023-07-14,Store_09,75311,Electronics,0,None,0.0,81.6,3.89,239.77,6.45,35604.93
2023-07-21,Store_09,75311,Electronics,0,None,0.0,85.4,3.79,239.92,6.37,36138.49
2023-07-28,Store_09,75311,Electronics,0,None,0.0,86.7,3.75,241.03,6.36,33142.9
2023-08-04,Store_09,75311,Electronics,0,None,0.0,82.9,3.78,241.11,6.46,32983.53
2023-08-11,Store_09,75311,Electronics,0,None,0.0,80.9,3.76,241.28,6.26,32501.56
2023-08-18,Store_09,75311,Electronics,0,None,0.0,76.6,3.74,241.52,6.36,33037.36
2023-08-25,Store_09,75311,Electronics,0,None,0.0,78.5,3.76,241.2,6.27,34190.79
2023-09-01,Store_09,75311,Electronics,1,Labor_Day,0.0,81.1,3.75,241.85,6.25,45105.95
2023-09-08,Store_09,75311,Electronics,1,Labor_Day,0.25,76.1,3.67,242.07,6.37,81635.55
2023-09-15,Store_09,75311,Electronics,0,None,0.19,73.3,3.64,241.76,6.32,43310.63
2023-09-22,Store_09,75311,Electronics,0,None,0.0,73.8,3.64,243.24,6.31,30581.87
2023-09-29,Store_09,75311,Electronics,0,None,0.21,71.5,3.51,242.74,6.34,44443.34
2023-10-06,Store_09,75311,Electronics,0,None,0.09,66.2,3.52,242.1,6.19,35260.64
2023-10-13,Store_09,75311,Electronics,0,None,0.0,61.2,3.64,243.21,6.24,29961.66
2023-10-20,Store_09,75311,Electronics,0,None,0.0,59.2,3.62,242.59,6.13,28622.37
2023-10-27,Store_09,75311,Electronics,0,None,0.17,60.2,3.5,243.66,6.18,38855.5
2023-11-03,Store_09,75311,Electronics,0,None,0.13,55.5,3.51,244.04,6.12,34171.23
2023-11-10,Store_09,75311,Electronics,0,None,0.11,48.5,3.46,243.24,6.12,33379.01
2023-11-17,Store_09,75311,Electronics,0,None,0.0,53.1,3.57,244.33,6.16,29783.78
2023-11-24,Store_09,75311,Electronics,1,Thanksgiving_BlackFriday,0.0,51.0,3.43,244.24,6.0,59083.59
2023-12-01,Store_09,75311,Electronics,0,None,0.0,42.3,3.34,244.64,6.27,26351.07
2023-12-08,Store_09,75311,Electronics,0,None,0.0,39.0,3.26,245.37,5.95,26714.79
2023-12-15,Store_09,75311,Electronics,0,None,0.0,37.7,3.19,244.49,5.91,26353.95
2023-12-22,Store_09,75311,Electronics,1,Christmas_Holiday,0.0,31.5,3.25,244.43,6.13,62274.11
2023-12-29,Store_09,75311,Electronics,1,Christmas_Holiday,0.0,32.6,3.16,244.56,6.08,63164.44
2021-01-01,Store_09,75311,Grocery,0,None,0.0,37.0,3.23,214.14,8.42,31464.2
2021-01-08,Store_09,75311,Grocery,0,None,0.0,36.9,3.27,214.91,8.48,32333.07
2021-01-15,Store_09,75311,Grocery,0,None,0.0,32.2,3.27,214.88,8.5,31705.73
2021-01-22,Store_09,75311,Grocery,0,None,0.25,35.5,3.26,215.73,8.48,42807.89
2021-01-29,Store_09,75311,Grocery,0,None,0.27,35.8,3.35,215.32,8.52,44789.28
2021-02-05,Store_09,75311,Grocery,1,Super_Bowl,0.21,30.7,3.34,215.26,8.42,50377.86
2021-02-12,Store_09,75311,Grocery,1,Super_Bowl,0.0,35.3,3.46,216.89,8.55,42074.19
2021-02-19,Store_09,75311,Grocery,0,None,0.0,38.7,3.44,216.23,8.36,36168.09
2021-02-26,Store_09,75311,Grocery,0,None,0.0,39.3,3.44,216.57,8.64,36399.37
2021-03-05,Store_09,75311,Grocery,0,None,0.0,40.1,3.49,216.02,8.42,41332.92
2021-03-12,Store_09,75311,Grocery,0,None,0.0,44.0,3.56,216.65,8.25,40055.24
2021-03-19,Store_09,75311,Grocery,0,None,0.0,46.8,3.54,217.17,8.22,36151.01
2021-03-26,Store_09,75311,Grocery,1,Easter,0.0,46.2,3.56,216.73,8.36,46356.19
2021-04-02,Store_09,75311,Grocery,1,Easter,0.07,52.3,3.64,217.69,8.27,50760.39
2021-04-09,Store_09,75311,Grocery,1,Easter,0.29,54.1,3.66,217.39,8.35,61310.45
2021-04-16,Store_09,75311,Grocery,0,None,0.0,54.1,3.65,217.74,8.31,43415.07
2021-04-23,Store_09,75311,Grocery,0,None,0.0,56.7,3.67,217.78,8.24,43958.54
2021-04-30,Store_09,75311,Grocery,0,None,0.21,65.2,3.73,219.2,8.14,54581.22
2021-05-07,Store_09,75311,Grocery,0,None,0.0,65.6,3.66,218.45,8.06,40493.18
2021-05-14,Store_09,75311,Grocery,0,None,0.0,71.0,3.68,218.12,8.15,40165.73
2021-05-21,Store_09,75311,Grocery,0,None,0.0,68.8,3.73,219.26,8.27,43168.81
2021-05-28,Store_09,75311,Grocery,0,None,0.0,82.8,3.76,218.43,8.18,40271.53
2021-06-04,Store_09,75311,Grocery,0,None,0.0,78.3,3.8,219.34,8.02,39658.86
2021-06-11,Store_09,75311,Grocery,0,None,0.0,78.8,3.86,218.44,8.15,42127.38
2021-06-18,Store_09,75311,Grocery,0,None,0.0,85.1,3.84,218.95,8.15,43428.17
2021-06-25,Store_09,75311,Grocery,0,None,0.0,84.6,3.79,219.91,8.01,42953.85
2021-07-02,Store_09,75311,Grocery,0,None,0.0,82.3,3.8,220.37,8.1,43339.38
2021-07-09,Store_09,75311,Grocery,0,None,0.0,86.2,3.75,220.28,8.07,43410.37
2021-07-16,Store_09,75311,Grocery,0,None,0.0,85.1,3.79,220.33,7.94,41055.46
2021-07-23,Store_09,75311,Grocery,0,None,0.28,81.4,3.78,220.43,8.07,60622.93
2021-07-30,Store_09,75311,Grocery,0,None,0.06,85.4,3.8,220.03,8.08,46091.1
2021-08-06,Store_09,75311,Grocery,0,None,0.0,84.9,3.73,220.6,8.11,41207.74
2021-08-13,Store_09,75311,Grocery,0,None,0.1,84.1,3.79,220.92,8.09,43882.53
2021-08-20,Store_09,75311,Grocery,0,None,0.0,88.0,3.82,221.87,7.83,37431.85
2021-08-27,Store_09,75311,Grocery,0,None,0.0,74.2,3.73,221.71,7.86,38570.69
2021-09-03,Store_09,75311,Grocery,1,Labor_Day,0.0,77.1,3.73,220.85,7.99,46103.01
2021-09-10,Store_09,75311,Grocery,1,Labor_Day,0.0,80.9,3.73,222.09,7.97,44098.55
2021-09-17,Store_09,75311,Grocery,0,None,0.0,78.4,3.65,221.92,7.96,39759.94
2021-09-24,Store_09,75311,Grocery,0,None,0.0,70.2,3.66,221.97,8.28,36494.91
2021-10-01,Store_09,75311,Grocery,0,None,0.0,70.3,3.62,222.81,7.93,33292.11
2021-10-08,Store_09,75311,Grocery,0,None,0.0,62.9,3.6,223.21,7.97,38374.82
2021-10-15,Store_09,75311,Grocery,0,None,0.0,65.6,3.53,223.35,7.94,34661.32
2021-10-22,Store_09,75311,Grocery,0,None,0.07,54.1,3.54,222.66,7.89,39133.77
2021-10-29,Store_09,75311,Grocery,0,None,0.0,55.6,3.54,223.11,7.78,31188.5
2021-11-05,Store_09,75311,Grocery,0,None,0.0,55.5,3.55,223.63,7.87,30919.71
2021-11-12,Store_09,75311,Grocery,0,None,0.29,51.4,3.49,224.14,7.7,45058.13
2021-11-19,Store_09,75311,Grocery,0,None,0.0,46.7,3.52,223.61,7.74,34079.77
2021-11-26,Store_09,75311,Grocery,1,Thanksgiving_BlackFriday,0.0,41.6,3.34,223.95,7.7,48378.31
2021-12-03,Store_09,75311,Grocery,0,None,0.0,45.9,3.39,223.68,7.74,32816.79
2021-12-10,Store_09,75311,Grocery,0,None,0.0,42.5,3.32,223.82,7.95,32932.96
2021-12-17,Store_09,75311,Grocery,0,None,0.0,46.2,3.38,225.02,7.51,31696.26
2021-12-24,Store_09,75311,Grocery,1,Christmas_Holiday,0.0,40.3,3.2,225.49,7.75,42853.88
2021-12-31,Store_09,75311,Grocery,1,Christmas_Holiday,0.0,32.2,3.16,224.96,7.51,46114.21
2022-01-07,Store_09,75311,Grocery,0,None,0.0,36.4,3.13,225.69,7.6,33283.43
2022-01-14,Store_09,75311,Grocery,0,None,0.0,35.4,3.02,225.57,7.74,35287.21
2022-01-21,Store_09,75311,Grocery,0,None,0.21,35.5,3.07,225.25,7.63,39653.38
2022-01-28,Store_09,75311,Grocery,0,None,0.0,34.1,3.02,225.95,7.49,31803.82
2022-02-04,Store_09,75311,Grocery,0,None,0.0,36.0,3.03,226.73,7.52,35778.11
2022-02-11,Store_09,75311,Grocery,1,Super_Bowl,0.0,39.8,3.0,226.14,7.64,41732.62
2022-02-18,Store_09,75311,Grocery,0,None,0.0,40.1,3.05,227.13,7.48,36863.55
2022-02-25,Store_09,75311,Grocery,0,None,0.0,36.6,2.97,225.23,7.56,40481.33
2022-03-04,Store_09,75311,Grocery,0,None,0.09,43.4,2.86,227.14,7.53,43509.26
2022-03-11,Store_09,75311,Grocery,0,None,0.0,43.3,2.81,226.97,7.44,41216.16
2022-03-18,Store_09,75311,Grocery,0,None,0.0,50.7,2.85,226.97,7.7,42864.93
2022-03-25,Store_09,75311,Grocery,1,Easter,0.0,55.6,2.74,227.35,7.54,46878.52
2022-04-01,Store_09,75311,Grocery,1,Easter,0.0,53.1,2.87,226.51,7.26,45756.39
2022-04-08,Store_09,75311,Grocery,1,Easter,0.0,56.7,2.81,227.58,7.46,46558.3
2022-04-15,Store_09,75311,Grocery,1,Easter,0.0,62.3,2.7,228.06,7.36,47190.12
2022-04-22,Store_09,75311,Grocery,0,None,0.0,59.3,2.62,228.82,7.5,43842.35
2022-04-29,Store_09,75311,Grocery,0,None,0.0,65.4,2.75,228.01,7.31,41305.24
2022-05-06,Store_09,75311,Grocery,0,None,0.15,63.5,2.66,228.06,7.37,53555.25
2022-05-13,Store_09,75311,Grocery,0,None,0.0,69.7,2.71,228.4,7.41,43943.93
2022-05-20,Store_09,75311,Grocery,0,None,0.0,75.7,2.56,229.3,7.43,44263.98
2022-05-27,Store_09,75311,Grocery,0,None,0.0,77.8,2.6,229.2,7.21,40404.75
2022-06-03,Store_09,75311,Grocery,0,None,0.0,75.5,2.62,228.97,7.28,46930.1
2022-06-10,Store_09,75311,Grocery,0,None,0.0,81.5,2.61,229.68,7.25,46377.75
2022-06-17,Store_09,75311,Grocery,0,None,0.0,81.0,2.58,229.66,7.22,43630.42
2022-06-24,Store_09,75311,Grocery,0,None,0.0,80.4,2.63,230.29,7.44,44044.32
2022-07-01,Store_09,75311,Grocery,0,None,0.0,83.2,2.55,229.65,7.29,45463.58
2022-07-08,Store_09,75311,Grocery,0,None,0.0,86.0,2.59,230.03,7.11,48653.55
2022-07-15,Store_09,75311,Grocery,0,None,0.0,82.2,2.61,230.19,7.31,43319.42
2022-07-22,Store_09,75311,Grocery,0,None,0.0,85.0,2.64,229.85,7.41,45561.37
2022-07-29,Store_09,75311,Grocery,0,None,0.0,81.3,2.65,230.92,7.29,44123.72
2022-08-05,Store_09,75311,Grocery,0,None,0.08,80.3,2.57,231.09,7.02,48735.63
2022-08-12,Store_09,75311,Grocery,0,None,0.0,85.5,2.56,231.16,7.11,42859.64
2022-08-19,Store_09,75311,Grocery,0,None,0.0,82.1,2.72,231.23,7.26,42652.27
2022-08-26,Store_09,75311,Grocery,0,None,0.0,78.8,2.69,230.83,7.05,40376.79
2022-09-02,Store_09,75311,Grocery,1,Labor_Day,0.0,80.0,2.65,231.52,7.15,45942.86
2022-09-09,Store_09,75311,Grocery,1,Labor_Day,0.0,81.3,2.78,231.75,7.17,44132.19
2022-09-16,Store_09,75311,Grocery,0,None,0.0,73.1,2.73,231.71,6.98,38306.6
2022-09-23,Store_09,75311,Grocery,0,None,0.0,73.7,2.81,232.23,7.05,36173.16
2022-09-30,Store_09,75311,Grocery,0,None,0.0,69.8,2.78,232.7,6.72,36464.26
2022-10-07,Store_09,75311,Grocery,0,None,0.11,62.4,2.91,233.64,6.92,42276.64
2022-10-14,Store_09,75311,Grocery,0,None,0.0,56.4,2.92,232.97,6.98,36706.79
2022-10-21,Store_09,75311,Grocery,0,None,0.0,57.9,2.85,233.21,6.87,36798.01
2022-10-28,Store_09,75311,Grocery,0,None,0.0,53.6,2.94,233.23,7.14,34923.74
2022-11-04,Store_09,75311,Grocery,0,None,0.0,55.6,2.95,232.5,6.82,34360.27
2022-11-11,Store_09,75311,Grocery,0,None,0.0,49.5,3.02,233.64,6.9,32442.44
2022-11-18,Store_09,75311,Grocery,0,None,0.0,45.7,2.94,233.88,6.94,31883.81
2022-11-25,Store_09,75311,Grocery,1,Thanksgiving_BlackFriday,0.0,46.6,3.06,235.27,7.06,43017.95
2022-12-02,Store_09,75311,Grocery,0,None,0.0,37.9,3.11,234.13,6.75,32627.87
2022-12-09,Store_09,75311,Grocery,0,None,0.0,47.7,3.0,234.57,7.0,34869.07
2022-12-16,Store_09,75311,Grocery,0,None,0.0,37.0,3.07,234.6,6.87,37121.54
2022-12-23,Store_09,75311,Grocery,1,Christmas_Holiday,0.0,39.3,3.06,234.22,6.75,46220.46
2022-12-30,Store_09,75311,Grocery,1,Christmas_Holiday,0.15,33.7,3.19,235.57,6.88,57167.15
2023-01-06,Store_09,75311,Grocery,0,None,0.0,39.8,3.27,235.57,6.84,36028.12
2023-01-13,Store_09,75311,Grocery,0,None,0.0,33.4,3.35,235.78,6.74,37087.93
2023-01-20,Store_09,75311,Grocery,0,None,0.0,31.3,3.31,235.12,6.79,37135.31
2023-01-27,Store_09,75311,Grocery,0,None,0.0,34.9,3.43,236.47,6.73,35312.66
2023-02-03,Store_09,75311,Grocery,0,None,0.0,37.2,3.31,235.26,6.76,36712.57
2023-02-10,Store_09,75311,Grocery,1,Super_Bowl,0.0,39.9,3.33,236.45,6.8,42970.47
2023-02-17,Store_09,75311,Grocery,0,None,0.0,38.6,3.44,237.44,6.88,38401.8
2023-02-24,Store_09,75311,Grocery,0,None,0.08,41.8,3.5,236.04,6.58,41812.72
2023-03-03,Store_09,75311,Grocery,0,None,0.0,40.4,3.51,236.45,6.9,37801.69
2023-03-10,Store_09,75311,Grocery,0,None,0.0,35.6,3.44,236.97,6.48,40112.04
2023-03-17,Store_09,75311,Grocery,0,None,0.07,46.0,3.57,236.86,6.64,43555.19
2023-03-24,Store_09,75311,Grocery,0,None,0.0,48.1,3.53,236.53,6.7,36970.96
2023-03-31,Store_09,75311,Grocery,1,Easter,0.0,48.9,3.66,237.53,6.65,50685.25
2023-04-07,Store_09,75311,Grocery,1,Easter,0.0,58.6,3.67,237.16,6.55,52539.65
2023-04-14,Store_09,75311,Grocery,1,Easter,0.26,56.0,3.63,238.12,6.57,64121.88
2023-04-21,Store_09,75311,Grocery,0,None,0.0,57.0,3.67,237.62,6.53,43158.32
2023-04-28,Store_09,75311,Grocery,0,None,0.0,60.9,3.66,239.04,6.5,46138.02
2023-05-05,Store_09,75311,Grocery,0,None,0.0,67.0,3.73,238.07,6.63,45614.87
2023-05-12,Store_09,75311,Grocery,0,None,0.08,72.7,3.79,238.49,6.56,46216.94
2023-05-19,Store_09,75311,Grocery,0,None,0.0,73.4,3.71,239.25,6.44,49731.76
2023-05-26,Store_09,75311,Grocery,0,None,0.0,73.0,3.8,238.42,6.59,47371.36
2023-06-02,Store_09,75311,Grocery,0,None,0.0,79.0,3.76,239.34,6.51,48100.14
2023-06-09,Store_09,75311,Grocery,0,None,0.0,79.9,3.75,240.08,6.55,45631.84
2023-06-16,Store_09,75311,Grocery,0,None,0.0,84.7,3.79,238.81,6.51,46980.13
2023-06-23,Store_09,75311,Grocery,0,None,0.0,83.0,3.75,239.9,6.35,45671.17
2023-06-30,Store_09,75311,Grocery,0,None,0.0,86.4,3.77,240.13,6.36,42308.44
2023-07-07,Store_09,75311,Grocery,0,None,0.0,88.9,3.74,240.58,6.48,49192.65
2023-07-14,Store_09,75311,Grocery,0,None,0.0,84.3,3.89,239.77,6.45,44245.46
2023-07-21,Store_09,75311,Grocery,0,None,0.0,81.9,3.79,239.92,6.37,44661.24
2023-07-28,Store_09,75311,Grocery,0,None,0.0,85.9,3.75,241.03,6.36,42640.43
2023-08-04,Store_09,75311,Grocery,0,None,0.0,89.7,3.78,241.11,6.46,43823.62
2023-08-11,Store_09,75311,Grocery,0,None,0.0,86.3,3.76,241.28,6.26,43397.64
2023-08-18,Store_09,75311,Grocery,0,None,0.0,81.1,3.74,241.52,6.36,40401.24
2023-08-25,Store_09,75311,Grocery,0,None,0.0,78.7,3.76,241.2,6.27,44907.94
2023-09-01,Store_09,75311,Grocery,1,Labor_Day,0.15,76.0,3.75,241.85,6.25,55137.08
2023-09-08,Store_09,75311,Grocery,1,Labor_Day,0.0,80.1,3.67,242.07,6.37,45947.83
2023-09-15,Store_09,75311,Grocery,0,None,0.0,70.1,3.64,241.76,6.32,41014.78
2023-09-22,Store_09,75311,Grocery,0,None,0.0,72.1,3.64,243.24,6.31,38630.88
2023-09-29,Store_09,75311,Grocery,0,None,0.0,67.4,3.51,242.74,6.34,37651.47
2023-10-06,Store_09,75311,Grocery,0,None,0.0,65.8,3.52,242.1,6.19,39862.96
2023-10-13,Store_09,75311,Grocery,0,None,0.0,62.0,3.64,243.21,6.24,35849.78
2023-10-20,Store_09,75311,Grocery,0,None,0.0,57.5,3.62,242.59,6.13,35310.47
2023-10-27,Store_09,75311,Grocery,0,None,0.0,64.2,3.5,243.66,6.18,33728.1
2023-11-03,Store_09,75311,Grocery,0,None,0.0,49.8,3.51,244.04,6.12,36284.09
2023-11-10,Store_09,75311,Grocery,0,None,0.0,49.5,3.46,243.24,6.12,36076.41
2023-11-17,Store_09,75311,Grocery,0,None,0.0,51.7,3.57,244.33,6.16,32437.76
2023-11-24,Store_09,75311,Grocery,1,Thanksgiving_BlackFriday,0.0,46.9,3.43,244.24,6.0,46217.7
2023-12-01,Store_09,75311,Grocery,0,None,0.16,45.9,3.34,244.64,6.27,43368.31
2023-12-08,Store_09,75311,Grocery,0,None,0.0,40.0,3.26,245.37,5.95,34467.42
2023-12-15,Store_09,75311,Grocery,0,None,0.0,36.8,3.19,244.49,5.91,33659.63
2023-12-22,Store_09,75311,Grocery,1,Christmas_Holiday,0.0,39.0,3.25,244.43,6.13,46106.77
2023-12-29,Store_09,75311,Grocery,1,Christmas_Holiday,0.26,31.3,3.16,244.56,6.08,63981.58
2021-01-01,Store_09,75311,Home_Garden,0,None,0.25,35.4,3.23,214.14,8.42,23947.63
2021-01-08,Store_09,75311,Home_Garden,0,None,0.0,35.0,3.27,214.91,8.48,18152.35
2021-01-15,Store_09,75311,Home_Garden,0,None,0.0,31.4,3.27,214.88,8.5,17201.67
2021-01-22,Store_09,75311,Home_Garden,0,None,0.0,28.1,3.26,215.73,8.48,17568.84
2021-01-29,Store_09,75311,Home_Garden,0,None,0.0,35.4,3.35,215.32,8.52,17016.43
2021-02-05,Store_09,75311,Home_Garden,1,Super_Bowl,0.21,34.6,3.34,215.26,8.42,25756.64
2021-02-12,Store_09,75311,Home_Garden,1,Super_Bowl,0.16,34.4,3.46,216.89,8.55,27546.3
2021-02-19,Store_09,75311,Home_Garden,0,None,0.0,42.5,3.44,216.23,8.36,16995.39
2021-02-26,Store_09,75311,Home_Garden,0,None,0.0,44.8,3.44,216.57,8.64,19015.99
2021-03-05,Store_09,75311,Home_Garden,0,None,0.0,42.5,3.49,216.02,8.42,21274.82
2021-03-12,Store_09,75311,Home_Garden,0,None,0.0,40.7,3.56,216.65,8.25,20823.91
2021-03-19,Store_09,75311,Home_Garden,0,None,0.0,44.0,3.54,217.17,8.22,22028.0
2021-03-26,Store_09,75311,Home_Garden,1,Easter,0.0,47.2,3.56,216.73,8.36,23338.62
2021-04-02,Store_09,75311,Home_Garden,1,Easter,0.0,52.4,3.64,217.69,8.27,24947.58
2021-04-09,Store_09,75311,Home_Garden,1,Easter,0.0,54.6,3.66,217.39,8.35,24233.34
2021-04-16,Store_09,75311,Home_Garden,0,None,0.0,57.2,3.65,217.74,8.31,30731.97
2021-04-23,Store_09,75311,Home_Garden,0,None,0.0,57.2,3.67,217.78,8.24,29241.83
2021-04-30,Store_09,75311,Home_Garden,0,None,0.0,62.1,3.73,219.2,8.14,31326.37
2021-05-07,Store_09,75311,Home_Garden,0,None,0.0,66.0,3.66,218.45,8.06,29576.19
2021-05-14,Store_09,75311,Home_Garden,0,None,0.0,66.3,3.68,218.12,8.15,28456.65
2021-05-21,Store_09,75311,Home_Garden,0,None,0.0,69.4,3.73,219.26,8.27,31868.15
2021-05-28,Store_09,75311,Home_Garden,0,None,0.0,70.1,3.76,218.43,8.18,29428.92
2021-06-04,Store_09,75311,Home_Garden,0,None,0.0,80.6,3.8,219.34,8.02,31556.87
2021-06-11,Store_09,75311,Home_Garden,0,None,0.0,78.3,3.86,218.44,8.15,29457.95
2021-06-18,Store_09,75311,Home_Garden,0,None,0.14,79.8,3.84,218.95,8.15,40125.51
2021-06-25,Store_09,75311,Home_Garden,0,None,0.0,84.5,3.79,219.91,8.01,30773.15
2021-07-02,Store_09,75311,Home_Garden,0,None,0.0,83.9,3.8,220.37,8.1,30416.45
2021-07-09,Store_09,75311,Home_Garden,0,None,0.0,80.8,3.75,220.28,8.07,29516.28
2021-07-16,Store_09,75311,Home_Garden,0,None,0.0,87.4,3.79,220.33,7.94,30473.21
2021-07-23,Store_09,75311,Home_Garden,0,None,0.0,92.4,3.78,220.43,8.07,22525.88
2021-07-30,Store_09,75311,Home_Garden,0,None,0.13,83.2,3.8,220.03,8.08,25934.1
2021-08-06,Store_09,75311,Home_Garden,0,None,0.0,85.6,3.73,220.6,8.11,22775.16
2021-08-13,Store_09,75311,Home_Garden,0,None,0.19,87.4,3.79,220.92,8.09,27867.95
2021-08-20,Store_09,75311,Home_Garden,0,None,0.0,80.2,3.82,221.87,7.83,21666.77
2021-08-27,Store_09,75311,Home_Garden,0,None,0.0,78.9,3.73,221.71,7.86,20909.52
2021-09-03,Store_09,75311,Home_Garden,1,Labor_Day,0.0,78.9,3.73,220.85,7.99,22218.6
2021-09-10,Store_09,75311,Home_Garden,1,Labor_Day,0.0,76.5,3.73,222.09,7.97,21252.52
2021-09-17,Store_09,75311,Home_Garden,0,None,0.0,75.3,3.65,221.92,7.96,19852.37
2021-09-24,Store_09,75311,Home_Garden,0,None,0.11,71.3,3.66,221.97,8.28,22111.79
2021-10-01,Store_09,75311,Home_Garden,0,None,0.0,71.8,3.62,222.81,7.93,20289.51
2021-10-08,Store_09,75311,Home_Garden,0,None,0.0,61.9,3.6,223.21,7.97,17945.21
2021-10-15,Store_09,75311,Home_Garden,0,None,0.0,62.0,3.53,223.35,7.94,18997.92
2021-10-22,Store_09,75311,Home_Garden,0,None,0.0,62.1,3.54,222.66,7.89,17979.35
2021-10-29,Store_09,75311,Home_Garden,0,None,0.17,58.7,3.54,223.11,7.78,22316.04
2021-11-05,Store_09,75311,Home_Garden,0,None,0.0,49.0,3.55,223.63,7.87,17285.89
2021-11-12,Store_09,75311,Home_Garden,0,None,0.0,47.6,3.49,224.14,7.7,16546.75
2021-11-19,Store_09,75311,Home_Garden,0,None,0.0,51.8,3.52,223.61,7.74,17706.72
2021-11-26,Store_09,75311,Home_Garden,1,Thanksgiving_BlackFriday,0.25,50.1,3.34,223.95,7.7,30780.02
2021-12-03,Store_09,75311,Home_Garden,0,None,0.2,46.1,3.39,223.68,7.74,22486.11
2021-12-10,Store_09,75311,Home_Garden,0,None,0.2,44.8,3.32,223.82,7.95,24384.7
2021-12-17,Store_09,75311,Home_Garden,0,None,0.0,42.9,3.38,225.02,7.51,18053.24
2021-12-24,Store_09,75311,Home_Garden,1,Christmas_Holiday,0.2,42.2,3.2,225.49,7.75,26668.97
2021-12-31,Store_09,75311,Home_Garden,1,Christmas_Holiday,0.0,38.9,3.16,224.96,7.51,22155.92
2022-01-07,Store_09,75311,Home_Garden,0,None,0.0,30.7,3.13,225.69,7.6,19510.74
2022-01-14,Store_09,75311,Home_Garden,0,None,0.07,31.9,3.02,225.57,7.74,19446.56
2022-01-21,Store_09,75311,Home_Garden,0,None,0.0,33.0,3.07,225.25,7.63,18164.59
2022-01-28,Store_09,75311,Home_Garden,0,None,0.0,33.1,3.02,225.95,7.49,19490.74
2022-02-04,Store_09,75311,Home_Garden,0,None,0.0,30.4,3.03,226.73,7.52,19892.1
2022-02-11,Store_09,75311,Home_Garden,1,Super_Bowl,0.0,35.7,3.0,226.14,7.64,21807.86
2022-02-18,Store_09,75311,Home_Garden,0,None,0.0,38.4,3.05,227.13,7.48,20407.04
2022-02-25,Store_09,75311,Home_Garden,0,None,0.0,45.4,2.97,225.23,7.56,19360.77
2022-03-04,Store_09,75311,Home_Garden,0,None,0.0,41.7,2.86,227.14,7.53,21077.52
2022-03-11,Store_09,75311,Home_Garden,0,None,0.12,45.1,2.81,226.97,7.44,25111.04
2022-03-18,Store_09,75311,Home_Garden,0,None,0.15,40.1,2.85,226.97,7.7,25930.09
2022-03-25,Store_09,75311,Home_Garden,1,Easter,0.0,46.0,2.74,227.35,7.54,23598.11
2022-04-01,Store_09,75311,Home_Garden,1,Easter,0.23,51.3,2.87,226.51,7.26,34841.59
2022-04-08,Store_09,75311,Home_Garden,1,Easter,0.0,55.8,2.81,227.58,7.46,24681.47
2022-04-15,Store_09,75311,Home_Garden,1,Easter,0.08,57.6,2.7,228.06,7.36,36824.88
2022-04-22,Store_09,75311,Home_Garden,0,None,0.21,62.1,2.62,228.82,7.5,41711.55
2022-04-29,Store_09,75311,Home_Garden,0,None,0.0,68.4,2.75,228.01,7.31,31386.07
2022-05-06,Store_09,75311,Home_Garden,0,None,0.0,64.2,2.66,228.06,7.37,30252.67
2022-05-13,Store_09,75311,Home_Garden,0,None,0.0,74.4,2.71,228.4,7.41,31066.04
2022-05-20,Store_09,75311,Home_Garden,0,None,0.15,73.0,2.56,229.3,7.43,37150.13
2022-05-27,Store_09,75311,Home_Garden,0,None,0.0,72.2,2.6,229.2,7.21,30989.54
2022-06-03,Store_09,75311,Home_Garden,0,None,0.0,77.4,2.62,228.97,7.28,30406.38
2022-06-10,Store_09,75311,Home_Garden,0,None,0.0,80.7,2.61,229.68,7.25,32613.69
2022-06-17,Store_09,75311,Home_Garden,0,None,0.0,84.5,2.58,229.66,7.22,32368.48
2022-06-24,Store_09,75311,Home_Garden,0,None,0.12,81.1,2.63,230.29,7.44,37656.16
2022-07-01,Store_09,75311,Home_Garden,0,None,0.26,82.1,2.55,229.65,7.29,44114.34
2022-07-08,Store_09,75311,Home_Garden,0,None,0.0,84.5,2.59,230.03,7.11,31474.42
2022-07-15,Store_09,75311,Home_Garden,0,None,0.26,87.5,2.61,230.19,7.31,42692.54
2022-07-22,Store_09,75311,Home_Garden,0,None,0.0,89.3,2.64,229.85,7.41,24274.24
2022-07-29,Store_09,75311,Home_Garden,0,None,0.0,84.6,2.65,230.92,7.29,23052.56
2022-08-05,Store_09,75311,Home_Garden,0,None,0.28,78.4,2.57,231.09,7.02,33442.1
2022-08-12,Store_09,75311,Home_Garden,0,None,0.0,83.8,2.56,231.16,7.11,21842.97
2022-08-19,Store_09,75311,Home_Garden,0,None,0.0,79.3,2.72,231.23,7.26,22621.83
2022-08-26,Store_09,75311,Home_Garden,0,None,0.0,81.1,2.69,230.83,7.05,23030.6
2022-09-02,Store_09,75311,Home_Garden,1,Labor_Day,0.13,77.1,2.65,231.52,7.15,30578.74
2022-09-09,Store_09,75311,Home_Garden,1,Labor_Day,0.17,73.5,2.78,231.75,7.17,28046.04
2022-09-16,Store_09,75311,Home_Garden,0,None,0.0,73.3,2.73,231.71,6.98,20672.88
2022-09-23,Store_09,75311,Home_Garden,0,None,0.0,67.2,2.81,232.23,7.05,20898.79
2022-09-30,Store_09,75311,Home_Garden,0,None,0.15,71.3,2.78,232.7,6.72,24929.69
2022-10-07,Store_09,75311,Home_Garden,0,None,0.0,66.5,2.91,233.64,6.92,19339.78
2022-10-14,Store_09,75311,Home_Garden,0,None,0.24,61.3,2.92,232.97,6.98,25545.13
2022-10-21,Store_09,75311,Home_Garden,0,None,0.0,52.9,2.85,233.21,6.87,20177.67
2022-10-28,Store_09,75311,Home_Garden,0,None,0.0,56.1,2.94,233.23,7.14,17180.16
2022-11-04,Store_09,75311,Home_Garden,0,None,0.0,55.4,2.95,232.5,6.82,18170.22
2022-11-11,Store_09,75311,Home_Garden,0,None,0.0,58.4,3.02,233.64,6.9,19107.15
2022-11-18,Store_09,75311,Home_Garden,0,None,0.0,49.2,2.94,233.88,6.94,19457.29
2022-11-25,Store_09,75311,Home_Garden,1,Thanksgiving_BlackFriday,0.21,45.5,3.06,235.27,7.06,29576.61
2022-12-02,Store_09,75311,Home_Garden,0,None,0.0,42.1,3.11,234.13,6.75,17828.85
2022-12-09,Store_09,75311,Home_Garden,0,None,0.11,35.8,3.0,234.57,7.0,20629.36
2022-12-16,Store_09,75311,Home_Garden,0,None,0.0,40.4,3.07,234.6,6.87,18108.1
2022-12-23,Store_09,75311,Home_Garden,1,Christmas_Holiday,0.18,38.9,3.06,234.22,6.75,28141.72
2022-12-30,Store_09,75311,Home_Garden,1,Christmas_Holiday,0.0,35.0,3.19,235.57,6.88,23712.71
2023-01-06,Store_09,75311,Home_Garden,0,None,0.0,35.1,3.27,235.57,6.84,18966.17
2023-01-13,Store_09,75311,Home_Garden,0,None,0.0,37.6,3.35,235.78,6.74,20597.47
2023-01-20,Store_09,75311,Home_Garden,0,None,0.0,35.3,3.31,235.12,6.79,19715.66
2023-01-27,Store_09,75311,Home_Garden,0,None,0.0,35.4,3.43,236.47,6.73,19339.28
2023-02-03,Store_09,75311,Home_Garden,0,None,0.0,37.8,3.31,235.26,6.76,19501.12
2023-02-10,Store_09,75311,Home_Garden,1,Super_Bowl,0.13,40.2,3.33,236.45,6.8,26343.66
2023-02-17,Store_09,75311,Home_Garden,0,None,0.0,40.1,3.44,237.44,6.88,22097.0
2023-02-24,Store_09,75311,Home_Garden,0,None,0.0,43.2,3.5,236.04,6.58,21769.42
2023-03-03,Store_09,75311,Home_Garden,0,None,0.0,43.2,3.51,236.45,6.9,20774.13
2023-03-10,Store_09,75311,Home_Garden,0,None,0.0,45.6,3.44,236.97,6.48,21788.19
2023-03-17,Store_09,75311,Home_Garden,0,None,0.0,47.2,3.57,236.86,6.64,20007.78
2023-03-24,Store_09,75311,Home_Garden,0,None,0.0,46.6,3.53,236.53,6.7,22270.54
2023-03-31,Store_09,75311,Home_Garden,1,Easter,0.0,48.0,3.66,237.53,6.65,27511.38
2023-04-07,Store_09,75311,Home_Garden,1,Easter,0.0,55.9,3.67,237.16,6.55,26548.1
2023-04-14,Store_09,75311,Home_Garden,1,Easter,0.0,58.0,3.63,238.12,6.57,33623.4
2023-04-21,Store_09,75311,Home_Garden,0,None,0.19,60.6,3.67,237.62,6.53,43234.31
2023-04-28,Store_09,75311,Home_Garden,0,None,0.0,61.7,3.66,239.04,6.5,31191.79
2023-05-05,Store_09,75311,Home_Garden,0,None,0.0,62.8,3.73,238.07,6.63,30452.55
2023-05-12,Store_09,75311,Home_Garden,0,None,0.0,66.1,3.79,238.49,6.56,28614.68
2023-05-19,Store_09,75311,Home_Garden,0,None,0.0,74.9,3.71,239.25,6.44,32518.49
2023-05-26,Store_09,75311,Home_Garden,0,None,0.0,64.6,3.8,238.42,6.59,32610.63
2023-06-02,Store_09,75311,Home_Garden,0,None,0.0,77.7,3.76,239.34,6.51,32331.74
2023-06-09,Store_09,75311,Home_Garden,0,None,0.26,79.0,3.75,240.08,6.55,46446.72
2023-06-16,Store_09,75311,Home_Garden,0,None,0.0,78.2,3.79,238.81,6.51,32256.05
2023-06-23,Store_09,75311,Home_Garden,0,None,0.0,84.7,3.75,239.9,6.35,31200.43
2023-06-30,Store_09,75311,Home_Garden,0,None,0.0,78.8,3.77,240.13,6.36,32651.37
2023-07-07,Store_09,75311,Home_Garden,0,None,0.0,80.2,3.74,240.58,6.48,31449.65
2023-07-14,Store_09,75311,Home_Garden,0,None,0.0,85.8,3.89,239.77,6.45,30855.63
2023-07-21,Store_09,75311,Home_Garden,0,None,0.23,89.9,3.79,239.92,6.37,32749.47
2023-07-28,Store_09,75311,Home_Garden,0,None,0.0,84.8,3.75,241.03,6.36,25241.79
2023-08-04,Store_09,75311,Home_Garden,0,None,0.06,86.1,3.78,241.11,6.46,27260.99
2023-08-11,Store_09,75311,Home_Garden,0,None,0.26,82.8,3.76,241.28,6.26,31321.08
2023-08-18,Store_09,75311,Home_Garden,0,None,0.0,85.7,3.74,241.52,6.36,24900.62
2023-08-25,Store_09,75311,Home_Garden,0,None,0.06,80.5,3.76,241.2,6.27,24192.83
2023-09-01,Store_09,75311,Home_Garden,1,Labor_Day,0.13,78.5,3.75,241.85,6.25,30449.53
2023-09-08,Store_09,75311,Home_Garden,1,Labor_Day,0.17,76.1,3.67,242.07,6.37,30498.7
2023-09-15,Store_09,75311,Home_Garden,0,None,0.0,71.0,3.64,241.76,6.32,21128.44
2023-09-22,Store_09,75311,Home_Garden,0,None,0.28,71.1,3.64,243.24,6.31,28295.64
2023-09-29,Store_09,75311,Home_Garden,0,None,0.0,71.9,3.51,242.74,6.34,20731.21
2023-10-06,Store_09,75311,Home_Garden,0,None,0.0,64.4,3.52,242.1,6.19,19230.73
2023-10-13,Store_09,75311,Home_Garden,0,None,0.0,61.7,3.64,243.21,6.24,19206.98
2023-10-20,Store_09,75311,Home_Garden,0,None,0.1,63.1,3.62,242.59,6.13,22507.17
2023-10-27,Store_09,75311,Home_Garden,0,None,0.0,55.7,3.5,243.66,6.18,18787.62
2023-11-03,Store_09,75311,Home_Garden,0,None,0.0,58.1,3.51,244.04,6.12,18505.85
2023-11-10,Store_09,75311,Home_Garden,0,None,0.0,51.2,3.46,243.24,6.12,18869.62
2023-11-17,Store_09,75311,Home_Garden,0,None,0.0,46.1,3.57,244.33,6.16,18651.78
2023-11-24,Store_09,75311,Home_Garden,1,Thanksgiving_BlackFriday,0.0,43.4,3.43,244.24,6.0,23499.72
2023-12-01,Store_09,75311,Home_Garden,0,None,0.0,46.3,3.34,244.64,6.27,19151.9
2023-12-08,Store_09,75311,Home_Garden,0,None,0.0,44.5,3.26,245.37,5.95,18681.0
2023-12-15,Store_09,75311,Home_Garden,0,None,0.0,39.8,3.19,244.49,5.91,18560.41
2023-12-22,Store_09,75311,Home_Garden,1,Christmas_Holiday,0.0,39.7,3.25,244.43,6.13,21950.83
2023-12-29,Store_09,75311,Home_Garden,1,Christmas_Holiday,0.22,36.5,3.16,244.56,6.08,33740.88
2021-01-01,Store_09,75311,Pharmacy,0,None,0.0,30.1,3.23,214.14,8.42,14041.85
2021-01-08,Store_09,75311,Pharmacy,0,None,0.0,33.4,3.27,214.91,8.48,14255.9
2021-01-15,Store_09,75311,Pharmacy,0,None,0.17,33.1,3.27,214.88,8.5,16144.92
2021-01-22,Store_09,75311,Pharmacy,0,None,0.17,39.2,3.26,215.73,8.48,16294.87
2021-01-29,Store_09,75311,Pharmacy,0,None,0.0,37.3,3.35,215.32,8.52,13936.08
2021-02-05,Store_09,75311,Pharmacy,1,Super_Bowl,0.18,34.1,3.34,215.26,8.42,17762.26
2021-02-12,Store_09,75311,Pharmacy,1,Super_Bowl,0.0,31.3,3.46,216.89,8.55,15242.31
2021-02-19,Store_09,75311,Pharmacy,0,None,0.0,39.4,3.44,216.23,8.36,15398.19
2021-02-26,Store_09,75311,Pharmacy,0,None,0.0,37.9,3.44,216.57,8.64,15706.37
2021-03-05,Store_09,75311,Pharmacy,0,None,0.0,46.5,3.49,216.02,8.42,16781.61
2021-03-12,Store_09,75311,Pharmacy,0,None,0.0,45.7,3.56,216.65,8.25,15457.44
2021-03-19,Store_09,75311,Pharmacy,0,None,0.0,46.6,3.54,217.17,8.22,16324.95
2021-03-26,Store_09,75311,Pharmacy,1,Easter,0.0,46.3,3.56,216.73,8.36,18259.48
2021-04-02,Store_09,75311,Pharmacy,1,Easter,0.0,49.9,3.64,217.69,8.27,16639.75
2021-04-09,Store_09,75311,Pharmacy,1,Easter,0.0,54.2,3.66,217.39,8.35,18157.94
2021-04-16,Store_09,75311,Pharmacy,0,None,0.0,56.0,3.65,217.74,8.31,16444.18
2021-04-23,Store_09,75311,Pharmacy,0,None,0.0,58.9,3.67,217.78,8.24,17649.61
2021-04-30,Store_09,75311,Pharmacy,0,None,0.0,64.1,3.73,219.2,8.14,17285.09
2021-05-07,Store_09,75311,Pharmacy,0,None,0.0,60.9,3.66,218.45,8.06,20027.16
2021-05-14,Store_09,75311,Pharmacy,0,None,0.17,72.0,3.68,218.12,8.15,20726.11
2021-05-21,Store_09,75311,Pharmacy,0,None,0.0,74.1,3.73,219.26,8.27,18378.54
2021-05-28,Store_09,75311,Pharmacy,0,None,0.0,73.7,3.76,218.43,8.18,18591.25
2021-06-04,Store_09,75311,Pharmacy,0,None,0.0,75.1,3.8,219.34,8.02,18641.98
2021-06-11,Store_09,75311,Pharmacy,0,None,0.0,83.2,3.86,218.44,8.15,17127.4
2021-06-18,Store_09,75311,Pharmacy,0,None,0.0,81.9,3.84,218.95,8.15,17918.2
2021-06-25,Store_09,75311,Pharmacy,0,None,0.0,82.5,3.79,219.91,8.01,19449.03
2021-07-02,Store_09,75311,Pharmacy,0,None,0.12,85.3,3.8,220.37,8.1,19348.33
2021-07-09,Store_09,75311,Pharmacy,0,None,0.0,85.4,3.75,220.28,8.07,18172.95
2021-07-16,Store_09,75311,Pharmacy,0,None,0.0,83.4,3.79,220.33,7.94,18615.63
2021-07-23,Store_09,75311,Pharmacy,0,None,0.0,88.7,3.78,220.43,8.07,18090.27
2021-07-30,Store_09,75311,Pharmacy,0,None,0.0,90.4,3.8,220.03,8.08,18354.71
2021-08-06,Store_09,75311,Pharmacy,0,None,0.0,89.1,3.73,220.6,8.11,17326.47
2021-08-13,Store_09,75311,Pharmacy,0,None,0.1,85.1,3.79,220.92,8.09,18333.27
2021-08-20,Store_09,75311,Pharmacy,0,None,0.0,80.0,3.82,221.87,7.83,16315.39
2021-08-27,Store_09,75311,Pharmacy,0,None,0.0,82.0,3.73,221.71,7.86,19150.3
2021-09-03,Store_09,75311,Pharmacy,1,Labor_Day,0.27,82.3,3.73,220.85,7.99,20148.63
2021-09-10,Store_09,75311,Pharmacy,1,Labor_Day,0.23,75.7,3.73,222.09,7.97,18946.32
2021-09-17,Store_09,75311,Pharmacy,0,None,0.22,75.8,3.65,221.92,7.96,17671.77
2021-09-24,Store_09,75311,Pharmacy,0,None,0.0,75.9,3.66,221.97,8.28,15163.23
2021-10-01,Store_09,75311,Pharmacy,0,None,0.24,73.8,3.62,222.81,7.93,17970.22
2021-10-08,Store_09,75311,Pharmacy,0,None,0.13,66.2,3.6,223.21,7.97,17304.23
2021-10-15,Store_09,75311,Pharmacy,0,None,0.0,64.6,3.53,223.35,7.94,15564.64
2021-10-22,Store_09,75311,Pharmacy,0,None,0.0,61.1,3.54,222.66,7.89,14751.83
2021-10-29,Store_09,75311,Pharmacy,0,None,0.0,64.2,3.54,223.11,7.78,13891.68
2021-11-05,Store_09,75311,Pharmacy,0,None,0.25,51.4,3.55,223.63,7.87,15624.55
2021-11-12,Store_09,75311,Pharmacy,0,None,0.0,48.1,3.49,224.14,7.7,14124.38
2021-11-19,Store_09,75311,Pharmacy,0,None,0.18,41.0,3.52,223.61,7.74,15484.73
2021-11-26,Store_09,75311,Pharmacy,1,Thanksgiving_BlackFriday,0.28,49.3,3.34,223.95,7.7,18362.14
2021-12-03,Store_09,75311,Pharmacy,0,None,0.0,41.6,3.39,223.68,7.74,12818.8
2021-12-10,Store_09,75311,Pharmacy,0,None,0.0,36.5,3.32,223.82,7.95,14064.13
2021-12-17,Store_09,75311,Pharmacy,0,None,0.29,35.8,3.38,225.02,7.51,17899.0
2021-12-24,Store_09,75311,Pharmacy,1,Christmas_Holiday,0.1,41.7,3.2,225.49,7.75,16883.59
2021-12-31,Store_09,75311,Pharmacy,1,Christmas_Holiday,0.0,37.0,3.16,224.96,7.51,14579.27
2022-01-07,Store_09,75311,Pharmacy,0,None,0.0,31.2,3.13,225.69,7.6,15067.64
2022-01-14,Store_09,75311,Pharmacy,0,None,0.0,38.1,3.02,225.57,7.74,14366.3
2022-01-21,Store_09,75311,Pharmacy,0,None,0.0,35.1,3.07,225.25,7.63,15287.26
2022-01-28,Store_09,75311,Pharmacy,0,None,0.0,29.3,3.02,225.95,7.49,15670.56
2022-02-04,Store_09,75311,Pharmacy,0,None,0.0,38.7,3.03,226.73,7.52,14955.71
2022-02-11,Store_09,75311,Pharmacy,1,Super_Bowl,0.0,37.5,3.0,226.14,7.64,14569.44
2022-02-18,Store_09,75311,Pharmacy,0,None,0.0,41.2,3.05,227.13,7.48,16499.32
2022-02-25,Store_09,75311,Pharmacy,0,None,0.0,40.5,2.97,225.23,7.56,16203.55
2022-03-04,Store_09,75311,Pharmacy,0,None,0.0,36.2,2.86,227.14,7.53,17072.86
2022-03-11,Store_09,75311,Pharmacy,0,None,0.0,42.8,2.81,226.97,7.44,17948.01
2022-03-18,Store_09,75311,Pharmacy,0,None,0.0,44.4,2.85,226.97,7.7,16761.73
2022-03-25,Store_09,75311,Pharmacy,1,Easter,0.0,48.5,2.74,227.35,7.54,17658.67
2022-04-01,Store_09,75311,Pharmacy,1,Easter,0.0,52.9,2.87,226.51,7.26,19244.16
2022-04-08,Store_09,75311,Pharmacy,1,Easter,0.0,50.7,2.81,227.58,7.46,18936.15
2022-04-15,Store_09,75311,Pharmacy,1,Easter,0.0,57.6,2.7,228.06,7.36,19707.33
2022-04-22,Store_09,75311,Pharmacy,0,None,0.0,55.8,2.62,228.82,7.5,17801.38
2022-04-29,Store_09,75311,Pharmacy,0,None,0.0,63.2,2.75,228.01,7.31,18522.02
2022-05-06,Store_09,75311,Pharmacy,0,None,0.0,67.4,2.66,228.06,7.37,19184.98
2022-05-13,Store_09,75311,Pharmacy,0,None,0.19,69.6,2.71,228.4,7.41,20697.66
2022-05-20,Store_09,75311,Pharmacy,0,None,0.0,74.5,2.56,229.3,7.43,19669.33
2022-05-27,Store_09,75311,Pharmacy,0,None,0.0,75.7,2.6,229.2,7.21,18508.34
2022-06-03,Store_09,75311,Pharmacy,0,None,0.0,79.7,2.62,228.97,7.28,18820.16
2022-06-10,Store_09,75311,Pharmacy,0,None,0.12,75.4,2.61,229.68,7.25,22038.31
2022-06-17,Store_09,75311,Pharmacy,0,None,0.12,84.6,2.58,229.66,7.22,19416.46
2022-06-24,Store_09,75311,Pharmacy,0,None,0.0,84.2,2.63,230.29,7.44,18617.67
2022-07-01,Store_09,75311,Pharmacy,0,None,0.29,82.1,2.55,229.65,7.29,23676.52
2022-07-08,Store_09,75311,Pharmacy,0,None,0.0,77.4,2.59,230.03,7.11,19087.23
2022-07-15,Store_09,75311,Pharmacy,0,None,0.0,85.4,2.61,230.19,7.31,19792.92
2022-07-22,Store_09,75311,Pharmacy,0,None,0.0,83.0,2.64,229.85,7.41,18346.3
2022-07-29,Store_09,75311,Pharmacy,0,None,0.0,83.2,2.65,230.92,7.29,18358.51
2022-08-05,Store_09,75311,Pharmacy,0,None,0.0,82.3,2.57,231.09,7.02,17572.58
2022-08-12,Store_09,75311,Pharmacy,0,None,0.0,83.5,2.56,231.16,7.11,17689.33
2022-08-19,Store_09,75311,Pharmacy,0,None,0.14,82.5,2.72,231.23,7.26,18167.35
2022-08-26,Store_09,75311,Pharmacy,0,None,0.0,82.5,2.69,230.83,7.05,16660.09
2022-09-02,Store_09,75311,Pharmacy,1,Labor_Day,0.21,77.7,2.65,231.52,7.15,20088.13
2022-09-09,Store_09,75311,Pharmacy,1,Labor_Day,0.0,74.8,2.78,231.75,7.17,17854.1
2022-09-16,Store_09,75311,Pharmacy,0,None,0.0,76.7,2.73,231.71,6.98,16215.65
2022-09-23,Store_09,75311,Pharmacy,0,None,0.0,68.1,2.81,232.23,7.05,15244.62
2022-09-30,Store_09,75311,Pharmacy,0,None,0.18,67.7,2.78,232.7,6.72,17842.23
2022-10-07,Store_09,75311,Pharmacy,0,None,0.23,68.0,2.91,233.64,6.92,17507.62
2022-10-14,Store_09,75311,Pharmacy,0,None,0.0,60.6,2.92,232.97,6.98,15794.39
2022-10-21,Store_09,75311,Pharmacy,0,None,0.0,61.7,2.85,233.21,6.87,14344.13
2022-10-28,Store_09,75311,Pharmacy,0,None,0.28,53.7,2.94,233.23,7.14,17791.96
2022-11-04,Store_09,75311,Pharmacy,0,None,0.0,54.2,2.95,232.5,6.82,14915.89
2022-11-11,Store_09,75311,Pharmacy,0,None,0.0,51.0,3.02,233.64,6.9,14810.45
2022-11-18,Store_09,75311,Pharmacy,0,None,0.0,46.0,2.94,233.88,6.94,14710.96
2022-11-25,Store_09,75311,Pharmacy,1,Thanksgiving_BlackFriday,0.21,43.0,3.06,235.27,7.06,17986.43
2022-12-02,Store_09,75311,Pharmacy,0,None,0.0,44.5,3.11,234.13,6.75,13624.96
2022-12-09,Store_09,75311,Pharmacy,0,None,0.0,42.0,3.0,234.57,7.0,14253.3
2022-12-16,Store_09,75311,Pharmacy,0,None,0.0,36.4,3.07,234.6,6.87,13321.92
2022-12-23,Store_09,75311,Pharmacy,1,Christmas_Holiday,0.12,35.7,3.06,234.22,6.75,17416.62
2022-12-30,Store_09,75311,Pharmacy,1,Christmas_Holiday,0.0,35.0,3.19,235.57,6.88,15961.98
2023-01-06,Store_09,75311,Pharmacy,0,None,0.0,34.1,3.27,235.57,6.84,15302.64
2023-01-13,Store_09,75311,Pharmacy,0,None,0.0,29.3,3.35,235.78,6.74,15755.1
2023-01-20,Store_09,75311,Pharmacy,0,None,0.0,35.5,3.31,235.12,6.79,15489.35
2023-01-27,Store_09,75311,Pharmacy,0,None,0.0,34.4,3.43,236.47,6.73,14967.61
2023-02-03,Store_09,75311,Pharmacy,0,None,0.25,35.9,3.31,235.26,6.76,20457.54
2023-02-10,Store_09,75311,Pharmacy,1,Super_Bowl,0.14,36.2,3.33,236.45,6.8,19089.5
2023-02-17,Store_09,75311,Pharmacy,0,None,0.0,35.7,3.44,237.44,6.88,15445.94
2023-02-24,Store_09,75311,Pharmacy,0,None,0.07,36.1,3.5,236.04,6.58,17733.3
2023-03-03,Store_09,75311,Pharmacy,0,None,0.0,48.3,3.51,236.45,6.9,16982.01
2023-03-10,Store_09,75311,Pharmacy,0,None,0.0,47.3,3.44,236.97,6.48,17534.48
2023-03-17,Store_09,75311,Pharmacy,0,None,0.0,44.7,3.57,236.86,6.64,17778.43
2023-03-24,Store_09,75311,Pharmacy,0,None,0.0,46.3,3.53,236.53,6.7,18990.71
2023-03-31,Store_09,75311,Pharmacy,1,Easter,0.19,53.1,3.66,237.53,6.65,21715.13
2023-04-07,Store_09,75311,Pharmacy,1,Easter,0.0,58.9,3.67,237.16,6.55,19547.71
2023-04-14,Store_09,75311,Pharmacy,1,Easter,0.0,55.1,3.63,238.12,6.57,19911.51
2023-04-21,Store_09,75311,Pharmacy,0,None,0.0,62.9,3.67,237.62,6.53,18602.44
2023-04-28,Store_09,75311,Pharmacy,0,None,0.0,63.8,3.66,239.04,6.5,18803.06
2023-05-05,Store_09,75311,Pharmacy,0,None,0.0,64.0,3.73,238.07,6.63,18539.91
2023-05-12,Store_09,75311,Pharmacy,0,None,0.12,65.3,3.79,238.49,6.56,21322.93
2023-05-19,Store_09,75311,Pharmacy,0,None,0.0,70.4,3.71,239.25,6.44,19898.71
2023-05-26,Store_09,75311,Pharmacy,0,None,0.0,75.0,3.8,238.42,6.59,19067.48
2023-06-02,Store_09,75311,Pharmacy,0,None,0.22,79.6,3.76,239.34,6.51,24179.35
2023-06-09,Store_09,75311,Pharmacy,0,None,0.0,80.4,3.75,240.08,6.55,20017.85
2023-06-16,Store_09,75311,Pharmacy,0,None,0.0,80.1,3.79,238.81,6.51,20322.65
2023-06-23,Store_09,75311,Pharmacy,0,None,0.0,84.1,3.75,239.9,6.35,19636.13
2023-06-30,Store_09,75311,Pharmacy,0,None,0.0,82.4,3.77,240.13,6.36,20722.42
2023-07-07,Store_09,75311,Pharmacy,0,None,0.25,80.9,3.74,240.58,6.48,23029.06
2023-07-14,Store_09,75311,Pharmacy,0,None,0.0,86.9,3.89,239.77,6.45,19767.11
2023-07-21,Store_09,75311,Pharmacy,0,None,0.09,82.5,3.79,239.92,6.37,21360.7
2023-07-28,Store_09,75311,Pharmacy,0,None,0.0,87.9,3.75,241.03,6.36,20542.26
2023-08-04,Store_09,75311,Pharmacy,0,None,0.0,83.5,3.78,241.11,6.46,19244.9
2023-08-11,Store_09,75311,Pharmacy,0,None,0.0,86.3,3.76,241.28,6.26,18848.87
2023-08-18,Store_09,75311,Pharmacy,0,None,0.0,83.7,3.74,241.52,6.36,17896.24
2023-08-25,Store_09,75311,Pharmacy,0,None,0.0,80.4,3.76,241.2,6.27,17564.02
2023-09-01,Store_09,75311,Pharmacy,1,Labor_Day,0.0,70.7,3.75,241.85,6.25,18423.34
2023-09-08,Store_09,75311,Pharmacy,1,Labor_Day,0.3,73.6,3.67,242.07,6.37,21961.5
2023-09-15,Store_09,75311,Pharmacy,0,None,0.0,77.5,3.64,241.76,6.32,16107.23
2023-09-22,Store_09,75311,Pharmacy,0,None,0.0,71.8,3.64,243.24,6.31,17080.08
2023-09-29,Store_09,75311,Pharmacy,0,None,0.0,65.1,3.51,242.74,6.34,15908.84
2023-10-06,Store_09,75311,Pharmacy,0,None,0.0,68.6,3.52,242.1,6.19,15966.46
2023-10-13,Store_09,75311,Pharmacy,0,None,0.17,62.0,3.64,243.21,6.24,18544.17
2023-10-20,Store_09,75311,Pharmacy,0,None,0.13,62.5,3.62,242.59,6.13,16686.48
2023-10-27,Store_09,75311,Pharmacy,0,None,0.0,56.1,3.5,243.66,6.18,15926.25
2023-11-03,Store_09,75311,Pharmacy,0,None,0.0,49.8,3.51,244.04,6.12,16140.72
2023-11-10,Store_09,75311,Pharmacy,0,None,0.27,50.2,3.46,243.24,6.12,17762.88
2023-11-17,Store_09,75311,Pharmacy,0,None,0.13,47.2,3.57,244.33,6.16,16485.49
2023-11-24,Store_09,75311,Pharmacy,1,Thanksgiving_BlackFriday,0.19,45.9,3.43,244.24,6.0,20618.39
2023-12-01,Store_09,75311,Pharmacy,0,None,0.0,44.7,3.34,244.64,6.27,15802.64
2023-12-08,Store_09,75311,Pharmacy,0,None,0.0,43.6,3.26,245.37,5.95,14518.32
2023-12-15,Store_09,75311,Pharmacy,0,None,0.0,38.3,3.19,244.49,5.91,14542.64
2023-12-22,Store_09,75311,Pharmacy,1,Christmas_Holiday,0.15,41.2,3.25,244.43,6.13,20170.23
2023-12-29,Store_09,75311,Pharmacy,1,Christmas_Holiday,0.0,36.1,3.16,244.56,6.08,16299.19
2021-01-01,Store_10,155305,Apparel,0,None,0.0,37.2,3.23,214.14,8.42,18100.55
2021-01-08,Store_10,155305,Apparel,0,None,0.0,36.3,3.27,214.91,8.48,18340.77
2021-01-15,Store_10,155305,Apparel,0,None,0.0,36.9,3.27,214.88,8.5,17403.13
2021-01-22,Store_10,155305,Apparel,0,None,0.0,33.2,3.26,215.73,8.48,17496.04
2021-01-29,Store_10,155305,Apparel,0,None,0.0,34.2,3.35,215.32,8.52,17623.08
2021-02-05,Store_10,155305,Apparel,1,Super_Bowl,0.0,34.6,3.34,215.26,8.42,25514.02
2021-02-12,Store_10,155305,Apparel,1,Super_Bowl,0.1,36.1,3.46,216.89,8.55,31187.32
2021-02-19,Store_10,155305,Apparel,0,None,0.0,40.7,3.44,216.23,8.36,18584.73
2021-02-26,Store_10,155305,Apparel,0,None,0.0,35.6,3.44,216.57,8.64,19578.68
2021-03-05,Store_10,155305,Apparel,0,None,0.0,43.8,3.49,216.02,8.42,21080.26
2021-03-12,Store_10,155305,Apparel,0,None,0.0,42.8,3.56,216.65,8.25,21783.88
2021-03-19,Store_10,155305,Apparel,0,None,0.0,46.8,3.54,217.17,8.22,19087.46
2021-03-26,Store_10,155305,Apparel,1,Easter,0.0,43.1,3.56,216.73,8.36,28205.45
2021-04-02,Store_10,155305,Apparel,1,Easter,0.28,50.0,3.64,217.69,8.27,45387.81
2021-04-09,Store_10,155305,Apparel,1,Easter,0.0,51.4,3.66,217.39,8.35,29473.12
2021-04-16,Store_10,155305,Apparel,0,None,0.0,58.8,3.65,217.74,8.31,20992.18
2021-04-23,Store_10,155305,Apparel,0,None,0.25,55.8,3.67,217.78,8.24,35144.45
2021-04-30,Store_10,155305,Apparel,0,None,0.0,59.3,3.73,219.2,8.14,24401.63
2021-05-07,Store_10,155305,Apparel,0,None,0.0,61.3,3.66,218.45,8.06,22077.59
2021-05-14,Store_10,155305,Apparel,0,None,0.07,64.9,3.68,218.12,8.15,24735.98
2021-05-21,Store_10,155305,Apparel,0,None,0.27,72.9,3.73,219.26,8.27,34191.48
2021-05-28,Store_10,155305,Apparel,0,None,0.08,74.5,3.76,218.43,8.18,28982.14
2021-06-04,Store_10,155305,Apparel,0,None,0.0,75.5,3.8,219.34,8.02,23343.49
2021-06-11,Store_10,155305,Apparel,0,None,0.0,75.8,3.86,218.44,8.15,24319.03
2021-06-18,Store_10,155305,Apparel,0,None,0.0,80.1,3.84,218.95,8.15,22374.96
2021-06-25,Store_10,155305,Apparel,0,None,0.0,79.3,3.79,219.91,8.01,23866.52
2021-07-02,Store_10,155305,Apparel,0,None,0.14,85.2,3.8,220.37,8.1,29680.74
2021-07-09,Store_10,155305,Apparel,0,None,0.0,81.1,3.75,220.28,8.07,22588.83
2021-07-16,Store_10,155305,Apparel,0,None,0.0,82.8,3.79,220.33,7.94,21990.13
2021-07-23,Store_10,155305,Apparel,0,None,0.0,84.7,3.78,220.43,8.07,21533.96
2021-07-30,Store_10,155305,Apparel,0,None,0.0,86.0,3.8,220.03,8.08,21980.44
2021-08-06,Store_10,155305,Apparel,0,None,0.0,82.2,3.73,220.6,8.11,21573.08
2021-08-13,Store_10,155305,Apparel,0,None,0.0,80.9,3.79,220.92,8.09,28155.33
2021-08-20,Store_10,155305,Apparel,0,None,0.25,82.9,3.82,221.87,7.83,39710.47
2021-08-27,Store_10,155305,Apparel,0,None,0.0,79.3,3.73,221.71,7.86,25838.55
2021-09-03,Store_10,155305,Apparel,1,Labor_Day,0.18,80.4,3.73,220.85,7.99,46663.29
2021-09-10,Store_10,155305,Apparel,1,Labor_Day,0.18,69.3,3.73,222.09,7.97,47760.35
2021-09-17,Store_10,155305,Apparel,0,None,0.0,72.2,3.65,221.92,7.96,18448.61
2021-09-24,Store_10,155305,Apparel,0,None,0.21,74.5,3.66,221.97,8.28,28662.61
2021-10-01,Store_10,155305,Apparel,0,None,0.06,68.2,3.62,222.81,7.93,21959.13
2021-10-08,Store_10,155305,Apparel,0,None,0.0,63.0,3.6,223.21,7.97,18450.17
2021-10-15,Store_10,155305,Apparel,0,None,0.06,61.9,3.53,223.35,7.94,20571.71
2021-10-22,Store_10,155305,Apparel,0,None,0.0,54.3,3.54,222.66,7.89,16020.85
2021-10-29,Store_10,155305,Apparel,0,None,0.19,56.4,3.54,223.11,7.78,25201.37
2021-11-05,Store_10,155305,Apparel,0,None,0.0,52.6,3.55,223.63,7.87,18352.3
2021-11-12,Store_10,155305,Apparel,0,None,0.0,55.2,3.49,224.14,7.7,16729.26
2021-11-19,Store_10,155305,Apparel,0,None,0.0,45.6,3.52,223.61,7.74,18035.82
2021-11-26,Store_10,155305,Apparel,1,Thanksgiving_BlackFriday,0.0,47.0,3.34,223.95,7.7,29974.85
2021-12-03,Store_10,155305,Apparel,0,None,0.0,43.7,3.39,223.68,7.74,17076.22
2021-12-10,Store_10,155305,Apparel,0,None,0.0,40.8,3.32,223.82,7.95,16818.76
2021-12-17,Store_10,155305,Apparel,0,None,0.0,36.7,3.38,225.02,7.51,16960.25
2021-12-24,Store_10,155305,Apparel,1,Christmas_Holiday,0.0,31.1,3.2,225.49,7.75,31684.88
2021-12-31,Store_10,155305,Apparel,1,Christmas_Holiday,0.18,32.7,3.16,224.96,7.51,46058.5
2022-01-07,Store_10,155305,Apparel,0,None,0.0,41.6,3.13,225.69,7.6,17804.42
2022-01-14,Store_10,155305,Apparel,0,None,0.0,35.4,3.02,225.57,7.74,17876.11
2022-01-21,Store_10,155305,Apparel,0,None,0.0,35.1,3.07,225.25,7.63,19295.95
2022-01-28,Store_10,155305,Apparel,0,None,0.3,37.4,3.02,225.95,7.49,28439.78
2022-02-04,Store_10,155305,Apparel,0,None,0.0,39.5,3.03,226.73,7.52,19705.62
2022-02-11,Store_10,155305,Apparel,1,Super_Bowl,0.0,37.2,3.0,226.14,7.64,24946.17
2022-02-18,Store_10,155305,Apparel,0,None,0.0,42.0,3.05,227.13,7.48,20407.45
2022-02-25,Store_10,155305,Apparel,0,None,0.0,36.3,2.97,225.23,7.56,19587.27
2022-03-04,Store_10,155305,Apparel,0,None,0.0,37.8,2.86,227.14,7.53,19663.88
2022-03-11,Store_10,155305,Apparel,0,None,0.0,47.1,2.81,226.97,7.44,20934.6
2022-03-18,Store_10,155305,Apparel,0,None,0.0,43.8,2.85,226.97,7.7,22238.73
2022-03-25,Store_10,155305,Apparel,1,Easter,0.0,51.6,2.74,227.35,7.54,29802.8
2022-04-01,Store_10,155305,Apparel,1,Easter,0.0,47.4,2.87,226.51,7.26,29886.42
2022-04-08,Store_10,155305,Apparel,1,Easter,0.0,52.5,2.81,227.58,7.46,30812.51
2022-04-15,Store_10,155305,Apparel,1,Easter,0.29,51.9,2.7,228.06,7.36,49037.14
2022-04-22,Store_10,155305,Apparel,0,None,0.24,58.3,2.62,228.82,7.5,33890.31
2022-04-29,Store_10,155305,Apparel,0,None,0.0,64.4,2.75,228.01,7.31,22942.93
2022-05-06,Store_10,155305,Apparel,0,None,0.0,64.6,2.66,228.06,7.37,23892.84
2022-05-13,Store_10,155305,Apparel,0,None,0.27,65.2,2.71,228.4,7.41,38620.08
2022-05-20,Store_10,155305,Apparel,0,None,0.0,74.5,2.56,229.3,7.43,23704.71
2022-05-27,Store_10,155305,Apparel,0,None,0.0,76.2,2.6,229.2,7.21,24922.36
2022-06-03,Store_10,155305,Apparel,0,None,0.0,73.7,2.62,228.97,7.28,22750.84
2022-06-10,Store_10,155305,Apparel,0,None,0.0,75.3,2.61,229.68,7.25,23735.03
2022-06-17,Store_10,155305,Apparel,0,None,0.0,77.8,2.58,229.66,7.22,23665.38
2022-06-24,Store_10,155305,Apparel,0,None,0.0,80.0,2.63,230.29,7.44,23757.89
2022-07-01,Store_10,155305,Apparel,0,None,0.0,81.1,2.55,229.65,7.29,23655.38
2022-07-08,Store_10,155305,Apparel,0,None,0.0,85.5,2.59,230.03,7.11,23138.7
2022-07-15,Store_10,155305,Apparel,0,None,0.14,79.7,2.61,230.19,7.31,30267.6
2022-07-22,Store_10,155305,Apparel,0,None,0.0,84.4,2.64,229.85,7.41,21490.91
2022-07-29,Store_10,155305,Apparel,0,None,0.0,86.5,2.65,230.92,7.29,23402.67
2022-08-05,Store_10,155305,Apparel,0,None,0.0,85.1,2.57,231.09,7.02,24296.66
2022-08-12,Store_10,155305,Apparel,0,None,0.0,89.9,2.56,231.16,7.11,27238.8
2022-08-19,Store_10,155305,Apparel,0,None,0.06,80.3,2.72,231.23,7.26,29444.33
2022-08-26,Store_10,155305,Apparel,0,None,0.0,81.5,2.69,230.83,7.05,25590.69
2022-09-02,Store_10,155305,Apparel,1,Labor_Day,0.16,74.1,2.65,231.52,7.15,49966.68
2022-09-09,Store_10,155305,Apparel,1,Labor_Day,0.28,78.7,2.78,231.75,7.17,55852.56
2022-09-16,Store_10,155305,Apparel,0,None,0.0,73.4,2.73,231.71,6.98,19570.63
2022-09-23,Store_10,155305,Apparel,0,None,0.0,69.0,2.81,232.23,7.05,19059.62
2022-09-30,Store_10,155305,Apparel,0,None,0.0,69.9,2.78,232.7,6.72,18773.46
2022-10-07,Store_10,155305,Apparel,0,None,0.0,70.2,2.91,233.64,6.92,19215.76
2022-10-14,Store_10,155305,Apparel,0,None,0.06,60.0,2.92,232.97,6.98,20553.63
2022-10-21,Store_10,155305,Apparel,0,None,0.0,58.7,2.85,233.21,6.87,18002.57
2022-10-28,Store_10,155305,Apparel,0,None,0.25,58.3,2.94,233.23,7.14,29561.21
2022-11-04,Store_10,155305,Apparel,0,None,0.0,53.9,2.95,232.5,6.82,17486.97
2022-11-11,Store_10,155305,Apparel,0,None,0.0,53.6,3.02,233.64,6.9,17412.58
2022-11-18,Store_10,155305,Apparel,0,None,0.0,46.3,2.94,233.88,6.94,17559.45
2022-11-25,Store_10,155305,Apparel,1,Thanksgiving_BlackFriday,0.0,46.2,3.06,235.27,7.06,31517.77
2022-12-02,Store_10,155305,Apparel,0,None,0.0,46.5,3.11,234.13,6.75,17975.8
2022-12-09,Store_10,155305,Apparel,0,None,0.0,43.5,3.0,234.57,7.0,16897.31
2022-12-16,Store_10,155305,Apparel,0,None,0.0,37.6,3.07,234.6,6.87,16964.84
2022-12-23,Store_10,155305,Apparel,1,Christmas_Holiday,0.25,34.1,3.06,234.22,6.75,49215.94
2022-12-30,Store_10,155305,Apparel,1,Christmas_Holiday,0.0,33.1,3.19,235.57,6.88,32643.01
2023-01-06,Store_10,155305,Apparel,0,None,0.0,29.1,3.27,235.57,6.84,19715.38
2023-01-13,Store_10,155305,Apparel,0,None,0.0,36.5,3.35,235.78,6.74,19344.5
2023-01-20,Store_10,155305,Apparel,0,None,0.0,33.6,3.31,235.12,6.79,20403.25
2023-01-27,Store_10,155305,Apparel,0,None,0.0,37.9,3.43,236.47,6.73,18634.22
2023-02-03,Store_10,155305,Apparel,0,None,0.0,37.8,3.31,235.26,6.76,19631.37
2023-02-10,Store_10,155305,Apparel,1,Super_Bowl,0.0,37.7,3.33,236.45,6.8,27701.1
2023-02-17,Store_10,155305,Apparel,0,None,0.0,41.0,3.44,237.44,6.88,21100.61
2023-02-24,Store_10,155305,Apparel,0,None,0.0,35.3,3.5,236.04,6.58,21178.71
2023-03-03,Store_10,155305,Apparel,0,None,0.0,43.5,3.51,236.45,6.9,20994.08
2023-03-10,Store_10,155305,Apparel,0,None,0.0,49.1,3.44,236.97,6.48,22193.6
2023-03-17,Store_10,155305,Apparel,0,None,0.0,45.2,3.57,236.86,6.64,21002.86
2023-03-24,Store_10,155305,Apparel,0,None,0.0,44.4,3.53,236.53,6.7,21164.26
2023-03-31,Store_10,155305,Apparel,1,Easter,0.0,51.6,3.66,237.53,6.65,31293.97
2023-04-07,Store_10,155305,Apparel,1,Easter,0.29,49.9,3.67,237.16,6.55,52753.9
2023-04-14,Store_10,155305,Apparel,1,Easter,0.0,56.4,3.63,238.12,6.57,32670.7
2023-04-21,Store_10,155305,Apparel,0,None,0.22,61.6,3.67,237.62,6.53,35609.99
2023-04-28,Store_10,155305,Apparel,0,None,0.0,60.9,3.66,239.04,6.5,22471.5
2023-05-05,Store_10,155305,Apparel,0,None,0.07,61.9,3.73,238.07,6.63,29776.2
2023-05-12,Store_10,155305,Apparel,0,None,0.0,72.2,3.79,238.49,6.56,24592.94
2023-05-19,Store_10,155305,Apparel,0,None,0.0,72.0,3.71,239.25,6.44,24417.31
2023-05-26,Store_10,155305,Apparel,0,None,0.0,72.0,3.8,238.42,6.59,25937.5
2023-06-02,Store_10,155305,Apparel,0,None,0.09,71.5,3.76,239.34,6.51,28821.5
2023-06-09,Store_10,155305,Apparel,0,None,0.0,80.9,3.75,240.08,6.55,25025.94
2023-06-16,Store_10,155305,Apparel,0,None,0.25,80.3,3.79,238.81,6.51,38944.53
2023-06-23,Store_10,155305,Apparel,0,None,0.0,80.9,3.75,239.9,6.35,23687.62
2023-06-30,Store_10,155305,Apparel,0,None,0.24,82.3,3.77,240.13,6.36,36094.98
2023-07-07,Store_10,155305,Apparel,0,None,0.0,82.3,3.74,240.58,6.48,23669.57
2023-07-14,Store_10,155305,Apparel,0,None,0.0,84.2,3.89,239.77,6.45,23821.49
2023-07-21,Store_10,155305,Apparel,0,None,0.0,88.2,3.79,239.92,6.37,25064.73
2023-07-28,Store_10,155305,Apparel,0,None,0.0,87.0,3.75,241.03,6.36,25725.25
2023-08-04,Store_10,155305,Apparel,0,None,0.0,84.8,3.78,241.11,6.46,22029.35
2023-08-11,Store_10,155305,Apparel,0,None,0.0,79.8,3.76,241.28,6.26,25918.71
2023-08-18,Store_10,155305,Apparel,0,None,0.0,84.3,3.74,241.52,6.36,29206.9
2023-08-25,Store_10,155305,Apparel,0,None,0.19,79.6,3.76,241.2,6.27,35614.96
2023-09-01,Store_10,155305,Apparel,1,Labor_Day,0.25,82.4,3.75,241.85,6.25,57838.05
2023-09-08,Store_10,155305,Apparel,1,Labor_Day,0.0,75.4,3.67,242.07,6.37,38175.24
2023-09-15,Store_10,155305,Apparel,0,None,0.0,76.2,3.64,241.76,6.32,21473.67
2023-09-22,Store_10,155305,Apparel,0,None,0.0,71.7,3.64,243.24,6.31,20260.36
2023-09-29,Store_10,155305,Apparel,0,None,0.0,66.5,3.51,242.74,6.34,21182.07
2023-10-06,Store_10,155305,Apparel,0,None,0.0,65.1,3.52,242.1,6.19,19624.92
2023-10-13,Store_10,155305,Apparel,0,None,0.0,62.5,3.64,243.21,6.24,20127.51
2023-10-20,Store_10,155305,Apparel,0,None,0.0,60.0,3.62,242.59,6.13,18530.79
2023-10-27,Store_10,155305,Apparel,0,None,0.18,62.7,3.5,243.66,6.18,25519.09
2023-11-03,Store_10,155305,Apparel,0,None,0.0,58.1,3.51,244.04,6.12,19033.33
2023-11-10,Store_10,155305,Apparel,0,None,0.0,49.2,3.46,243.24,6.12,18160.69
2023-11-17,Store_10,155305,Apparel,0,None,0.0,50.9,3.57,244.33,6.16,18796.55
2023-11-24,Store_10,155305,Apparel,1,Thanksgiving_BlackFriday,0.24,45.9,3.43,244.24,6.0,51612.58
2023-12-01,Store_10,155305,Apparel,0,None,0.0,44.4,3.34,244.64,6.27,17612.72
2023-12-08,Store_10,155305,Apparel,0,None,0.18,37.5,3.26,245.37,5.95,25194.21
2023-12-15,Store_10,155305,Apparel,0,None,0.11,43.1,3.19,244.49,5.91,24240.04
2023-12-22,Store_10,155305,Apparel,1,Christmas_Holiday,0.24,42.4,3.25,244.43,6.13,50605.14
2023-12-29,Store_10,155305,Apparel,1,Christmas_Holiday,0.0,39.3,3.16,244.56,6.08,36112.5
2021-01-01,Store_10,155305,Electronics,0,None,0.25,34.3,3.23,214.14,8.42,30630.91
2021-01-08,Store_10,155305,Electronics,0,None,0.0,35.4,3.27,214.91,8.48,20303.59
2021-01-15,Store_10,155305,Electronics,0,None,0.0,33.9,3.27,214.88,8.5,21444.6
2021-01-22,Store_10,155305,Electronics,0,None,0.0,30.2,3.26,215.73,8.48,23521.48
2021-01-29,Store_10,155305,Electronics,0,None,0.0,35.8,3.35,215.32,8.52,21221.64
2021-02-05,Store_10,155305,Electronics,1,Super_Bowl,0.19,37.7,3.34,215.26,8.42,46135.42
2021-02-12,Store_10,155305,Electronics,1,Super_Bowl,0.0,37.6,3.46,216.89,8.55,39053.43
2021-02-19,Store_10,155305,Electronics,0,None,0.0,39.1,3.44,216.23,8.36,19783.0
2021-02-26,Store_10,155305,Electronics,0,None,0.0,38.0,3.44,216.57,8.64,23184.67
2021-03-05,Store_10,155305,Electronics,0,None,0.26,40.7,3.49,216.02,8.42,41211.41
2021-03-12,Store_10,155305,Electronics,0,None,0.0,44.7,3.56,216.65,8.25,24669.56
2021-03-19,Store_10,155305,Electronics,0,None,0.09,49.7,3.54,217.17,8.22,27987.11
2021-03-26,Store_10,155305,Electronics,1,Easter,0.0,51.6,3.56,216.73,8.36,42975.05
2021-04-02,Store_10,155305,Electronics,1,Easter,0.06,51.0,3.64,217.69,8.27,43853.88
2021-04-09,Store_10,155305,Electronics,1,Easter,0.0,55.9,3.66,217.39,8.35,40892.69
2021-04-16,Store_10,155305,Electronics,0,None,0.0,57.1,3.65,217.74,8.31,28450.81
2021-04-23,Store_10,155305,Electronics,0,None,0.15,56.0,3.67,217.78,8.24,37679.2
2021-04-30,Store_10,155305,Electronics,0,None,0.0,67.3,3.73,219.2,8.14,27736.51
2021-05-07,Store_10,155305,Electronics,0,None,0.0,64.5,3.66,218.45,8.06,27943.69
2021-05-14,Store_10,155305,Electronics,0,None,0.0,72.4,3.68,218.12,8.15,26499.5
2021-05-21,Store_10,155305,Electronics,0,None,0.0,79.0,3.73,219.26,8.27,30301.67
2021-05-28,Store_10,155305,Electronics,0,None,0.0,72.7,3.76,218.43,8.18,28596.92
2021-06-04,Store_10,155305,Electronics,0,None,0.0,79.1,3.8,219.34,8.02,28061.13
2021-06-11,Store_10,155305,Electronics,0,None,0.07,82.6,3.86,218.44,8.15,33860.01
2021-06-18,Store_10,155305,Electronics,0,None,0.0,81.8,3.84,218.95,8.15,27092.94
2021-06-25,Store_10,155305,Electronics,0,None,0.14,83.3,3.79,219.91,8.01,38636.47
2021-07-02,Store_10,155305,Electronics,0,None,0.0,81.0,3.8,220.37,8.1,27955.18
2021-07-09,Store_10,155305,Electronics,0,None,0.0,82.8,3.75,220.28,8.07,28308.52
2021-07-16,Store_10,155305,Electronics,0,None,0.0,83.9,3.79,220.33,7.94,27176.58
2021-07-23,Store_10,155305,Electronics,0,None,0.0,88.5,3.78,220.43,8.07,25361.15
2021-07-30,Store_10,155305,Electronics,0,None,0.0,93.0,3.8,220.03,8.08,28341.57
2021-08-06,Store_10,155305,Electronics,0,None,0.21,83.3,3.73,220.6,8.11,40890.96
2021-08-13,Store_10,155305,Electronics,0,None,0.0,84.3,3.79,220.92,8.09,24843.67
2021-08-20,Store_10,155305,Electronics,0,None,0.0,88.1,3.82,221.87,7.83,26288.59
2021-08-27,Store_10,155305,Electronics,0,None,0.0,82.6,3.73,221.71,7.86,26314.43
2021-09-03,Store_10,155305,Electronics,1,Labor_Day,0.0,79.7,3.73,220.85,7.99,40467.39
2021-09-10,Store_10,155305,Electronics,1,Labor_Day,0.26,74.5,3.73,222.09,7.97,65060.77
2021-09-17,Store_10,155305,Electronics,0,None,0.2,74.8,3.65,221.92,7.96,38646.9
2021-09-24,Store_10,155305,Electronics,0,None,0.0,74.6,3.66,221.97,8.28,24149.97
2021-10-01,Store_10,155305,Electronics,0,None,0.21,67.3,3.62,222.81,7.93,35372.43
2021-10-08,Store_10,155305,Electronics,0,None,0.0,67.3,3.6,223.21,7.97,22020.68
2021-10-15,Store_10,155305,Electronics,0,None,0.0,58.0,3.53,223.35,7.94,22707.67
2021-10-22,Store_10,155305,Electronics,0,None,0.1,56.0,3.54,222.66,7.89,26479.15
2021-10-29,Store_10,155305,Electronics,0,None,0.0,60.1,3.54,223.11,7.78,24929.01
2021-11-05,Store_10,155305,Electronics,0,None,0.29,54.6,3.55,223.63,7.87,36602.24
2021-11-12,Store_10,155305,Electronics,0,None,0.0,47.3,3.49,224.14,7.7,22756.66
2021-11-19,Store_10,155305,Electronics,0,None,0.0,45.2,3.52,223.61,7.74,21038.8
2021-11-26,Store_10,155305,Electronics,1,Thanksgiving_BlackFriday,0.09,42.2,3.34,223.95,7.7,55300.71
2021-12-03,Store_10,155305,Electronics,0,None,0.14,41.4,3.39,223.68,7.74,26960.67
2021-12-10,Store_10,155305,Electronics,0,None,0.0,41.5,3.32,223.82,7.95,20355.87
2021-12-17,Store_10,155305,Electronics,0,None,0.26,41.7,3.38,225.02,7.51,32063.71
2021-12-24,Store_10,155305,Electronics,1,Christmas_Holiday,0.0,38.4,3.2,225.49,7.75,48912.4
2021-12-31,Store_10,155305,Electronics,1,Christmas_Holiday,0.0,38.3,3.16,224.96,7.51,48438.4
2022-01-07,Store_10,155305,Electronics,0,None,0.23,32.2,3.13,225.69,7.6,31746.88
2022-01-14,Store_10,155305,Electronics,0,None,0.0,33.5,3.02,225.57,7.74,20692.26
2022-01-21,Store_10,155305,Electronics,0,None,0.0,26.4,3.07,225.25,7.63,21235.72
2022-01-28,Store_10,155305,Electronics,0,None,0.0,31.3,3.02,225.95,7.49,22467.79
2022-02-04,Store_10,155305,Electronics,0,None,0.0,34.3,3.03,226.73,7.52,24090.25
2022-02-11,Store_10,155305,Electronics,1,Super_Bowl,0.0,32.9,3.0,226.14,7.64,36683.74
2022-02-18,Store_10,155305,Electronics,0,None,0.0,33.9,3.05,227.13,7.48,26264.91
2022-02-25,Store_10,155305,Electronics,0,None,0.0,39.8,2.97,225.23,7.56,23105.61
2022-03-04,Store_10,155305,Electronics,0,None,0.08,46.1,2.86,227.14,7.53,27516.13
2022-03-11,Store_10,155305,Electronics,0,None,0.0,45.0,2.81,226.97,7.44,23964.53
2022-03-18,Store_10,155305,Electronics,0,None,0.0,44.5,2.85,226.97,7.7,25747.77
2022-03-25,Store_10,155305,Electronics,1,Easter,0.0,43.5,2.74,227.35,7.54,42691.3
2022-04-01,Store_10,155305,Electronics,1,Easter,0.28,50.5,2.87,226.51,7.26,66964.22
2022-04-08,Store_10,155305,Electronics,1,Easter,0.12,57.3,2.81,227.58,7.46,55154.3
2022-04-15,Store_10,155305,Electronics,1,Easter,0.28,51.2,2.7,228.06,7.36,69967.98
2022-04-22,Store_10,155305,Electronics,0,None,0.11,58.4,2.62,228.82,7.5,35728.34
2022-04-29,Store_10,155305,Electronics,0,None,0.0,66.3,2.75,228.01,7.31,28472.28
2022-05-06,Store_10,155305,Electronics,0,None,0.0,67.0,2.66,228.06,7.37,28866.46
2022-05-13,Store_10,155305,Electronics,0,None,0.0,72.0,2.71,228.4,7.41,27218.21
2022-05-20,Store_10,155305,Electronics,0,None,0.0,69.9,2.56,229.3,7.43,29136.33
2022-05-27,Store_10,155305,Electronics,0,None,0.0,76.9,2.6,229.2,7.21,30612.66
2022-06-03,Store_10,155305,Electronics,0,None,0.0,73.6,2.62,228.97,7.28,30453.25
2022-06-10,Store_10,155305,Electronics,0,None,0.0,82.8,2.61,229.68,7.25,29078.03
2022-06-17,Store_10,155305,Electronics,0,None,0.0,78.8,2.58,229.66,7.22,30518.78
2022-06-24,Store_10,155305,Electronics,0,None,0.0,80.3,2.63,230.29,7.44,28773.2
2022-07-01,Store_10,155305,Electronics,0,None,0.0,85.8,2.55,229.65,7.29,29288.66
2022-07-08,Store_10,155305,Electronics,0,None,0.0,85.3,2.59,230.03,7.11,29686.23
2022-07-15,Store_10,155305,Electronics,0,None,0.0,80.7,2.61,230.19,7.31,26001.98
2022-07-22,Store_10,155305,Electronics,0,None,0.0,82.3,2.64,229.85,7.41,28658.18
2022-07-29,Store_10,155305,Electronics,0,None,0.0,80.4,2.65,230.92,7.29,28687.69
2022-08-05,Store_10,155305,Electronics,0,None,0.0,90.0,2.57,231.09,7.02,27278.83
2022-08-12,Store_10,155305,Electronics,0,None,0.0,82.6,2.56,231.16,7.11,25933.44
2022-08-19,Store_10,155305,Electronics,0,None,0.0,80.9,2.72,231.23,7.26,26266.41
2022-08-26,Store_10,155305,Electronics,0,None,0.0,81.0,2.69,230.83,7.05,26332.81
2022-09-02,Store_10,155305,Electronics,1,Labor_Day,0.12,82.9,2.65,231.52,7.15,48766.09
2022-09-09,Store_10,155305,Electronics,1,Labor_Day,0.0,78.2,2.78,231.75,7.17,38500.23
2022-09-16,Store_10,155305,Electronics,0,None,0.0,80.2,2.73,231.71,6.98,23494.92
2022-09-23,Store_10,155305,Electronics,0,None,0.0,69.9,2.81,232.23,7.05,22617.06
2022-09-30,Store_10,155305,Electronics,0,None,0.0,71.3,2.78,232.7,6.72,22471.8
2022-10-07,Store_10,155305,Electronics,0,None,0.0,63.7,2.91,233.64,6.92,22835.1
2022-10-14,Store_10,155305,Electronics,0,None,0.0,68.9,2.92,232.97,6.98,21880.24
2022-10-21,Store_10,155305,Electronics,0,None,0.12,57.4,2.85,233.21,6.87,29982.36
2022-10-28,Store_10,155305,Electronics,0,None,0.0,51.2,2.94,233.23,7.14,23011.32
2022-11-04,Store_10,155305,Electronics,0,None,0.0,53.6,2.95,232.5,6.82,23449.39
2022-11-11,Store_10,155305,Electronics,0,None,0.23,56.1,3.02,233.64,6.9,34327.67
2022-11-18,Store_10,155305,Electronics,0,None,0.0,56.0,2.94,233.88,6.94,22768.24
2022-11-25,Store_10,155305,Electronics,1,Thanksgiving_BlackFriday,0.0,37.8,3.06,235.27,7.06,47357.73
2022-12-02,Store_10,155305,Electronics,0,None,0.0,44.7,3.11,234.13,6.75,21323.52
2022-12-09,Store_10,155305,Electronics,0,None,0.0,37.2,3.0,234.57,7.0,20593.49
2022-12-16,Store_10,155305,Electronics,0,None,0.0,44.9,3.07,234.6,6.87,20070.57
2022-12-23,Store_10,155305,Electronics,1,Christmas_Holiday,0.22,39.0,3.06,234.22,6.75,74319.28
2022-12-30,Store_10,155305,Electronics,1,Christmas_Holiday,0.18,36.4,3.19,235.57,6.88,69759.57
2023-01-06,Store_10,155305,Electronics,0,None,0.0,36.0,3.27,235.57,6.84,22547.99
2023-01-13,Store_10,155305,Electronics,0,None,0.0,40.6,3.35,235.78,6.74,22871.12
2023-01-20,Store_10,155305,Electronics,0,None,0.0,34.1,3.31,235.12,6.79,22551.25
2023-01-27,Store_10,155305,Electronics,0,None,0.0,28.4,3.43,236.47,6.73,23380.56
2023-02-03,Store_10,155305,Electronics,0,None,0.0,35.4,3.31,235.26,6.76,26021.87
2023-02-10,Store_10,155305,Electronics,1,Super_Bowl,0.0,33.5,3.33,236.45,6.8,38475.24
2023-02-17,Store_10,155305,Electronics,0,None,0.0,40.2,3.44,237.44,6.88,22592.73
2023-02-24,Store_10,155305,Electronics,0,None,0.0,39.4,3.5,236.04,6.58,27110.09
2023-03-03,Store_10,155305,Electronics,0,None,0.23,37.4,3.51,236.45,6.9,38736.33
2023-03-10,Store_10,155305,Electronics,0,None,0.0,51.9,3.44,236.97,6.48,24880.55
2023-03-17,Store_10,155305,Electronics,0,None,0.12,46.0,3.57,236.86,6.64,35283.58
2023-03-24,Store_10,155305,Electronics,0,None,0.0,53.3,3.53,236.53,6.7,28921.63
2023-03-31,Store_10,155305,Electronics,1,Easter,0.07,57.1,3.66,237.53,6.65,50039.35
2023-04-07,Store_10,155305,Electronics,1,Easter,0.0,56.6,3.67,237.16,6.55,45908.21
2023-04-14,Store_10,155305,Electronics,1,Easter,0.0,56.3,3.63,238.12,6.57,42396.27
2023-04-21,Store_10,155305,Electronics,0,None,0.23,58.7,3.67,237.62,6.53,46554.66
2023-04-28,Store_10,155305,Electronics,0,None,0.0,66.2,3.66,239.04,6.5,30050.91
2023-05-05,Store_10,155305,Electronics,0,None,0.0,60.1,3.73,238.07,6.63,30185.13
2023-05-12,Store_10,155305,Electronics,0,None,0.0,72.8,3.79,238.49,6.56,29842.08
2023-05-19,Store_10,155305,Electronics,0,None,0.0,69.5,3.71,239.25,6.44,29771.98
2023-05-26,Store_10,155305,Electronics,0,None,0.1,76.9,3.8,238.42,6.59,36755.33
2023-06-02,Store_10,155305,Electronics,0,None,0.0,76.4,3.76,239.34,6.51,30670.61
2023-06-09,Store_10,155305,Electronics,0,None,0.08,79.0,3.75,240.08,6.55,37367.79
2023-06-16,Store_10,155305,Electronics,0,None,0.0,84.3,3.79,238.81,6.51,29770.73
2023-06-23,Store_10,155305,Electronics,0,None,0.0,82.8,3.75,239.9,6.35,28729.42
2023-06-30,Store_10,155305,Electronics,0,None,0.0,81.7,3.77,240.13,6.36,29743.01
2023-07-07,Store_10,155305,Electronics,0,None,0.0,90.2,3.74,240.58,6.48,29356.19
2023-07-14,Store_10,155305,Electronics,0,None,0.0,84.6,3.89,239.77,6.45,31873.47
2023-07-21,Store_10,155305,Electronics,0,None,0.19,82.6,3.79,239.92,6.37,39948.05
2023-07-28,Store_10,155305,Electronics,0,None,0.24,85.3,3.75,241.03,6.36,43320.38
2023-08-04,Store_10,155305,Electronics,0,None,0.0,81.9,3.78,241.11,6.46,27391.13
2023-08-11,Store_10,155305,Electronics,0,None,0.0,86.2,3.76,241.28,6.26,26805.64
2023-08-18,Store_10,155305,Electronics,0,None,0.0,86.1,3.74,241.52,6.36,26613.0
2023-08-25,Store_10,155305,Electronics,0,None,0.0,82.6,3.76,241.2,6.27,27704.7
2023-09-01,Store_10,155305,Electronics,1,Labor_Day,0.0,84.9,3.75,241.85,6.25,38766.98
2023-09-08,Store_10,155305,Electronics,1,Labor_Day,0.18,77.2,3.67,242.07,6.37,59234.68
2023-09-15,Store_10,155305,Electronics,0,None,0.0,77.7,3.64,241.76,6.32,25088.61
2023-09-22,Store_10,155305,Electronics,0,None,0.0,68.3,3.64,243.24,6.31,24824.71
2023-09-29,Store_10,155305,Electronics,0,None,0.12,69.2,3.51,242.74,6.34,32903.29
2023-10-06,Store_10,155305,Electronics,0,None,0.0,67.1,3.52,242.1,6.19,24618.18
2023-10-13,Store_10,155305,Electronics,0,None,0.13,59.2,3.64,243.21,6.24,31183.28
2023-10-20,Store_10,155305,Electronics,0,None,0.16,64.1,3.62,242.59,6.13,32054.77
2023-10-27,Store_10,155305,Electronics,0,None,0.0,53.2,3.5,243.66,6.18,23738.77
2023-11-03,Store_10,155305,Electronics,0,None,0.0,53.5,3.51,244.04,6.12,23381.96
2023-11-10,Store_10,155305,Electronics,0,None,0.0,53.0,3.46,243.24,6.12,22587.84
2023-11-17,Store_10,155305,Electronics,0,None,0.0,48.4,3.57,244.33,6.16,21755.04
2023-11-24,Store_10,155305,Electronics,1,Thanksgiving_BlackFriday,0.0,44.8,3.43,244.24,6.0,49372.6
2023-12-01,Store_10,155305,Electronics,0,None,0.0,44.6,3.34,244.64,6.27,21903.54
2023-12-08,Store_10,155305,Electronics,0,None,0.12,44.0,3.26,245.37,5.95,28190.55
2023-12-15,Store_10,155305,Electronics,0,None,0.0,33.4,3.19,244.49,5.91,22183.49
2023-12-22,Store_10,155305,Electronics,1,Christmas_Holiday,0.09,39.9,3.25,244.43,6.13,62326.61
2023-12-29,Store_10,155305,Electronics,1,Christmas_Holiday,0.0,38.6,3.16,244.56,6.08,50159.07
2021-01-01,Store_10,155305,Grocery,0,None,0.0,31.6,3.23,214.14,8.42,28024.33
2021-01-08,Store_10,155305,Grocery,0,None,0.0,34.0,3.27,214.91,8.48,27078.11
2021-01-15,Store_10,155305,Grocery,0,None,0.0,34.9,3.27,214.88,8.5,27704.88
2021-01-22,Store_10,155305,Grocery,0,None,0.0,31.4,3.26,215.73,8.48,27138.48
2021-01-29,Store_10,155305,Grocery,0,None,0.0,34.9,3.35,215.32,8.52,27011.19
2021-02-05,Store_10,155305,Grocery,1,Super_Bowl,0.0,38.5,3.34,215.26,8.42,32938.65
2021-02-12,Store_10,155305,Grocery,1,Super_Bowl,0.0,36.3,3.46,216.89,8.55,31576.71
2021-02-19,Store_10,155305,Grocery,0,None,0.0,38.1,3.44,216.23,8.36,30290.84
2021-02-26,Store_10,155305,Grocery,0,None,0.0,34.3,3.44,216.57,8.64,28375.48
2021-03-05,Store_10,155305,Grocery,0,None,0.0,40.2,3.49,216.02,8.42,30232.36
2021-03-12,Store_10,155305,Grocery,0,None,0.17,43.3,3.56,216.65,8.25,38005.58
2021-03-19,Store_10,155305,Grocery,0,None,0.0,42.0,3.54,217.17,8.22,32218.72
2021-03-26,Store_10,155305,Grocery,1,Easter,0.0,48.8,3.56,216.73,8.36,38366.23
2021-04-02,Store_10,155305,Grocery,1,Easter,0.0,53.5,3.64,217.69,8.27,38825.86
2021-04-09,Store_10,155305,Grocery,1,Easter,0.0,52.5,3.66,217.39,8.35,36108.3
2021-04-16,Store_10,155305,Grocery,0,None,0.0,54.2,3.65,217.74,8.31,31907.04
2021-04-23,Store_10,155305,Grocery,0,None,0.0,64.5,3.67,217.78,8.24,33005.04
2021-04-30,Store_10,155305,Grocery,0,None,0.0,61.4,3.73,219.2,8.14,36378.96
2021-05-07,Store_10,155305,Grocery,0,None,0.0,66.7,3.66,218.45,8.06,34190.28
2021-05-14,Store_10,155305,Grocery,0,None,0.0,71.7,3.68,218.12,8.15,34577.46
2021-05-21,Store_10,155305,Grocery,0,None,0.0,67.8,3.73,219.26,8.27,36386.39
2021-05-28,Store_10,155305,Grocery,0,None,0.0,72.5,3.76,218.43,8.18,34460.16
2021-06-04,Store_10,155305,Grocery,0,None,0.0,79.2,3.8,219.34,8.02,34331.35
2021-06-11,Store_10,155305,Grocery,0,None,0.0,82.6,3.86,218.44,8.15,36652.67
2021-06-18,Store_10,155305,Grocery,0,None,0.0,80.2,3.84,218.95,8.15,35100.59
2021-06-25,Store_10,155305,Grocery,0,None,0.0,78.8,3.79,219.91,8.01,36351.24
2021-07-02,Store_10,155305,Grocery,0,None,0.0,84.0,3.8,220.37,8.1,34976.16
2021-07-09,Store_10,155305,Grocery,0,None,0.0,78.9,3.75,220.28,8.07,34940.22
2021-07-16,Store_10,155305,Grocery,0,None,0.0,86.7,3.79,220.33,7.94,34611.48
2021-07-23,Store_10,155305,Grocery,0,None,0.0,87.3,3.78,220.43,8.07,33565.5
2021-07-30,Store_10,155305,Grocery,0,None,0.0,81.4,3.8,220.03,8.08,34123.52
2021-08-06,Store_10,155305,Grocery,0,None,0.22,88.9,3.73,220.6,8.11,45430.84
2021-08-13,Store_10,155305,Grocery,0,None,0.0,79.4,3.79,220.92,8.09,34228.57
2021-08-20,Store_10,155305,Grocery,0,None,0.23,82.0,3.82,221.87,7.83,44560.52
2021-08-27,Store_10,155305,Grocery,0,None,0.0,78.5,3.73,221.71,7.86,31689.25
2021-09-03,Store_10,155305,Grocery,1,Labor_Day,0.0,77.5,3.73,220.85,7.99,36475.91
2021-09-10,Store_10,155305,Grocery,1,Labor_Day,0.2,71.8,3.73,222.09,7.97,43037.82
2021-09-17,Store_10,155305,Grocery,0,None,0.0,77.9,3.65,221.92,7.96,29367.34
2021-09-24,Store_10,155305,Grocery,0,None,0.19,75.2,3.66,221.97,8.28,37798.93
2021-10-01,Store_10,155305,Grocery,0,None,0.07,67.3,3.62,222.81,7.93,35211.76
2021-10-08,Store_10,155305,Grocery,0,None,0.0,67.8,3.6,223.21,7.97,29777.26
2021-10-15,Store_10,155305,Grocery,0,None,0.0,61.6,3.53,223.35,7.94,30332.96
2021-10-22,Store_10,155305,Grocery,0,None,0.0,60.0,3.54,222.66,7.89,27819.85
2021-10-29,Store_10,155305,Grocery,0,None,0.3,55.5,3.54,223.11,7.78,38557.4
2021-11-05,Store_10,155305,Grocery,0,None,0.0,50.2,3.55,223.63,7.87,26046.53
2021-11-12,Store_10,155305,Grocery,0,None,0.0,53.0,3.49,224.14,7.7,27524.65
2021-11-19,Store_10,155305,Grocery,0,None,0.1,51.1,3.52,223.61,7.74,30175.64
2021-11-26,Store_10,155305,Grocery,1,Thanksgiving_BlackFriday,0.19,42.2,3.34,223.95,7.7,42104.88
2021-12-03,Store_10,155305,Grocery,0,None,0.0,42.4,3.39,223.68,7.74,28052.19
2021-12-10,Store_10,155305,Grocery,0,None,0.21,39.2,3.32,223.82,7.95,30470.29
2021-12-17,Store_10,155305,Grocery,0,None,0.0,35.3,3.38,225.02,7.51,27780.11
2021-12-24,Store_10,155305,Grocery,1,Christmas_Holiday,0.0,34.4,3.2,225.49,7.75,36063.33
2021-12-31,Store_10,155305,Grocery,1,Christmas_Holiday,0.0,34.6,3.16,224.96,7.51,37295.04
2022-01-07,Store_10,155305,Grocery,0,None,0.0,41.2,3.13,225.69,7.6,26833.0
2022-01-14,Store_10,155305,Grocery,0,None,0.0,38.1,3.02,225.57,7.74,28127.45
2022-01-21,Store_10,155305,Grocery,0,None,0.0,35.0,3.07,225.25,7.63,28649.34
2022-01-28,Store_10,155305,Grocery,0,None,0.0,32.0,3.02,225.95,7.49,28677.97
2022-02-04,Store_10,155305,Grocery,0,None,0.0,29.4,3.03,226.73,7.52,28031.95
2022-02-11,Store_10,155305,Grocery,1,Super_Bowl,0.0,35.6,3.0,226.14,7.64,34184.54
2022-02-18,Store_10,155305,Grocery,0,None,0.06,37.1,3.05,227.13,7.48,30303.35
2022-02-25,Store_10,155305,Grocery,0,None,0.25,34.2,2.97,225.23,7.56,39768.37
2022-03-04,Store_10,155305,Grocery,0,None,0.0,41.5,2.86,227.14,7.53,31040.32
2022-03-11,Store_10,155305,Grocery,0,None,0.0,37.8,2.81,226.97,7.44,32094.08
2022-03-18,Store_10,155305,Grocery,0,None,0.08,51.1,2.85,226.97,7.7,34646.13
2022-03-25,Store_10,155305,Grocery,1,Easter,0.17,50.7,2.74,227.35,7.54,45360.53
2022-04-01,Store_10,155305,Grocery,1,Easter,0.26,53.7,2.87,226.51,7.26,52268.88
2022-04-08,Store_10,155305,Grocery,1,Easter,0.0,50.9,2.81,227.58,7.46,38570.97
2022-04-15,Store_10,155305,Grocery,1,Easter,0.0,55.7,2.7,228.06,7.36,42002.76
2022-04-22,Store_10,155305,Grocery,0,None,0.0,61.4,2.62,228.82,7.5,36684.17
2022-04-29,Store_10,155305,Grocery,0,None,0.0,62.4,2.75,228.01,7.31,35455.25
2022-05-06,Store_10,155305,Grocery,0,None,0.0,64.9,2.66,228.06,7.37,36977.73
2022-05-13,Store_10,155305,Grocery,0,None,0.0,72.8,2.71,228.4,7.41,35281.86
2022-05-20,Store_10,155305,Grocery,0,None,0.0,72.2,2.56,229.3,7.43,33995.48
2022-05-27,Store_10,155305,Grocery,0,None,0.0,74.7,2.6,229.2,7.21,39587.61
2022-06-03,Store_10,155305,Grocery,0,None,0.0,81.7,2.62,228.97,7.28,37569.6
2022-06-10,Store_10,155305,Grocery,0,None,0.25,71.4,2.61,229.68,7.25,49663.83
2022-06-17,Store_10,155305,Grocery,0,None,0.0,78.8,2.58,229.66,7.22,36974.69
2022-06-24,Store_10,155305,Grocery,0,None,0.0,82.1,2.63,230.29,7.44,37079.92
2022-07-01,Store_10,155305,Grocery,0,None,0.16,78.9,2.55,229.65,7.29,42691.32
2022-07-08,Store_10,155305,Grocery,0,None,0.0,84.7,2.59,230.03,7.11,34998.72
2022-07-15,Store_10,155305,Grocery,0,None,0.0,82.4,2.61,230.19,7.31,38791.77
2022-07-22,Store_10,155305,Grocery,0,None,0.12,88.6,2.64,229.85,7.41,41350.77
2022-07-29,Store_10,155305,Grocery,0,None,0.0,80.5,2.65,230.92,7.29,37000.38
2022-08-05,Store_10,155305,Grocery,0,None,0.29,82.3,2.57,231.09,7.02,47695.19
2022-08-12,Store_10,155305,Grocery,0,None,0.0,82.2,2.56,231.16,7.11,32421.56
2022-08-19,Store_10,155305,Grocery,0,None,0.0,78.7,2.72,231.23,7.26,34771.54
2022-08-26,Store_10,155305,Grocery,0,None,0.09,87.2,2.69,230.83,7.05,36963.27
2022-09-02,Store_10,155305,Grocery,1,Labor_Day,0.1,79.5,2.65,231.52,7.15,42687.75
2022-09-09,Store_10,155305,Grocery,1,Labor_Day,0.16,71.3,2.78,231.75,7.17,43601.76
2022-09-16,Store_10,155305,Grocery,0,None,0.27,71.4,2.73,231.71,6.98,42960.78
2022-09-23,Store_10,155305,Grocery,0,None,0.0,69.4,2.81,232.23,7.05,28782.86
2022-09-30,Store_10,155305,Grocery,0,None,0.0,68.2,2.78,232.7,6.72,29932.74
2022-10-07,Store_10,155305,Grocery,0,None,0.0,68.3,2.91,233.64,6.92,28781.82
2022-10-14,Store_10,155305,Grocery,0,None,0.0,64.8,2.92,232.97,6.98,29763.87
2022-10-21,Store_10,155305,Grocery,0,None,0.0,57.6,2.85,233.21,6.87,29393.94
2022-10-28,Store_10,155305,Grocery,0,None,0.0,54.6,2.94,233.23,7.14,27910.13
2022-11-04,Store_10,155305,Grocery,0,None,0.0,50.4,2.95,232.5,6.82,27450.32
2022-11-11,Store_10,155305,Grocery,0,None,0.0,52.0,3.02,233.64,6.9,28974.34
2022-11-18,Store_10,155305,Grocery,0,None,0.0,43.4,2.94,233.88,6.94,28728.6
2022-11-25,Store_10,155305,Grocery,1,Thanksgiving_BlackFriday,0.11,48.7,3.06,235.27,7.06,41345.72
2022-12-02,Store_10,155305,Grocery,0,None,0.0,42.4,3.11,234.13,6.75,28446.95
2022-12-09,Store_10,155305,Grocery,0,None,0.0,42.8,3.0,234.57,7.0,28085.09
2022-12-16,Store_10,155305,Grocery,0,None,0.0,37.9,3.07,234.6,6.87,27018.67
2022-12-23,Store_10,155305,Grocery,1,Christmas_Holiday,0.0,37.6,3.06,234.22,6.75,38754.81
2022-12-30,Store_10,155305,Grocery,1,Christmas_Holiday,0.24,35.8,3.19,235.57,6.88,53162.28
2023-01-06,Store_10,155305,Grocery,0,None,0.0,33.5,3.27,235.57,6.84,29601.35
2023-01-13,Store_10,155305,Grocery,0,None,0.0,30.9,3.35,235.78,6.74,29126.6
2023-01-20,Store_10,155305,Grocery,0,None,0.3,35.9,3.31,235.12,6.79,41092.06
2023-01-27,Store_10,155305,Grocery,0,None,0.14,35.6,3.43,236.47,6.73,35211.37
2023-02-03,Store_10,155305,Grocery,0,None,0.0,35.4,3.31,235.26,6.76,28820.12
2023-02-10,Store_10,155305,Grocery,1,Super_Bowl,0.2,36.6,3.33,236.45,6.8,47953.21
2023-02-17,Store_10,155305,Grocery,0,None,0.0,38.1,3.44,237.44,6.88,31176.79
2023-02-24,Store_10,155305,Grocery,0,None,0.0,39.2,3.5,236.04,6.58,33136.89
2023-03-03,Store_10,155305,Grocery,0,None,0.0,40.9,3.51,236.45,6.9,30762.37
2023-03-10,Store_10,155305,Grocery,0,None,0.0,41.5,3.44,236.97,6.48,33546.33
2023-03-17,Store_10,155305,Grocery,0,None,0.0,47.2,3.57,236.86,6.64,34614.27
2023-03-24,Store_10,155305,Grocery,0,None,0.0,47.0,3.53,236.53,6.7,33501.06
2023-03-31,Store_10,155305,Grocery,1,Easter,0.29,49.3,3.66,237.53,6.65,58408.91
2023-04-07,Store_10,155305,Grocery,1,Easter,0.0,57.7,3.67,237.16,6.55,41596.94
2023-04-14,Store_10,155305,Grocery,1,Easter,0.0,64.6,3.63,238.12,6.57,41739.53
2023-04-21,Store_10,155305,Grocery,0,None,0.0,57.9,3.67,237.62,6.53,35324.47
2023-04-28,Store_10,155305,Grocery,0,None,0.0,60.8,3.66,239.04,6.5,35060.15
2023-05-05,Store_10,155305,Grocery,0,None,0.0,62.9,3.73,238.07,6.63,37624.15
2023-05-12,Store_10,155305,Grocery,0,None,0.0,71.0,3.79,238.49,6.56,38592.69
2023-05-19,Store_10,155305,Grocery,0,None,0.0,71.4,3.71,239.25,6.44,39025.12
2023-05-26,Store_10,155305,Grocery,0,None,0.0,71.1,3.8,238.42,6.59,36399.99
2023-06-02,Store_10,155305,Grocery,0,None,0.0,74.5,3.76,239.34,6.51,37508.66
2023-06-09,Store_10,155305,Grocery,0,None,0.19,78.0,3.75,240.08,6.55,46801.12
2023-06-16,Store_10,155305,Grocery,0,None,0.0,77.9,3.79,238.81,6.51,36699.07
2023-06-23,Store_10,155305,Grocery,0,None,0.0,78.9,3.75,239.9,6.35,39036.64
2023-06-30,Store_10,155305,Grocery,0,None,0.11,82.6,3.77,240.13,6.36,43796.3
2023-07-07,Store_10,155305,Grocery,0,None,0.29,85.5,3.74,240.58,6.48,48663.69
2023-07-14,Store_10,155305,Grocery,0,None,0.0,87.6,3.89,239.77,6.45,36248.06
2023-07-21,Store_10,155305,Grocery,0,None,0.0,83.6,3.79,239.92,6.37,38886.62
2023-07-28,Store_10,155305,Grocery,0,None,0.0,85.7,3.75,241.03,6.36,35989.47
2023-08-04,Store_10,155305,Grocery,0,None,0.0,77.9,3.78,241.11,6.46,35015.01
2023-08-11,Store_10,155305,Grocery,0,None,0.0,86.8,3.76,241.28,6.26,37806.78
2023-08-18,Store_10,155305,Grocery,0,None,0.11,79.8,3.74,241.52,6.36,41237.64
2023-08-25,Store_10,155305,Grocery,0,None,0.0,80.0,3.76,241.2,6.27,31280.22
2023-09-01,Store_10,155305,Grocery,1,Labor_Day,0.0,75.2,3.75,241.85,6.25,39920.92
2023-09-08,Store_10,155305,Grocery,1,Labor_Day,0.0,77.7,3.67,242.07,6.37,39297.74
2023-09-15,Store_10,155305,Grocery,0,None,0.0,74.6,3.64,241.76,6.32,35034.45
2023-09-22,Store_10,155305,Grocery,0,None,0.0,71.4,3.64,243.24,6.31,32504.95
2023-09-29,Store_10,155305,Grocery,0,None,0.16,65.4,3.51,242.74,6.34,37741.8
2023-10-06,Store_10,155305,Grocery,0,None,0.0,64.8,3.52,242.1,6.19,28800.81
2023-10-13,Store_10,155305,Grocery,0,None,0.05,58.4,3.64,243.21,6.24,32085.78
2023-10-20,Store_10,155305,Grocery,0,None,0.0,60.8,3.62,242.59,6.13,30037.59
2023-10-27,Store_10,155305,Grocery,0,None,0.0,54.0,3.5,243.66,6.18,30809.45
2023-11-03,Store_10,155305,Grocery,0,None,0.0,56.4,3.51,244.04,6.12,29048.02
2023-11-10,Store_10,155305,Grocery,0,None,0.0,47.2,3.46,243.24,6.12,28120.56
2023-11-17,Store_10,155305,Grocery,0,None,0.29,48.9,3.57,244.33,6.16,37899.97
2023-11-24,Store_10,155305,Grocery,1,Thanksgiving_BlackFriday,0.1,43.4,3.43,244.24,6.0,49599.06
2023-12-01,Store_10,155305,Grocery,0,None,0.0,39.9,3.34,244.64,6.27,28110.88
2023-12-08,Store_10,155305,Grocery,0,None,0.0,42.6,3.26,245.37,5.95,28045.11
2023-12-15,Store_10,155305,Grocery,0,None,0.0,36.7,3.19,244.49,5.91,28884.57
2023-12-22,Store_10,155305,Grocery,1,Christmas_Holiday,0.18,33.6,3.25,244.43,6.13,44455.41
2023-12-29,Store_10,155305,Grocery,1,Christmas_Holiday,0.08,37.6,3.16,244.56,6.08,44226.44
2021-01-01,Store_10,155305,Home_Garden,0,None,0.0,39.1,3.23,214.14,8.42,14780.94
2021-01-08,Store_10,155305,Home_Garden,0,None,0.0,31.1,3.27,214.91,8.48,14816.22
2021-01-15,Store_10,155305,Home_Garden,0,None,0.0,34.3,3.27,214.88,8.5,15729.92
2021-01-22,Store_10,155305,Home_Garden,0,None,0.0,31.5,3.26,215.73,8.48,14773.6
2021-01-29,Store_10,155305,Home_Garden,0,None,0.0,38.9,3.35,215.32,8.52,16304.39
2021-02-05,Store_10,155305,Home_Garden,1,Super_Bowl,0.0,36.1,3.34,215.26,8.42,17285.96
2021-02-12,Store_10,155305,Home_Garden,1,Super_Bowl,0.26,34.6,3.46,216.89,8.55,25311.83
2021-02-19,Store_10,155305,Home_Garden,0,None,0.0,38.3,3.44,216.23,8.36,16081.29
2021-02-26,Store_10,155305,Home_Garden,0,None,0.08,46.9,3.44,216.57,8.64,17770.27
2021-03-05,Store_10,155305,Home_Garden,0,None,0.0,41.5,3.49,216.02,8.42,16758.56
2021-03-12,Store_10,155305,Home_Garden,0,None,0.06,45.3,3.56,216.65,8.25,18452.08
2021-03-19,Store_10,155305,Home_Garden,0,None,0.0,45.8,3.54,217.17,8.22,16388.27
2021-03-26,Store_10,155305,Home_Garden,1,Easter,0.0,47.3,3.56,216.73,8.36,18646.32
2021-04-02,Store_10,155305,Home_Garden,1,Easter,0.0,52.0,3.64,217.69,8.27,19486.7
2021-04-09,Store_10,155305,Home_Garden,1,Easter,0.0,60.3,3.66,217.39,8.35,20304.65
2021-04-16,Store_10,155305,Home_Garden,0,None,0.0,59.9,3.65,217.74,8.31,22843.11
2021-04-23,Store_10,155305,Home_Garden,0,None,0.0,58.8,3.67,217.78,8.24,25548.53
2021-04-30,Store_10,155305,Home_Garden,0,None,0.0,64.4,3.73,219.2,8.14,24331.4
2021-05-07,Store_10,155305,Home_Garden,0,None,0.0,68.1,3.66,218.45,8.06,25325.93
2021-05-14,Store_10,155305,Home_Garden,0,None,0.0,70.0,3.68,218.12,8.15,26465.5
2021-05-21,Store_10,155305,Home_Garden,0,None,0.0,73.2,3.73,219.26,8.27,24670.05
2021-05-28,Store_10,155305,Home_Garden,0,None,0.0,72.2,3.76,218.43,8.18,25416.96
2021-06-04,Store_10,155305,Home_Garden,0,None,0.0,76.9,3.8,219.34,8.02,25201.79
2021-06-11,Store_10,155305,Home_Garden,0,None,0.0,83.5,3.86,218.44,8.15,25409.12
2021-06-18,Store_10,155305,Home_Garden,0,None,0.18,80.9,3.84,218.95,8.15,32258.06
2021-06-25,Store_10,155305,Home_Garden,0,None,0.0,81.1,3.79,219.91,8.01,25448.79
2021-07-02,Store_10,155305,Home_Garden,0,None,0.0,85.6,3.8,220.37,8.1,24598.4
2021-07-09,Store_10,155305,Home_Garden,0,None,0.0,85.9,3.75,220.28,8.07,25677.55
2021-07-16,Store_10,155305,Home_Garden,0,None,0.0,84.6,3.79,220.33,7.94,24447.91
2021-07-23,Store_10,155305,Home_Garden,0,None,0.0,85.6,3.78,220.43,8.07,19216.29
2021-07-30,Store_10,155305,Home_Garden,0,None,0.0,87.4,3.8,220.03,8.08,18985.98
2021-08-06,Store_10,155305,Home_Garden,0,None,0.0,83.0,3.73,220.6,8.11,17863.32
2021-08-13,Store_10,155305,Home_Garden,0,None,0.0,79.6,3.79,220.92,8.09,18143.92
2021-08-20,Store_10,155305,Home_Garden,0,None,0.0,83.9,3.82,221.87,7.83,16887.73
2021-08-27,Store_10,155305,Home_Garden,0,None,0.0,82.3,3.73,221.71,7.86,16359.02
2021-09-03,Store_10,155305,Home_Garden,1,Labor_Day,0.0,76.8,3.73,220.85,7.99,18014.86
2021-09-10,Store_10,155305,Home_Garden,1,Labor_Day,0.05,79.4,3.73,222.09,7.97,20392.7
2021-09-17,Store_10,155305,Home_Garden,0,None,0.0,67.8,3.65,221.92,7.96,15904.17
2021-09-24,Store_10,155305,Home_Garden,0,None,0.0,76.6,3.66,221.97,8.28,16059.8
2021-10-01,Store_10,155305,Home_Garden,0,None,0.0,69.1,3.62,222.81,7.93,14933.76
2021-10-08,Store_10,155305,Home_Garden,0,None,0.0,64.1,3.6,223.21,7.97,15995.54
2021-10-15,Store_10,155305,Home_Garden,0,None,0.0,61.8,3.53,223.35,7.94,14983.87
2021-10-22,Store_10,155305,Home_Garden,0,None,0.0,65.8,3.54,222.66,7.89,14843.25
2021-10-29,Store_10,155305,Home_Garden,0,None,0.0,56.5,3.54,223.11,7.78,14398.9
2021-11-05,Store_10,155305,Home_Garden,0,None,0.12,54.0,3.55,223.63,7.87,16611.55
2021-11-12,Store_10,155305,Home_Garden,0,None,0.11,46.3,3.49,224.14,7.7,16960.99
2021-11-19,Store_10,155305,Home_Garden,0,None,0.0,48.1,3.52,223.61,7.74,14460.05
2021-11-26,Store_10,155305,Home_Garden,1,Thanksgiving_BlackFriday,0.08,44.5,3.34,223.95,7.7,19711.51
2021-12-03,Store_10,155305,Home_Garden,0,None,0.0,41.2,3.39,223.68,7.74,13398.15
2021-12-10,Store_10,155305,Home_Garden,0,None,0.23,43.3,3.32,223.82,7.95,19437.1
2021-12-17,Store_10,155305,Home_Garden,0,None,0.0,36.2,3.38,225.02,7.51,14424.86
2021-12-24,Store_10,155305,Home_Garden,1,Christmas_Holiday,0.0,38.0,3.2,225.49,7.75,18941.2
2021-12-31,Store_10,155305,Home_Garden,1,Christmas_Holiday,0.09,36.5,3.16,224.96,7.51,21275.03
2022-01-07,Store_10,155305,Home_Garden,0,None,0.0,35.4,3.13,225.69,7.6,15034.95
2022-01-14,Store_10,155305,Home_Garden,0,None,0.0,37.9,3.02,225.57,7.74,15006.51
2022-01-21,Store_10,155305,Home_Garden,0,None,0.0,35.5,3.07,225.25,7.63,14832.38
2022-01-28,Store_10,155305,Home_Garden,0,None,0.0,32.3,3.02,225.95,7.49,15658.32
2022-02-04,Store_10,155305,Home_Garden,0,None,0.0,38.4,3.03,226.73,7.52,15336.06
2022-02-11,Store_10,155305,Home_Garden,1,Super_Bowl,0.0,39.1,3.0,226.14,7.64,16994.56
2022-02-18,Store_10,155305,Home_Garden,0,None,0.0,36.9,3.05,227.13,7.48,15830.63
2022-02-25,Store_10,155305,Home_Garden,0,None,0.0,37.2,2.97,225.23,7.56,17004.23
2022-03-04,Store_10,155305,Home_Garden,0,None,0.0,38.2,2.86,227.14,7.53,16055.16
2022-03-11,Store_10,155305,Home_Garden,0,None,0.0,47.2,2.81,226.97,7.44,17408.03
2022-03-18,Store_10,155305,Home_Garden,0,None,0.0,42.7,2.85,226.97,7.7,16171.63
2022-03-25,Store_10,155305,Home_Garden,1,Easter,0.0,49.3,2.74,227.35,7.54,20143.28
2022-04-01,Store_10,155305,Home_Garden,1,Easter,0.12,52.6,2.87,226.51,7.26,24124.3
2022-04-08,Store_10,155305,Home_Garden,1,Easter,0.0,56.4,2.81,227.58,7.46,20986.48
2022-04-15,Store_10,155305,Home_Garden,1,Easter,0.0,56.6,2.7,228.06,7.36,28449.83
2022-04-22,Store_10,155305,Home_Garden,0,None,0.0,59.4,2.62,228.82,7.5,24633.42
2022-04-29,Store_10,155305,Home_Garden,0,None,0.0,59.3,2.75,228.01,7.31,26402.3
2022-05-06,Store_10,155305,Home_Garden,0,None,0.0,66.7,2.66,228.06,7.37,25403.03
2022-05-13,Store_10,155305,Home_Garden,0,None,0.13,71.1,2.71,228.4,7.41,32475.68
2022-05-20,Store_10,155305,Home_Garden,0,None,0.0,70.0,2.56,229.3,7.43,25702.17
2022-05-27,Store_10,155305,Home_Garden,0,None,0.0,74.3,2.6,229.2,7.21,25857.29
2022-06-03,Store_10,155305,Home_Garden,0,None,0.0,76.0,2.62,228.97,7.28,25806.87
2022-06-10,Store_10,155305,Home_Garden,0,None,0.0,78.2,2.61,229.68,7.25,25726.92
2022-06-17,Store_10,155305,Home_Garden,0,None,0.0,79.9,2.58,229.66,7.22,25385.6
2022-06-24,Store_10,155305,Home_Garden,0,None,0.0,84.2,2.63,230.29,7.44,24553.88
2022-07-01,Store_10,155305,Home_Garden,0,None,0.22,78.7,2.55,229.65,7.29,36016.71
2022-07-08,Store_10,155305,Home_Garden,0,None,0.0,80.3,2.59,230.03,7.11,26661.44
2022-07-15,Store_10,155305,Home_Garden,0,None,0.0,83.8,2.61,230.19,7.31,25790.62
2022-07-22,Store_10,155305,Home_Garden,0,None,0.0,81.7,2.64,229.85,7.41,19151.98
2022-07-29,Store_10,155305,Home_Garden,0,None,0.0,82.2,2.65,230.92,7.29,20139.55
2022-08-05,Store_10,155305,Home_Garden,0,None,0.08,83.7,2.57,231.09,7.02,19951.87
2022-08-12,Store_10,155305,Home_Garden,0,None,0.0,81.6,2.56,231.16,7.11,18862.54
2022-08-19,Store_10,155305,Home_Garden,0,None,0.0,82.0,2.72,231.23,7.26,19400.09
2022-08-26,Store_10,155305,Home_Garden,0,None,0.0,82.8,2.69,230.83,7.05,19086.93
2022-09-02,Store_10,155305,Home_Garden,1,Labor_Day,0.16,76.2,2.65,231.52,7.15,23909.19
2022-09-09,Store_10,155305,Home_Garden,1,Labor_Day,0.0,80.9,2.78,231.75,7.17,18240.29
2022-09-16,Store_10,155305,Home_Garden,0,None,0.0,77.1,2.73,231.71,6.98,15662.47
2022-09-23,Store_10,155305,Home_Garden,0,None,0.0,66.4,2.81,232.23,7.05,16554.25
2022-09-30,Store_10,155305,Home_Garden,0,None,0.0,73.6,2.78,232.7,6.72,15882.98
2022-10-07,Store_10,155305,Home_Garden,0,None,0.21,69.2,2.91,233.64,6.92,21736.68
2022-10-14,Store_10,155305,Home_Garden,0,None,0.06,62.9,2.92,232.97,6.98,17335.49
2022-10-21,Store_10,155305,Home_Garden,0,None,0.18,58.5,2.85,233.21,6.87,19212.43
2022-10-28,Store_10,155305,Home_Garden,0,None,0.0,53.2,2.94,233.23,7.14,15627.14
2022-11-04,Store_10,155305,Home_Garden,0,None,0.0,52.2,2.95,232.5,6.82,14999.43
2022-11-11,Store_10,155305,Home_Garden,0,None,0.0,53.2,3.02,233.64,6.9,15218.37
2022-11-18,Store_10,155305,Home_Garden,0,None,0.23,48.6,2.94,233.88,6.94,21570.49
2022-11-25,Store_10,155305,Home_Garden,1,Thanksgiving_BlackFriday,0.22,46.8,3.06,235.27,7.06,26673.36
2022-12-02,Store_10,155305,Home_Garden,0,None,0.0,39.3,3.11,234.13,6.75,15323.63
2022-12-09,Store_10,155305,Home_Garden,0,None,0.0,40.0,3.0,234.57,7.0,15055.53
2022-12-16,Store_10,155305,Home_Garden,0,None,0.0,33.8,3.07,234.6,6.87,13713.98
2022-12-23,Store_10,155305,Home_Garden,1,Christmas_Holiday,0.0,34.9,3.06,234.22,6.75,19202.69
2022-12-30,Store_10,155305,Home_Garden,1,Christmas_Holiday,0.24,41.3,3.19,235.57,6.88,27335.19
2023-01-06,Store_10,155305,Home_Garden,0,None,0.0,36.3,3.27,235.57,6.84,15964.06
2023-01-13,Store_10,155305,Home_Garden,0,None,0.0,38.5,3.35,235.78,6.74,16002.36
2023-01-20,Store_10,155305,Home_Garden,0,None,0.0,35.7,3.31,235.12,6.79,16077.15
2023-01-27,Store_10,155305,Home_Garden,0,None,0.0,37.7,3.43,236.47,6.73,15978.72
2023-02-03,Store_10,155305,Home_Garden,0,None,0.24,35.3,3.31,235.26,6.76,22418.66
2023-02-10,Store_10,155305,Home_Garden,1,Super_Bowl,0.06,29.2,3.33,236.45,6.8,20774.15
2023-02-17,Store_10,155305,Home_Garden,0,None,0.19,34.9,3.44,237.44,6.88,21898.33
2023-02-24,Store_10,155305,Home_Garden,0,None,0.0,38.2,3.5,236.04,6.58,16298.92
2023-03-03,Store_10,155305,Home_Garden,0,None,0.0,37.8,3.51,236.45,6.9,17925.01
2023-03-10,Store_10,155305,Home_Garden,0,None,0.0,45.4,3.44,236.97,6.48,17537.86
2023-03-17,Store_10,155305,Home_Garden,0,None,0.06,47.1,3.57,236.86,6.64,19844.78
2023-03-24,Store_10,155305,Home_Garden,0,None,0.0,49.5,3.53,236.53,6.7,18833.75
2023-03-31,Store_10,155305,Home_Garden,1,Easter,0.0,50.4,3.66,237.53,6.65,20912.51
2023-04-07,Store_10,155305,Home_Garden,1,Easter,0.0,56.5,3.67,237.16,6.55,21134.51
2023-04-14,Store_10,155305,Home_Garden,1,Easter,0.23,58.0,3.63,238.12,6.57,40959.63
2023-04-21,Store_10,155305,Home_Garden,0,None,0.18,57.5,3.67,237.62,6.53,33065.68
2023-04-28,Store_10,155305,Home_Garden,0,None,0.0,61.0,3.66,239.04,6.5,25686.7
2023-05-05,Store_10,155305,Home_Garden,0,None,0.0,67.3,3.73,238.07,6.63,26300.62
2023-05-12,Store_10,155305,Home_Garden,0,None,0.0,73.2,3.79,238.49,6.56,26265.37
2023-05-19,Store_10,155305,Home_Garden,0,None,0.18,67.0,3.71,239.25,6.44,35214.68
2023-05-26,Store_10,155305,Home_Garden,0,None,0.0,74.4,3.8,238.42,6.59,27024.79
2023-06-02,Store_10,155305,Home_Garden,0,None,0.0,77.6,3.76,239.34,6.51,24383.28
2023-06-09,Store_10,155305,Home_Garden,0,None,0.0,78.5,3.75,240.08,6.55,25592.58
2023-06-16,Store_10,155305,Home_Garden,0,None,0.0,78.7,3.79,238.81,6.51,25236.98
2023-06-23,Store_10,155305,Home_Garden,0,None,0.25,89.3,3.75,239.9,6.35,35666.78
2023-06-30,Store_10,155305,Home_Garden,0,None,0.14,88.3,3.77,240.13,6.36,33495.12
2023-07-07,Store_10,155305,Home_Garden,0,None,0.0,88.3,3.74,240.58,6.48,27000.36
2023-07-14,Store_10,155305,Home_Garden,0,None,0.0,81.3,3.89,239.77,6.45,27465.95
2023-07-21,Store_10,155305,Home_Garden,0,None,0.0,86.5,3.79,239.92,6.37,20299.33
2023-07-28,Store_10,155305,Home_Garden,0,None,0.0,85.7,3.75,241.03,6.36,19517.67
2023-08-04,Store_10,155305,Home_Garden,0,None,0.0,86.8,3.78,241.11,6.46,20110.86
2023-08-11,Store_10,155305,Home_Garden,0,None,0.21,84.3,3.76,241.28,6.26,25408.52
2023-08-18,Store_10,155305,Home_Garden,0,None,0.0,83.1,3.74,241.52,6.36,18389.38
2023-08-25,Store_10,155305,Home_Garden,0,None,0.0,83.1,3.76,241.2,6.27,19041.83
2023-09-01,Store_10,155305,Home_Garden,1,Labor_Day,0.07,86.8,3.75,241.85,6.25,22307.99
2023-09-08,Store_10,155305,Home_Garden,1,Labor_Day,0.24,75.2,3.67,242.07,6.37,29387.08
2023-09-15,Store_10,155305,Home_Garden,0,None,0.17,75.4,3.64,241.76,6.32,23240.31
2023-09-22,Store_10,155305,Home_Garden,0,None,0.0,70.3,3.64,243.24,6.31,17432.49
2023-09-29,Store_10,155305,Home_Garden,0,None,0.0,74.1,3.51,242.74,6.34,19011.17
2023-10-06,Store_10,155305,Home_Garden,0,None,0.22,67.6,3.52,242.1,6.19,23432.08
2023-10-13,Store_10,155305,Home_Garden,0,None,0.0,61.9,3.64,243.21,6.24,16127.64
2023-10-20,Store_10,155305,Home_Garden,0,None,0.21,61.8,3.62,242.59,6.13,20837.56
2023-10-27,Store_10,155305,Home_Garden,0,None,0.0,56.9,3.5,243.66,6.18,16539.38
2023-11-03,Store_10,155305,Home_Garden,0,None,0.0,54.6,3.51,244.04,6.12,14640.05
2023-11-10,Store_10,155305,Home_Garden,0,None,0.0,57.2,3.46,243.24,6.12,16715.68
2023-11-17,Store_10,155305,Home_Garden,0,None,0.0,46.3,3.57,244.33,6.16,14742.41
2023-11-24,Store_10,155305,Home_Garden,1,Thanksgiving_BlackFriday,0.27,42.8,3.43,244.24,6.0,25469.12
2023-12-01,Store_10,155305,Home_Garden,0,None,0.0,43.5,3.34,244.64,6.27,15372.54
2023-12-08,Store_10,155305,Home_Garden,0,None,0.0,41.1,3.26,245.37,5.95,14868.84
2023-12-15,Store_10,155305,Home_Garden,0,None,0.06,41.5,3.19,244.49,5.91,15633.96
2023-12-22,Store_10,155305,Home_Garden,1,Christmas_Holiday,0.0,40.6,3.25,244.43,6.13,18686.34
2023-12-29,Store_10,155305,Home_Garden,1,Christmas_Holiday,0.0,33.4,3.16,244.56,6.08,20019.07
2021-01-01,Store_10,155305,Pharmacy,0,None,0.0,39.1,3.23,214.14,8.42,12139.69
2021-01-08,Store_10,155305,Pharmacy,0,None,0.0,34.6,3.27,214.91,8.48,12160.1
2021-01-15,Store_10,155305,Pharmacy,0,None,0.11,34.7,3.27,214.88,8.5,13190.07
2021-01-22,Store_10,155305,Pharmacy,0,None,0.0,33.0,3.26,215.73,8.48,11189.55
2021-01-29,Store_10,155305,Pharmacy,0,None,0.0,33.3,3.35,215.32,8.52,11828.97
2021-02-05,Store_10,155305,Pharmacy,1,Super_Bowl,0.0,36.0,3.34,215.26,8.42,12321.96
2021-02-12,Store_10,155305,Pharmacy,1,Super_Bowl,0.0,33.4,3.46,216.89,8.55,13078.18
2021-02-19,Store_10,155305,Pharmacy,0,None,0.0,39.1,3.44,216.23,8.36,12861.42
2021-02-26,Store_10,155305,Pharmacy,0,None,0.0,38.7,3.44,216.57,8.64,12382.46
2021-03-05,Store_10,155305,Pharmacy,0,None,0.0,37.1,3.49,216.02,8.42,12915.61
2021-03-12,Store_10,155305,Pharmacy,0,None,0.0,38.6,3.56,216.65,8.25,13069.94
2021-03-19,Store_10,155305,Pharmacy,0,None,0.0,45.1,3.54,217.17,8.22,14824.7
2021-03-26,Store_10,155305,Pharmacy,1,Easter,0.0,43.4,3.56,216.73,8.36,14533.6
2021-04-02,Store_10,155305,Pharmacy,1,Easter,0.0,54.0,3.64,217.69,8.27,13590.97
2021-04-09,Store_10,155305,Pharmacy,1,Easter,0.18,54.3,3.66,217.39,8.35,18253.0
2021-04-16,Store_10,155305,Pharmacy,0,None,0.0,57.9,3.65,217.74,8.31,15156.88
2021-04-23,Store_10,155305,Pharmacy,0,None,0.0,62.0,3.67,217.78,8.24,14825.15
2021-04-30,Store_10,155305,Pharmacy,0,None,0.0,63.0,3.73,219.2,8.14,15255.66
2021-05-07,Store_10,155305,Pharmacy,0,None,0.05,63.2,3.66,218.45,8.06,15317.97
2021-05-14,Store_10,155305,Pharmacy,0,None,0.1,65.7,3.68,218.12,8.15,16746.73
2021-05-21,Store_10,155305,Pharmacy,0,None,0.0,73.8,3.73,219.26,8.27,15055.74
2021-05-28,Store_10,155305,Pharmacy,0,None,0.0,77.7,3.76,218.43,8.18,13828.79
2021-06-04,Store_10,155305,Pharmacy,0,None,0.0,82.9,3.8,219.34,8.02,15731.87
2021-06-11,Store_10,155305,Pharmacy,0,None,0.0,76.8,3.86,218.44,8.15,14760.31
2021-06-18,Store_10,155305,Pharmacy,0,None,0.0,78.4,3.84,218.95,8.15,15772.08
2021-06-25,Store_10,155305,Pharmacy,0,None,0.0,83.0,3.79,219.91,8.01,15873.02
2021-07-02,Store_10,155305,Pharmacy,0,None,0.0,87.9,3.8,220.37,8.1,15410.29
2021-07-09,Store_10,155305,Pharmacy,0,None,0.0,87.8,3.75,220.28,8.07,15435.23
2021-07-16,Store_10,155305,Pharmacy,0,None,0.0,80.6,3.79,220.33,7.94,14439.19
2021-07-23,Store_10,155305,Pharmacy,0,None,0.0,83.0,3.78,220.43,8.07,15057.44
2021-07-30,Store_10,155305,Pharmacy,0,None,0.0,82.1,3.8,220.03,8.08,15073.39
2021-08-06,Store_10,155305,Pharmacy,0,None,0.0,87.0,3.73,220.6,8.11,14315.54
2021-08-13,Store_10,155305,Pharmacy,0,None,0.0,82.7,3.79,220.92,8.09,14459.01
2021-08-20,Store_10,155305,Pharmacy,0,None,0.0,85.8,3.82,221.87,7.83,14424.89
2021-08-27,Store_10,155305,Pharmacy,0,None,0.08,83.5,3.73,221.71,7.86,14289.2
2021-09-03,Store_10,155305,Pharmacy,1,Labor_Day,0.28,80.5,3.73,220.85,7.99,17028.33
2021-09-10,Store_10,155305,Pharmacy,1,Labor_Day,0.0,77.5,3.73,222.09,7.97,14692.8
2021-09-17,Store_10,155305,Pharmacy,0,None,0.13,76.1,3.65,221.92,7.96,13846.12
2021-09-24,Store_10,155305,Pharmacy,0,None,0.2,76.7,3.66,221.97,8.28,15453.65
2021-10-01,Store_10,155305,Pharmacy,0,None,0.0,70.3,3.62,222.81,7.93,12616.67
2021-10-08,Store_10,155305,Pharmacy,0,None,0.0,67.0,3.6,223.21,7.97,12556.67
2021-10-15,Store_10,155305,Pharmacy,0,None,0.0,56.5,3.53,223.35,7.94,12466.37
2021-10-22,Store_10,155305,Pharmacy,0,None,0.09,64.8,3.54,222.66,7.89,13740.01
2021-10-29,Store_10,155305,Pharmacy,0,None,0.0,57.0,3.54,223.11,7.78,11712.48
2021-11-05,Store_10,155305,Pharmacy,0,None,0.0,53.4,3.55,223.63,7.87,11742.67
2021-11-12,Store_10,155305,Pharmacy,0,None,0.0,53.6,3.49,224.14,7.7,11199.05
2021-11-19,Store_10,155305,Pharmacy,0,None,0.0,47.2,3.52,223.61,7.74,10890.59
2021-11-26,Store_10,155305,Pharmacy,1,Thanksgiving_BlackFriday,0.0,45.8,3.34,223.95,7.7,13086.74
2021-12-03,Store_10,155305,Pharmacy,0,None,0.0,47.3,3.39,223.68,7.74,11806.24
2021-12-10,Store_10,155305,Pharmacy,0,None,0.08,44.8,3.32,223.82,7.95,12264.1
2021-12-17,Store_10,155305,Pharmacy,0,None,0.0,37.5,3.38,225.02,7.51,12050.94
2021-12-24,Store_10,155305,Pharmacy,1,Christmas_Holiday,0.0,38.6,3.2,225.49,7.75,11519.56
2021-12-31,Store_10,155305,Pharmacy,1,Christmas_Holiday,0.0,33.7,3.16,224.96,7.51,13109.18
2022-01-07,Store_10,155305,Pharmacy,0,None,0.0,31.3,3.13,225.69,7.6,11782.17
2022-01-14,Store_10,155305,Pharmacy,0,None,0.0,30.1,3.02,225.57,7.74,12122.12
2022-01-21,Store_10,155305,Pharmacy,0,None,0.0,33.0,3.07,225.25,7.63,12586.35
2022-01-28,Store_10,155305,Pharmacy,0,None,0.05,35.4,3.02,225.95,7.49,12871.45
2022-02-04,Store_10,155305,Pharmacy,0,None,0.0,33.3,3.03,226.73,7.52,12552.42
2022-02-11,Store_10,155305,Pharmacy,1,Super_Bowl,0.13,44.7,3.0,226.14,7.64,15568.68
2022-02-18,Store_10,155305,Pharmacy,0,None,0.24,33.2,3.05,227.13,7.48,14437.59
2022-02-25,Store_10,155305,Pharmacy,0,None,0.0,41.0,2.97,225.23,7.56,13192.89
2022-03-04,Store_10,155305,Pharmacy,0,None,0.0,37.1,2.86,227.14,7.53,14036.18
2022-03-11,Store_10,155305,Pharmacy,0,None,0.0,44.4,2.81,226.97,7.44,13587.28
2022-03-18,Store_10,155305,Pharmacy,0,None,0.0,49.1,2.85,226.97,7.7,14029.65
2022-03-25,Store_10,155305,Pharmacy,1,Easter,0.0,50.4,2.74,227.35,7.54,15910.55
2022-04-01,Store_10,155305,Pharmacy,1,Easter,0.17,51.9,2.87,226.51,7.26,17722.29
2022-04-08,Store_10,155305,Pharmacy,1,Easter,0.15,56.1,2.81,227.58,7.46,16561.41
2022-04-15,Store_10,155305,Pharmacy,1,Easter,0.25,56.4,2.7,228.06,7.36,18163.19
2022-04-22,Store_10,155305,Pharmacy,0,None,0.0,54.7,2.62,228.82,7.5,15240.38
2022-04-29,Store_10,155305,Pharmacy,0,None,0.0,61.7,2.75,228.01,7.31,15856.21
2022-05-06,Store_10,155305,Pharmacy,0,None,0.0,68.9,2.66,228.06,7.37,15554.81
2022-05-13,Store_10,155305,Pharmacy,0,None,0.0,66.8,2.71,228.4,7.41,16018.53
2022-05-20,Store_10,155305,Pharmacy,0,None,0.0,74.2,2.56,229.3,7.43,16783.62
2022-05-27,Store_10,155305,Pharmacy,0,None,0.0,73.8,2.6,229.2,7.21,16176.79
2022-06-03,Store_10,155305,Pharmacy,0,None,0.11,78.4,2.62,228.97,7.28,17719.04
2022-06-10,Store_10,155305,Pharmacy,0,None,0.0,77.0,2.61,229.68,7.25,17600.26
2022-06-17,Store_10,155305,Pharmacy,0,None,0.0,80.1,2.58,229.66,7.22,15684.96
2022-06-24,Store_10,155305,Pharmacy,0,None,0.0,81.8,2.63,230.29,7.44,15456.99
2022-07-01,Store_10,155305,Pharmacy,0,None,0.0,82.8,2.55,229.65,7.29,16055.23
2022-07-08,Store_10,155305,Pharmacy,0,None,0.0,87.2,2.59,230.03,7.11,15082.68
2022-07-15,Store_10,155305,Pharmacy,0,None,0.0,82.6,2.61,230.19,7.31,14594.48
2022-07-22,Store_10,155305,Pharmacy,0,None,0.1,88.1,2.64,229.85,7.41,15779.41
2022-07-29,Store_10,155305,Pharmacy,0,None,0.0,85.6,2.65,230.92,7.29,15248.84
2022-08-05,Store_10,155305,Pharmacy,0,None,0.0,80.2,2.57,231.09,7.02,14013.37
2022-08-12,Store_10,155305,Pharmacy,0,None,0.0,86.3,2.56,231.16,7.11,15846.24
2022-08-19,Store_10,155305,Pharmacy,0,None,0.0,80.6,2.72,231.23,7.26,14716.46
2022-08-26,Store_10,155305,Pharmacy,0,None,0.0,77.9,2.69,230.83,7.05,15235.82
2022-09-02,Store_10,155305,Pharmacy,1,Labor_Day,0.11,82.3,2.65,231.52,7.15,15352.41
2022-09-09,Store_10,155305,Pharmacy,1,Labor_Day,0.07,76.1,2.78,231.75,7.17,14032.49
2022-09-16,Store_10,155305,Pharmacy,0,None,0.0,78.3,2.73,231.71,6.98,13008.23
2022-09-23,Store_10,155305,Pharmacy,0,None,0.0,69.7,2.81,232.23,7.05,13663.06
2022-09-30,Store_10,155305,Pharmacy,0,None,0.29,66.0,2.78,232.7,6.72,16245.41
2022-10-07,Store_10,155305,Pharmacy,0,None,0.0,68.8,2.91,233.64,6.92,12731.62
2022-10-14,Store_10,155305,Pharmacy,0,None,0.0,62.2,2.92,232.97,6.98,12232.97
2022-10-21,Store_10,155305,Pharmacy,0,None,0.0,56.8,2.85,233.21,6.87,12401.33
2022-10-28,Store_10,155305,Pharmacy,0,None,0.0,56.0,2.94,233.23,7.14,12341.96
2022-11-04,Store_10,155305,Pharmacy,0,None,0.0,54.1,2.95,232.5,6.82,11187.55
2022-11-11,Store_10,155305,Pharmacy,0,None,0.0,47.9,3.02,233.64,6.9,11149.33
2022-11-18,Store_10,155305,Pharmacy,0,None,0.0,46.1,2.94,233.88,6.94,11964.76
2022-11-25,Store_10,155305,Pharmacy,1,Thanksgiving_BlackFriday,0.0,47.5,3.06,235.27,7.06,11890.03
2022-12-02,Store_10,155305,Pharmacy,0,None,0.18,38.7,3.11,234.13,6.75,12883.94
2022-12-09,Store_10,155305,Pharmacy,0,None,0.0,44.1,3.0,234.57,7.0,12202.63
2022-12-16,Store_10,155305,Pharmacy,0,None,0.0,40.6,3.07,234.6,6.87,11430.17
2022-12-23,Store_10,155305,Pharmacy,1,Christmas_Holiday,0.0,39.7,3.06,234.22,6.75,14244.52
2022-12-30,Store_10,155305,Pharmacy,1,Christmas_Holiday,0.3,33.0,3.19,235.57,6.88,16598.53
2023-01-06,Store_10,155305,Pharmacy,0,None,0.0,34.0,3.27,235.57,6.84,13134.35
2023-01-13,Store_10,155305,Pharmacy,0,None,0.0,35.6,3.35,235.78,6.74,12789.19
2023-01-20,Store_10,155305,Pharmacy,0,None,0.0,34.6,3.31,235.12,6.79,11948.96
2023-01-27,Store_10,155305,Pharmacy,0,None,0.0,36.3,3.43,236.47,6.73,13184.93
2023-02-03,Store_10,155305,Pharmacy,0,None,0.0,37.3,3.31,235.26,6.76,12707.39
2023-02-10,Store_10,155305,Pharmacy,1,Super_Bowl,0.19,37.4,3.33,236.45,6.8,15854.01
2023-02-17,Store_10,155305,Pharmacy,0,None,0.0,43.2,3.44,237.44,6.88,14189.11
2023-02-24,Store_10,155305,Pharmacy,0,None,0.0,42.1,3.5,236.04,6.58,14122.19
2023-03-03,Store_10,155305,Pharmacy,0,None,0.0,36.8,3.51,236.45,6.9,14079.73
2023-03-10,Store_10,155305,Pharmacy,0,None,0.0,47.5,3.44,236.97,6.48,14590.9
2023-03-17,Store_10,155305,Pharmacy,0,None,0.08,46.3,3.57,236.86,6.64,15346.36
2023-03-24,Store_10,155305,Pharmacy,0,None,0.0,47.4,3.53,236.53,6.7,14969.28
2023-03-31,Store_10,155305,Pharmacy,1,Easter,0.0,59.5,3.66,237.53,6.65,15182.3
2023-04-07,Store_10,155305,Pharmacy,1,Easter,0.0,53.9,3.67,237.16,6.55,15866.34
2023-04-14,Store_10,155305,Pharmacy,1,Easter,0.11,58.8,3.63,238.12,6.57,16627.29
2023-04-21,Store_10,155305,Pharmacy,0,None,0.0,59.9,3.67,237.62,6.53,14791.75
2023-04-28,Store_10,155305,Pharmacy,0,None,0.0,59.8,3.66,239.04,6.5,15165.06
2023-05-05,Store_10,155305,Pharmacy,0,None,0.0,66.4,3.73,238.07,6.63,15821.4
2023-05-12,Store_10,155305,Pharmacy,0,None,0.24,70.7,3.79,238.49,6.56,18055.41
2023-05-19,Store_10,155305,Pharmacy,0,None,0.3,73.5,3.71,239.25,6.44,20391.35
2023-05-26,Store_10,155305,Pharmacy,0,None,0.25,73.3,3.8,238.42,6.59,18788.39
2023-06-02,Store_10,155305,Pharmacy,0,None,0.0,76.6,3.76,239.34,6.51,16137.66
2023-06-09,Store_10,155305,Pharmacy,0,None,0.0,83.8,3.75,240.08,6.55,16347.25
2023-06-16,Store_10,155305,Pharmacy,0,None,0.0,76.6,3.79,238.81,6.51,17195.97
2023-06-23,Store_10,155305,Pharmacy,0,None,0.23,77.7,3.75,239.9,6.35,20376.0
2023-06-30,Store_10,155305,Pharmacy,0,None,0.0,85.6,3.77,240.13,6.36,15995.42
2023-07-07,Store_10,155305,Pharmacy,0,None,0.0,82.3,3.74,240.58,6.48,16494.45
2023-07-14,Store_10,155305,Pharmacy,0,None,0.0,82.5,3.89,239.77,6.45,15354.85
2023-07-21,Store_10,155305,Pharmacy,0,None,0.0,87.2,3.79,239.92,6.37,15229.76
2023-07-28,Store_10,155305,Pharmacy,0,None,0.0,86.5,3.75,241.03,6.36,14177.69
2023-08-04,Store_10,155305,Pharmacy,0,None,0.0,83.8,3.78,241.11,6.46,15507.44
2023-08-11,Store_10,155305,Pharmacy,0,None,0.0,85.4,3.76,241.28,6.26,15368.5
2023-08-18,Store_10,155305,Pharmacy,0,None,0.0,83.4,3.74,241.52,6.36,15674.07
2023-08-25,Store_10,155305,Pharmacy,0,None,0.0,78.9,3.76,241.2,6.27,14426.29
2023-09-01,Store_10,155305,Pharmacy,1,Labor_Day,0.0,74.0,3.75,241.85,6.25,15342.13
2023-09-08,Store_10,155305,Pharmacy,1,Labor_Day,0.28,75.4,3.67,242.07,6.37,18460.82
2023-09-15,Store_10,155305,Pharmacy,0,None,0.12,69.3,3.64,241.76,6.32,15077.57
2023-09-22,Store_10,155305,Pharmacy,0,None,0.27,64.0,3.64,243.24,6.31,17899.57
2023-09-29,Store_10,155305,Pharmacy,0,None,0.0,61.4,3.51,242.74,6.34,13954.65
2023-10-06,Store_10,155305,Pharmacy,0,None,0.11,72.9,3.52,242.1,6.19,13712.25
2023-10-13,Store_10,155305,Pharmacy,0,None,0.0,66.4,3.64,243.21,6.24,13178.1
2023-10-20,Store_10,155305,Pharmacy,0,None,0.0,56.9,3.62,242.59,6.13,13458.15
2023-10-27,Store_10,155305,Pharmacy,0,None,0.0,59.5,3.5,243.66,6.18,12714.2
2023-11-03,Store_10,155305,Pharmacy,0,None,0.0,48.6,3.51,244.04,6.12,12622.44
2023-11-10,Store_10,155305,Pharmacy,0,None,0.0,52.1,3.46,243.24,6.12,12411.45
2023-11-17,Store_10,155305,Pharmacy,0,None,0.0,49.9,3.57,244.33,6.16,12327.66
2023-11-24,Store_10,155305,Pharmacy,1,Thanksgiving_BlackFriday,0.0,43.1,3.43,244.24,6.0,13484.6
2023-12-01,Store_10,155305,Pharmacy,0,None,0.0,48.0,3.34,244.64,6.27,11917.1
2023-12-08,Store_10,155305,Pharmacy,0,None,0.0,45.7,3.26,245.37,5.95,12511.84
2023-12-15,Store_10,155305,Pharmacy,0,None,0.0,40.5,3.19,244.49,5.91,12270.04
2023-12-22,Store_10,155305,Pharmacy,1,Christmas_Holiday,0.0,38.6,3.25,244.43,6.13,13170.09
2023-12-29,Store_10,155305,Pharmacy,1,Christmas_Holiday,0.27,38.5,3.16,244.56,6.08,17413.98
